date	actual	predicted
2022-08-01	2.0	2.639613820980344
2022-08-01	2.0	1.9004770035892684
2022-08-01	0.0	0.002191910557208428
2022-08-01	0.0	0.5929019887753384
2022-08-01	2.0	1.829635560143951
2022-08-01	2.0	4.0686624165583885
2022-08-01	0.0	0.014515313329765684
2022-08-01	0.0	0.01502645444477596
2022-08-01	1.0	2.8496454522428243
2022-08-01	4.0	6.094281287330576
2022-08-01	10.0	4.871581382825089
2022-08-01	0.0	0.1240032962060279
2022-08-01	37.5	37.06777593516436
2022-08-01	4.0	6.366857433626754
2022-08-01	7.0	3.268269224746054
2022-08-01	0.0	0.0014141540696806867
2022-08-01	0.0	0.003237349964478015
2022-08-01	0.0	0.0012489208926773658
2022-08-01	2.0	5.310239234101733
2022-08-01	2.0	3.682387285421655
2022-08-01	5.0	9.741004743039639
2022-08-01	15.0	5.190901401280267
2022-08-01	37.5	21.249975826584247
2022-08-01	0.0	0.07376211633542047
2022-08-01	0.0	0.5247436274206392
2022-08-01	0.0	0.5467322274273114
2022-08-01	32.0	16.813985261402607
2022-08-01	3.0	9.539064649600768
2022-08-01	8.0	8.714994747183534
2022-08-01	0.0	0.0012622458185460096
2022-08-01	1.0	2.903469225335616
2022-08-01	13.0	14.821989417192048
2022-08-01	0.0	0.006551483710936801
2022-08-01	37.5	36.258629009621096
2022-08-01	0.0	0.007838050813194877
2022-08-01	0.0	1.3942908998151233
2022-08-01	0.0	0.017312899097218986
2022-08-01	0.0	0.0540215445430529
2022-08-01	0.0	1.8999257488998573
2022-08-01	15.0	12.08447827476997
2022-08-01	0.0	0.005937862969907837
2022-08-01	3.0	4.53977204257888
2022-08-01	0.0	1.357991798253918
2022-08-01	0.0	0.031507275587911006
2022-08-01	3.0	3.7631190017768548
2022-08-01	0.0	0.9170920892034238
2022-08-01	2.0	5.196809098652239
2022-08-01	2.0	2.858072883454455
2022-08-01	0.0	0.0012489208926773658
2022-08-01	0.0	0.21528618036419772
2022-08-01	0.0	0.002485389222619802
2022-08-01	2.0	3.583801660253469
2022-08-01	0.0	0.0012436915886930848
2022-08-01	1.0	1.7361346489467961
2022-08-01	0.0	0.13225469951277297
2022-08-01	2.0	4.365043854224233
2022-08-01	10.0	14.167966041906471
2022-08-01	4.0	4.9707743465383905
2022-08-01	0.0	0.028006681688425208
2022-08-01	0.0	0.0024711772519548703
2022-08-01	0.0	0.06568802884681252
2022-08-01	1.0	1.9961219189490014
2022-08-01	1.0	1.4219261615767782
2022-08-01	3.0	2.98284239315882
2022-08-01	3.0	5.17987324307988
2022-08-01	0.0	0.025633030957601284
2022-08-01	0.0	0.0021748464573084695
2022-08-01	1.0	1.882295728668338
2022-08-01	0.0	0.023430070671268205
2022-08-01	11.0	17.534561070067546
2022-08-01	0.0	0.007354623738624257
2022-08-01	17.0	4.42753565812848
2022-08-01	12.0	34.686780328086115
2022-08-01	0.0	1.3386522146370412
2022-08-01	0.0	0.02316881271732342
2022-08-01	2.0	2.72460617269613
2022-08-01	2.0	2.724308153025774
2022-08-01	0.0	2.5645091536645297
2022-08-01	10.0	20.059062281962667
2022-08-01	1.0	2.210400388032896
2022-08-01	0.0	0.001718463006797942
2022-08-01	0.0	0.1656821704579167
2022-08-01	15.0	15.490982053284275
2022-08-01	5.0	2.484830710566717
2022-08-01	0.0	0.01286971932556014
2022-08-01	0.0	0.6792859603921306
2022-08-01	4.0	3.6211626218704946
2022-08-01	3.0	6.179811644258933
2022-08-01	8.0	3.062127879730223
2022-08-01	0.0	0.001952818058388414
2022-08-01	1.0	9.601460976318538
2022-08-01	37.5	36.948982919418874
2022-08-01	26.0	20.208850486675843
2022-08-01	1.0	2.208009894178364
2022-08-01	4.0	5.361774268139886
2022-08-01	1.0	6.271968992580213
2022-08-01	1.0	1.8165628223808117
2022-08-01	0.0	0.005018654500961898
2022-08-01	0.0	0.0012489208926773658
2022-08-01	2.0	3.854389882639974
2022-08-01	0.0	0.1290889331144271
2022-08-01	0.0	0.0166512579674534
2022-08-01	2.0	4.90808815397981
2022-08-01	17.0	29.303231301747726
2022-08-01	0.0	2.1194425774104872
2022-08-01	0.0	0.0840294668563305
2022-08-01	0.0	0.21951960519729347
2022-08-01	1.0	3.6769636574053797
2022-08-01	0.0	0.047144853208935994
2022-08-01	15.0	33.83389365008664
2022-08-01	0.0	0.0012436915886930848
2022-08-01	0.0	0.6916459612602582
2022-08-01	0.0	0.03441735643372329
2022-08-01	0.0	0.005222041875090094
2022-08-01	2.0	8.025098937545742
2022-08-01	0.0	0.05312294113219349
2022-08-01	2.0	3.2952042569783915
2022-08-01	0.0	0.010708896932849168
2022-08-01	1.0	5.636011286677457
2022-08-01	3.0	6.603970079092672
2022-08-01	15.0	8.815281805678532
2022-08-01	1.0	1.9490281614058296
2022-08-01	0.0	0.5050168590935711
2022-08-01	0.0	0.5021398834878515
2022-08-01	2.0	5.464823191856014
2022-08-01	0.0	0.5225770989901217
2022-08-01	37.5	37.16073216573203
2022-08-01	18.0	20.777840862478318
2022-08-01	17.0	20.83416439684238
2022-08-01	0.0	0.0035299251843175575
2022-08-01	0.0	0.6341242909608844
2022-08-01	0.0	1.234879307855391
2022-08-01	0.0	0.12496720240441711
2022-08-01	4.0	2.4135450905307994
2022-08-01	0.0	0.017517645798574826
2022-08-01	0.0	0.005620585605124253
2022-08-01	7.0	4.606026325788855
2022-08-01	4.0	2.7898681009336483
2022-08-01	21.0	5.077293026505436
2022-08-01	1.0	3.2062832402655856
2022-08-01	11.0	10.458060771819767
2022-08-01	0.0	0.03553828858788834
2022-08-01	10.0	3.0732261765855586
2022-08-01	0.0	0.005345551274103882
2022-08-01	9.0	12.453782143555461
2022-08-01	16.0	4.024140109054059
2022-08-01	0.0	3.4708753042914324
2022-08-01	1.0	0.5192711721694531
2022-08-01	0.0	0.004905774862195663
2022-08-01	1.0	1.9662981122415006
2022-08-01	17.0	12.021062494212185
2022-08-01	0.0	0.25457633650538586
2022-08-01	0.0	0.0070898802986595405
2022-08-01	1.0	0.2444662067044649
2022-08-01	0.0	0.0012274856790628983
2022-08-01	1.0	6.848643045975596
2022-08-01	3.0	3.443269245260476
2022-08-01	9.0	5.90380796103084
2022-08-01	0.0	0.013319230654679807
2022-08-01	0.0	0.001147102217919931
2022-08-01	0.0	0.001598449431108872
2022-08-01	1.0	2.7478623835782057
2022-08-01	5.0	5.088239576974108
2022-08-01	1.0	8.246576933581217
2022-08-01	0.0	0.04127092404721266
2022-08-01	0.0	0.0012489208926773658
2022-08-01	0.0	0.003242888978546951
2022-08-01	0.0	0.006146291917601383
2022-08-01	0.0	0.010946480062482724
2022-08-01	1.0	3.904571018754555
2022-08-01	0.0	2.2917956051599435
2022-08-01	1.0	2.390967343434764
2022-08-01	0.0	0.03414608774117504
2022-08-01	2.0	2.4466043623933604
2022-08-01	0.0	0.05749840455423078
2022-08-01	0.0	0.0389299912070091
2022-08-01	0.0	1.9440209339458516
2022-08-01	2.0	1.3598952950542473
2022-08-01	1.0	6.136324110155069
2022-08-01	0.0	0.1040095435888694
2022-08-01	0.0	0.039806327176905305
2022-08-01	0.0	0.03763379688370013
2022-08-01	6.0	2.076964589079196
2022-08-01	0.0	0.02662775964538265
2022-08-01	2.0	4.372495340826582
2022-08-01	0.0	0.031038314221226528
2022-08-01	0.0	0.052620467747784526
2022-08-01	1.0	1.7564764322701163
2022-08-01	0.0	0.3591284503413616
2022-08-01	0.0	0.028434640242415564
2022-08-01	0.0	0.10890977409532417
2022-08-01	0.0	0.008515568403672083
2022-08-01	0.0	0.014472569817132791
2022-08-01	6.0	8.14296853039879
2022-08-01	3.0	7.324956837662883
2022-08-01	3.0	0.6671230355787142
2022-08-01	0.0	0.05303962657846853
2022-08-01	37.5	36.485396234094395
2022-08-01	1.0	1.664150583750128
2022-08-01	0.0	0.008568392880032574
2022-08-01	20.0	17.069291620741286
2022-08-01	37.5	25.801065987317273
2022-08-01	8.0	4.286099014437213
2022-08-01	22.0	13.53373423036442
2022-08-01	1.0	4.297092670228841
2022-08-01	10.0	30.6272638750409
2022-08-01	18.0	12.273869384234722
2022-08-01	3.0	6.114163038808912
2022-08-01	0.0	0.03959016847883527
2022-08-01	0.0	0.0019683026757377
2022-08-01	0.0	0.01957051413619262
2022-08-01	12.0	4.68508995214769
2022-08-01	0.0	0.03410534851374755
2022-08-01	0.0	0.07274540291506902
2022-08-01	37.5	35.487445932783146
2022-08-01	4.0	6.5252012627141145
2022-08-01	0.0	0.0014368269932048495
2022-08-01	4.0	2.371342843652582
2022-08-01	1.0	2.20879170112923
2022-08-01	2.0	2.372495981512632
2022-08-01	0.0	0.06728722016586945
2022-08-01	0.0	0.8922155021578235
2022-08-01	2.0	2.7092574731464554
2022-08-01	24.0	33.092348909704796
2022-08-01	1.0	2.010183337826306
2022-08-01	4.0	1.796602064502038
2022-08-01	1.0	1.5930592130181294
2022-08-01	0.0	0.010121347613194201
2022-08-01	0.0	0.07523662453400015
2022-08-01	4.0	2.5841424414105316
2022-08-01	0.0	0.05213179079110565
2022-08-01	21.0	10.494093057191323
2022-08-01	1.0	2.3188987945149897
2022-08-01	0.0	0.0358787025652728
2022-08-01	23.0	6.38631735538906
2022-08-01	13.0	24.770409175490613
2022-08-01	0.0	0.015912359264843808
2022-08-01	0.0	0.0022635730775637133
2022-08-01	0.0	0.014354771852235448
2022-08-01	10.0	3.9280249342665066
2022-08-01	2.0	3.239582235014553
2022-08-01	0.0	0.003910771717415195
2022-08-01	0.0	0.28425424198914595
2022-08-01	0.0	0.09434515565572904
2022-08-01	0.0	2.5298512568825497
2022-08-01	0.0	0.015604693200387345
2022-08-01	0.0	0.1286521818044457
2022-08-01	1.0	4.463269587425206
2022-08-01	5.0	8.290075177219784
2022-08-01	5.0	9.986536659054504
2022-08-01	1.0	4.465732437736373
2022-08-01	0.0	0.0016919287142321269
2022-08-01	0.0	0.044575680911670065
2022-08-01	28.0	25.437085579816596
2022-08-01	0.0	0.02600171013725732
2022-08-01	0.0	0.08532335672840002
2022-08-01	4.0	3.35919127972488
2022-08-01	36.0	27.72719373269051
2022-08-01	2.0	1.6105078667455759
2022-08-01	2.0	2.7682856432414504
2022-08-01	2.0	3.668806630972163
2022-08-01	2.0	5.112448853107514
2022-08-01	2.0	5.204225605277512
2022-08-01	2.0	1.9898860927110784
2022-08-01	0.0	1.2151032048657426
2022-08-01	4.0	4.426621913568009
2022-08-01	15.0	2.903232467255475
2022-08-01	0.0	5.150053651138248
2022-08-01	1.0	1.6032893286905137
2022-08-01	16.0	13.263701750081307
2022-08-01	17.0	3.508425721470999
2022-08-01	0.0	0.22638569845101664
2022-08-01	0.0	0.1359677626612374
2022-08-01	3.0	10.61702356645582
2022-08-01	2.0	2.876282708942316
2022-08-01	1.0	1.9514924717440092
2022-08-01	4.0	2.692709055292387
2022-08-01	0.0	0.10807265782420625
2022-08-01	9.0	9.094037438670192
2022-08-01	0.0	0.005580185272517734
2022-08-01	0.0	0.24755048943173158
2022-08-01	0.0	0.07051130970129688
2022-08-01	0.0	0.016669487537054203
2022-08-01	15.0	7.122475033926582
2022-08-01	12.0	13.743707919129054
2022-08-01	2.0	1.6515563452049358
2022-08-01	1.0	1.3722883078567696
2022-08-01	0.0	0.48889555371340243
2022-08-01	2.0	5.115978860785021
2022-08-01	0.0	0.00126399947131692
2022-08-01	37.5	33.38106577667648
2022-08-01	11.0	7.305552631359927
2022-08-01	0.0	0.05444885211728039
2022-08-01	0.0	0.0012260776854605315
2022-08-01	1.0	2.967318937190756
2022-08-01	24.0	32.85179439428608
2022-08-01	0.0	0.2671054576544021
2022-08-01	12.0	26.750069949508624
2022-08-01	0.0	0.43469338479671793
2022-08-01	5.0	1.5937249256647863
2022-08-01	21.0	5.814172155491012
2022-08-01	0.0	0.03989220305640734
2022-08-01	0.0	0.008113262851234487
2022-08-01	0.0	3.9610558722008555
2022-08-01	37.5	26.894199681755744
2022-08-01	5.0	3.5899014376479585
2022-08-01	0.0	0.03028728371823967
2022-08-01	0.0	0.5635081894798503
2022-08-01	0.0	0.0014213423758555627
2022-08-01	0.0	0.0031785090378767845
2022-08-01	3.0	4.653301729286137
2022-08-01	1.0	5.326935513871146
2022-08-01	7.0	10.29610245320536
2022-08-01	2.0	2.3555906069405634
2022-08-01	13.0	8.353145519535097
2022-08-01	0.0	0.06615341818820578
2022-08-01	0.0	0.002195607631582304
2022-08-01	0.0	0.0027477177295356986
2022-08-01	2.0	3.182692229551714
2022-08-01	2.0	2.3351623962515484
2022-08-01	7.0	2.539447752400798
2022-08-01	27.0	24.900590666991825
2022-08-01	0.0	0.023477273195314976
2022-08-01	0.0	0.001817089851323547
2022-08-01	4.0	22.379603772639534
2022-08-01	5.0	3.871106739469213
2022-08-01	3.0	13.825387239590938
2022-08-01	2.0	4.902594925625164
2022-08-01	11.0	4.579649671061797
2022-08-01	0.0	0.0013315354163370794
2022-08-01	1.0	1.4442081558154483
2022-08-01	0.0	0.010181220339487181
2022-08-01	0.0	0.033214022018612864
2022-08-01	0.0	0.4654769241074445
2022-08-01	16.0	24.31613903939718
2022-08-01	0.0	0.001241338636263658
2022-08-01	4.0	16.957007771351535
2022-08-01	0.0	0.08555066347581042
2022-08-01	2.0	2.7136599489090663
2022-08-01	7.0	5.054535328387415
2022-08-01	0.0	0.10638495072243334
2022-08-01	10.0	3.2958499639807965
2022-08-01	0.0	0.12463622830852633
2022-08-01	1.0	2.662105372438378
2022-08-01	3.0	3.1393328753799445
2022-08-01	1.0	5.55681840628567
2022-08-01	0.0	0.001378771893156604
2022-08-01	0.0	0.07335723034092473
2022-08-01	0.0	0.0071105537335965285
2022-08-01	1.0	2.649008568617955
2022-08-01	0.0	0.0395781753396995
2022-08-01	9.0	3.2617515962600963
2022-08-01	8.0	3.4782539317088736
2022-08-01	9.0	4.936725082477499
2022-08-01	5.0	3.1657299255565365
2022-08-01	7.0	11.888300109060944
2022-08-01	3.0	2.1151853128823497
2022-08-01	0.0	0.0012485148539676336
2022-08-01	9.0	3.207518604135654
2022-08-01	6.0	4.619247321740515
2022-08-01	16.0	33.38014313678491
2022-08-01	5.0	10.630187541817776
2022-08-01	0.0	0.07318124515354038
2022-08-01	11.0	3.3460116031947127
2022-08-01	0.0	0.0028989351980045265
2022-08-01	0.0	0.07981605233994385
2022-08-01	0.0	0.0021793795871617484
2022-08-01	4.0	3.2588174442822315
2022-08-01	3.0	2.6465315920333925
2022-08-01	0.0	0.03539087636907745
2022-08-01	0.0	0.025289296019582234
2022-08-01	6.0	5.980527670416972
2022-08-01	6.0	6.747137031578287
2022-08-01	14.0	26.754120297200735
2022-08-01	0.0	0.005661356037618553
2022-08-01	7.0	5.17550847008468
2022-08-01	0.0	0.00539855129795776
2022-08-01	1.0	2.3859839901470687
2022-08-01	21.0	10.89498685643573
2022-08-01	2.0	9.280698232525678
2022-08-01	0.0	0.10415323299952134
2022-08-01	20.0	14.054547093985182
2022-08-01	37.5	22.668865670349394
2022-08-01	0.0	0.0022124628587211893
2022-08-01	5.0	3.8737577822517584
2022-08-01	1.0	2.4096656551517848
2022-08-01	0.0	0.09915261520942811
2022-08-01	14.0	3.5794189783551813
2022-08-01	1.0	2.454411254139169
2022-08-01	0.0	0.042429340334133495
2022-08-01	15.0	27.777113669390594
2022-08-01	0.0	0.023620592046441683
2022-08-01	0.0	0.0014213423758555627
2022-08-01	0.0	2.066831640684395
2022-08-01	2.0	1.9124564222329519
2022-08-01	0.0	0.008185255144902063
2022-08-01	7.0	26.100283637440043
2022-08-01	37.5	33.219022649390936
2022-08-01	1.0	1.742857134275006
2022-08-01	0.0	0.0012990951366903694
2022-08-01	0.0	0.05144629577258506
2022-08-01	12.0	16.344472037101834
2022-08-01	5.0	6.80017258254978
2022-08-01	1.0	1.7340890789626533
2022-08-01	37.5	34.28365764570189
2022-08-01	12.0	4.785176814290848
2022-08-01	0.0	0.002191910557208428
2022-08-01	37.5	34.9888476183654
2022-08-01	0.0	0.08293514729277815
2022-08-01	1.0	5.18549571415211
2022-08-01	0.0	0.6398986617741497
2022-08-01	6.0	9.393496297486212
2022-08-01	3.0	6.312794572782472
2022-08-01	0.0	0.5069561953130289
2022-08-01	0.0	0.004980118188073892
2022-08-01	0.0	0.00314436139950285
2022-08-01	4.0	2.5598710765381405
2022-08-01	2.0	3.90756529609615
2022-08-01	15.0	5.806717803909754
2022-08-01	22.0	7.8427884347874155
2022-08-01	0.0	0.0012489208926773658
2022-08-01	17.0	11.048256284348188
2022-08-01	14.0	37.04063041469456
2022-08-01	5.0	3.921814919843702
2022-08-01	11.0	31.457245946422507
2022-08-01	1.0	8.954247719868517
2022-08-01	0.0	4.364175235731784
2022-08-01	0.0	0.0012644055100266521
2022-08-01	2.0	2.4117394767576514
2022-08-01	0.0	0.025066240499498908
2022-08-01	1.0	2.1666251755574413
2022-08-01	37.5	30.387639009099786
2022-08-01	0.0	0.003143435150879152
2022-08-01	1.0	1.2581534224397857
2022-08-01	0.0	0.12937209443813802
2022-08-01	0.0	0.007910319185182296
2022-08-01	0.0	0.02808414013100965
2022-08-01	21.0	17.012222671640256
2022-08-01	6.0	2.527444961322095
2022-08-01	8.0	14.388495727340018
2022-08-01	3.0	18.613131111222817
2022-08-01	6.0	4.864656877818216
2022-08-01	1.0	1.779729022462628
2022-08-01	0.0	0.6375992129737872
2022-08-01	4.0	2.688601770882875
2022-08-01	0.0	0.0038110409703861325
2022-08-01	32.0	26.13953095671922
2022-08-01	12.0	9.211794870308275
2022-08-01	0.0	0.06118298974619131
2022-08-01	11.0	7.127294494035426
2022-08-01	0.0	0.24063025984030864
2022-08-01	2.0	2.1686702416880768
2022-08-01	7.0	1.1120957755966119
2022-08-01	1.0	2.723198418940904
2022-08-01	37.5	36.62867429369882
2022-08-01	20.0	22.048356725357163
2022-08-01	6.0	3.546754374896486
2022-08-01	0.0	0.0012436915886930848
2022-08-01	37.5	33.91134695777251
2022-08-01	3.0	17.003102368659704
2022-08-01	0.0	0.07930108953072346
2022-08-01	0.0	0.03240496273695767
2022-08-01	0.0	0.032439177792788
2022-08-01	1.0	1.5218657400721325
2022-08-01	0.0	0.0012489208926773658
2022-08-01	0.0	0.0024718269188768014
2022-08-01	0.0	0.007552218407454539
2022-08-01	0.0	0.6926591907545453
2022-08-01	6.0	4.252056014977061
2022-08-01	0.0	0.03004825563555462
2022-08-01	0.0	0.01003137942142229
2022-08-01	0.0	0.04130049689103216
2022-08-01	2.0	4.326207804235046
2022-08-01	0.0	3.2947733022505195
2022-08-01	17.0	14.73790273052598
2022-08-01	0.0	0.20915659427898686
2022-08-01	2.0	2.4409775374518863
2022-08-01	4.0	7.609869675837517
2022-08-01	5.0	3.4641569675524577
2022-08-01	0.0	0.02468601134063154
2022-08-01	0.0	0.36635532615401156
2022-08-01	0.0	0.013629717726131136
2022-08-01	10.0	14.697455032951005
2022-08-01	0.0	0.003424347062971961
2022-08-01	1.0	2.5407540768406744
2022-08-01	0.0	0.006150639161470139
2022-08-01	22.0	32.692137387359125
2022-08-01	0.0	0.6252612146192583
2022-08-01	3.0	2.759285193362799
2022-08-01	37.5	29.68848452447482
2022-08-01	0.0	0.009780592699760752
2022-08-01	0.0	0.020255715556183995
2022-08-01	34.0	29.49347134542201
2022-08-01	22.0	26.150831511741632
2022-08-01	4.0	2.682743585132345
2022-08-01	3.0	1.8163425802805828
2022-08-01	0.0	2.4974346757658528
2022-08-01	1.0	2.6182619977917008
2022-08-01	8.0	14.317685299760758
2022-08-01	2.0	3.557507416790928
2022-08-01	17.0	12.847252066260882
2022-08-01	0.0	0.004666815379906807
2022-08-01	0.0	0.020565073519885072
2022-08-01	0.0	0.12094168902519892
2022-08-01	0.0	1.0897760907141831
2022-08-01	0.0	0.3200100360662811
2022-08-01	0.0	0.06086537205010826
2022-08-01	13.0	5.715794541741566
2022-08-01	6.0	3.576605735222292
2022-08-01	0.0	0.0027716682245981575
2022-08-01	0.0	0.02718198008869655
2022-08-01	0.0	0.008239779583207658
2022-08-01	13.0	5.915602638048068
2022-08-01	37.5	34.454374058469575
2022-08-01	2.0	1.8525904338508936
2022-08-01	18.0	5.676107773357668
2022-08-01	0.0	1.215715363391239
2022-08-01	2.0	2.3168499775987943
2022-08-01	2.0	2.944507049203268
2022-08-01	0.0	0.9236760484640649
2022-08-01	4.0	5.916867336534475
2022-08-01	37.5	36.41418402055716
2022-08-01	15.0	2.9280355836937533
2022-08-01	2.0	6.441646594877266
2022-08-01	2.0	4.056357062757815
2022-08-01	6.0	3.558678677336056
2022-08-01	0.0	0.6347144747764981
2022-08-01	6.0	3.249624906708794
2022-08-01	1.0	2.2459130434463552
2022-08-01	0.0	0.0011689363685528857
2022-08-01	0.0	0.017029052820663384
2022-08-01	0.0	0.009916606725822587
2022-08-01	0.0	0.19548199998268395
2022-08-01	0.0	0.13755900800035858
2022-08-01	5.0	5.570648867260836
2022-08-01	0.0	0.004323135281860431
2022-08-01	6.0	11.31149350274427
2022-08-01	0.0	0.00126399947131692
2022-08-01	17.0	31.295769497930095
2022-08-01	0.0	0.004305021416751209
2022-08-01	25.0	5.2912866814725685
2022-08-01	0.0	0.1965584400245767
2022-08-01	37.5	35.12286682920045
2022-08-01	0.0	2.9742693339652155
2022-08-01	0.0	0.3063149308872677
2022-08-01	10.0	7.191584661573089
2022-08-01	0.0	0.6915710379674951
2022-08-01	0.0	0.002757081028202067
2022-08-01	0.0	0.06394567717894462
2022-08-01	22.0	13.915762541053557
2022-08-01	0.0	0.07024113244485868
2022-08-01	3.0	30.008227328268834
2022-08-01	0.0	0.014783577150018113
2022-08-01	0.0	1.2467300040380382
2022-08-01	0.0	0.005049292388357354
2022-08-01	0.0	0.2819924957352464
2022-08-01	19.0	27.76881675919526
2022-08-01	4.0	24.240829359943973
2022-08-01	37.5	34.49383852547869
2022-08-01	0.0	0.39694700780744957
2022-08-01	5.0	1.6018983921761718
2022-08-01	0.0	0.001231160618646405
2022-08-01	26.0	28.323217959683014
2022-08-01	0.0	0.01323105779206575
2022-08-01	28.0	30.41767396905032
2022-08-01	0.0	0.001241338636263658
2022-08-01	37.0	36.62867429369882
2022-08-01	37.5	25.309009304518195
2022-08-01	3.0	2.2562430997337106
2022-08-01	3.0	4.211667609435802
2022-08-01	1.0	2.616415853264039
2022-08-01	3.0	4.3867400989507
2022-08-01	7.0	6.477065427546753
2022-08-01	0.0	2.8927270720302647
2022-08-01	0.0	0.19626140830695646
2022-08-01	0.0	0.012779567195237318
2022-08-01	3.0	2.6778031031001865
2022-08-01	0.0	3.6624936359710993
2022-08-01	0.0	0.11474044193522805
2022-08-01	0.0	0.021965577010916452
2022-08-01	0.0	0.33712937289451317
2022-08-01	0.0	0.03365762877383201
2022-08-01	3.0	4.5628672972615165
2022-08-01	3.0	5.561907270831431
2022-08-01	2.0	3.0664364854824977
2022-08-01	0.0	0.11185340620469447
2022-08-01	3.0	5.446649548897717
2022-08-01	0.0	0.9004710235828901
2022-08-01	15.0	11.396126558612954
2022-08-01	0.0	0.0014016592392544721
2022-08-01	0.0	0.07710790789850853
2022-08-01	2.0	2.397515296386299
2022-08-01	2.0	1.4046870648774124
2022-08-01	0.0	0.010225395337386353
2022-08-01	0.0	0.028440469121545416
2022-08-01	0.0	0.011726437135120825
2022-08-01	0.0	0.003166575672971714
2022-08-01	0.0	0.15585495199389476
2022-08-01	2.0	3.834452959585041
2022-08-01	2.0	2.7165117532200296
2022-08-01	6.0	3.5718041916145626
2022-08-01	0.0	0.0012436915886930848
2022-08-01	1.0	1.9712989253042008
2022-08-01	1.0	4.285868179534422
2022-08-01	2.0	2.2400649305993268
2022-08-01	0.0	3.8480976866152856
2022-08-01	2.0	1.795948895199568
2022-08-01	0.0	2.0885018984697634
2022-08-01	0.0	0.07166224472941148
2022-08-01	0.0	0.14419495253729334
2022-08-01	9.0	9.320632989928445
2022-08-01	9.0	4.4267419853625345
2022-08-01	2.0	1.7475347515368682
2022-08-01	1.0	4.334319900910225
2022-08-01	0.0	0.030541554543050176
2022-08-01	7.0	11.29025324438095
2022-08-01	12.0	5.042418892100333
2022-08-01	2.0	5.5752851346590155
2022-08-01	0.0	1.4205772290069765
2022-08-01	3.0	4.871540539280663
2022-08-01	0.0	0.004707999431746731
2022-08-01	0.0	0.046019130172511406
2022-08-01	0.0	0.012903689373634217
2022-08-01	0.0	0.10563316610922643
2022-08-01	1.0	5.499359325978795
2022-08-01	32.0	30.257193114335063
2022-08-01	0.0	0.0019434604320567343
2022-08-01	0.0	0.010169133510207018
2022-08-01	13.0	8.174499199003368
2022-08-01	1.0	2.794177341616604
2022-08-01	8.0	32.26795328857489
2022-08-01	19.0	23.943786138404747
2022-08-01	4.0	13.977274816717756
2022-08-01	36.0	31.455332337781186
2022-08-01	0.0	0.07647969072101332
2022-08-01	1.0	1.6048424199630877
2022-08-01	0.0	0.03206610411214869
2022-08-01	2.0	3.382397915748729
2022-08-01	6.0	5.686858093974894
2022-08-01	0.0	0.6886415746288235
2022-08-01	0.0	3.343866398189196
2022-08-01	0.0	0.0012489208926773658
2022-08-01	1.0	7.568131923130192
2022-08-01	0.0	0.0411934524198525
2022-08-01	3.0	1.855821753059769
2022-09-01	1.0	3.5084448526383154
2022-09-01	0.0	0.03564863590029129
2022-09-01	1.0	2.780150257440684
2022-09-01	1.0	0.5272026718413036
2022-09-01	0.0	0.5093280975744088
2022-09-01	0.0	0.011295526285750042
2022-09-01	0.0	0.12808604775063076
2022-09-01	27.0	16.690683634090604
2022-09-01	0.0	0.05033102788557775
2022-09-01	0.0	0.004640752448359696
2022-09-01	0.0	0.28524928737921995
2022-09-01	19.0	10.182253752189116
2022-09-01	5.0	9.623904957569444
2022-09-01	0.0	0.11245549755958331
2022-09-01	3.0	9.165516222975528
2022-09-01	1.0	1.3828170207707686
2022-09-01	2.0	7.017649420504619
2022-09-01	1.0	1.236162309445453
2022-09-01	11.0	10.044456567887055
2022-09-01	0.0	0.004565666598310108
2022-09-01	0.0	0.07857206253366586
2022-09-01	0.0	0.23419087798098975
2022-09-01	1.0	2.216171956160256
2022-09-01	8.0	3.50527619423436
2022-09-01	0.0	0.0016062787982669892
2022-09-01	0.0	0.01352952574099775
2022-09-01	0.0	0.15139510781064897
2022-09-01	0.0	0.04355807889615312
2022-09-01	15.0	11.415905559184718
2022-09-01	0.0	1.16905948181688
2022-09-01	0.0	0.005281617490859482
2022-09-01	0.0	0.13877375150752266
2022-09-01	31.0	36.29099689442806
2022-09-01	0.0	0.0687611110197947
2022-09-01	2.0	6.882018682153165
2022-09-01	1.0	3.1527966222404533
2022-09-01	0.0	4.502425569393427
2022-09-01	0.0	0.007535326373259148
2022-09-01	0.0	0.002268004954329113
2022-09-01	0.0	0.05757415191566216
2022-09-01	34.0	36.27732051172963
2022-09-01	4.0	7.193410135290027
2022-09-01	2.0	9.494317439533695
2022-09-01	0.0	0.5149608625214368
2022-09-01	2.0	3.6827749416893054
2022-09-01	0.0	0.55562226544703
2022-09-01	5.0	7.096471575734968
2022-09-01	2.0	7.304132777931627
2022-09-01	12.0	19.481305275446896
2022-09-01	1.0	2.7912724920354766
2022-09-01	1.0	3.0646032009096134
2022-09-01	0.0	5.627496150073139
2022-09-01	1.0	4.819967052907375
2022-09-01	0.0	0.017644118273272762
2022-09-01	2.0	3.0603203109158623
2022-09-01	0.0	0.14875895037949002
2022-09-01	0.0	0.07532440086121572
2022-09-01	0.0	0.02937744286795544
2022-09-01	0.0	0.43811707498980945
2022-09-01	0.0	0.004836174993201409
2022-09-01	4.0	3.2018837876317576
2022-09-01	0.0	0.04361165854632464
2022-09-01	5.0	5.521080048065599
2022-09-01	6.0	21.07488294889686
2022-09-01	0.0	0.004240754016558816
2022-09-01	0.0	0.015910550879987072
2022-09-01	0.0	0.019155889495485662
2022-09-01	2.0	2.596236204153067
2022-09-01	0.0	0.018895939830235395
2022-09-01	0.0	0.1318844664320519
2022-09-01	2.0	0.5311805246509235
2022-09-01	0.0	0.03839714879773823
2022-09-01	0.0	0.16656659162275383
2022-09-01	10.0	19.491537070325418
2022-09-01	0.0	0.04015049828300136
2022-09-01	0.0	0.17050907485350092
2022-09-01	0.0	0.013784323076769507
2022-09-01	0.0	0.11582977226085425
2022-09-01	0.0	32.30898693121422
2022-09-01	0.0	2.0012300149727347
2022-09-01	0.0	0.032037035377944216
2022-09-01	0.0	0.009163399434853404
2022-09-01	0.0	0.25175077996199036
2022-09-01	4.0	9.089057273785315
2022-09-01	2.0	3.7546678642899725
2022-09-01	0.0	0.02427495765711563
2022-09-01	0.0	0.12252014751416856
2022-09-01	1.0	1.2579091047271436
2022-09-01	0.0	0.009360851424470564
2022-09-01	0.0	0.004387166063398121
2022-09-01	4.0	13.39304305125032
2022-09-01	0.0	0.06971786208632891
2022-09-01	3.0	10.138748713296723
2022-09-01	37.5	36.793460369996936
2022-09-01	0.0	3.4530588556526944
2022-09-01	0.0	0.4775998595755632
2022-09-01	0.0	17.772133781456112
2022-09-01	0.0	0.01927254612444708
2022-09-01	0.0	1.3026241464636044
2022-09-01	0.0	0.07877289730654785
2022-09-01	2.0	5.4474934690062655
2022-09-01	0.0	0.2296381407160844
2022-09-01	0.0	0.04027732842986023
2022-09-01	0.0	0.4058411780765213
2022-09-01	2.0	21.092800858269598
2022-09-01	0.0	0.020454094311860224
2022-09-01	0.0	0.0017661803023699713
2022-09-01	0.0	1.0897414278740705
2022-09-01	0.0	0.4655641426420022
2022-09-01	5.0	2.58986250157049
2022-09-01	0.0	0.21886687286797074
2022-09-01	7.0	24.00945978951927
2022-09-01	1.0	1.6444554281251282
2022-09-01	1.0	5.636767831337583
2022-09-01	0.0	0.028558060267375417
2022-09-01	0.0	0.2214240547819288
2022-09-01	0.0	0.19335064928933998
2022-09-01	4.0	21.616959953103244
2022-09-01	0.0	0.05565381610143802
2022-09-01	0.0	0.1100675467369175
2022-09-01	0.0	0.014182868610185492
2022-09-01	2.0	3.5154463468303434
2022-09-01	10.0	26.40052161634774
2022-09-01	0.0	2.5354056670529155
2022-09-01	6.0	5.061501503283251
2022-09-01	0.0	0.004498399313227212
2022-09-01	0.0	0.005302146661145368
2022-09-01	0.0	0.19659784311917633
2022-09-01	37.5	36.9547455970241
2022-09-01	0.0	0.5830519094805241
2022-09-01	1.0	3.391650297701257
2022-09-01	0.0	0.07863591344566906
2022-09-01	0.0	0.002442994146251519
2022-09-01	0.0	0.18820592120892488
2022-09-01	15.0	24.998733306970824
2022-09-01	2.0	2.423386189181428
2022-09-01	0.0	0.19829996860429638
2022-09-01	0.0	8.137173915520336
2022-09-01	0.0	0.011226907491747963
2022-09-01	0.0	0.01125050102136132
2022-09-01	0.0	0.12978231541565746
2022-09-01	0.0	0.03716954192998081
2022-09-01	6.0	12.431110101099259
2022-09-01	3.0	16.696230618298298
2022-09-01	1.0	1.7681098322736541
2022-09-01	0.0	0.010977206525445891
2022-09-01	0.0	0.004650454908921278
2022-09-01	1.0	8.148525857741356
2022-09-01	1.0	2.0188943663055774
2022-09-01	0.0	0.039188509740622705
2022-09-01	5.0	10.086075250749577
2022-09-01	2.0	0.096256549286015
2022-09-01	1.0	2.5659775639974387
2022-09-01	0.0	0.2210535619529668
2022-09-01	0.0	0.022692448182333
2022-09-01	4.0	7.71033652590568
2022-09-01	0.0	0.002709127258309457
2022-09-01	0.0	12.204452987196152
2022-09-01	0.0	0.01256912804203364
2022-09-01	8.0	20.092077922693253
2022-09-01	3.0	7.993701306938894
2022-09-01	0.0	0.06535335116271174
2022-09-01	0.0	3.960398084923918
2022-09-01	0.0	0.009674344791119689
2022-09-01	0.0	0.9067736272380638
2022-09-01	0.0	0.2262939490636622
2022-09-01	0.0	0.01212815912642384
2022-09-01	1.0	2.4797448718137978
2022-09-01	6.0	4.033294842747729
2022-09-01	0.0	0.9002598388810169
2022-09-01	1.0	1.04728034945503
2022-09-01	13.0	36.9640655632081
2022-09-01	0.0	0.009622270493657447
2022-09-01	0.0	0.018999010748932958
2022-09-01	2.0	2.79136275190015
2022-09-01	0.0	0.015854210397624864
2022-09-01	0.0	0.11481458673044728
2022-09-01	0.0	0.005213148798863555
2022-09-01	1.0	5.946085550546466
2022-09-01	4.0	11.358801417825216
2022-09-01	0.0	0.004285573738156896
2022-09-01	0.0	0.06540206858622258
2022-09-01	0.0	0.6657262870463594
2022-09-01	0.0	0.006398347636744019
2022-09-01	0.0	0.018644647955579026
2022-09-01	2.0	2.448789740255706
2022-09-01	2.0	6.283699765227371
2022-09-01	0.0	0.05940110693086131
2022-09-01	0.0	0.05234072476394476
2022-09-01	0.0	0.005994466402687272
2022-09-01	0.0	0.014187051220071533
2022-09-01	4.0	19.690455426109146
2022-09-01	0.0	0.3637739068628184
2022-09-01	7.0	13.493650863822321
2022-09-01	0.0	0.8110025307539329
2022-09-01	0.0	0.3719994320382338
2022-09-01	0.0	0.10511588955268487
2022-09-01	1.0	2.8330195844628627
2022-09-01	1.0	1.4424345852414941
2022-09-01	0.0	0.021607662072497567
2022-09-01	0.0	15.78476106564446
2022-09-01	0.0	0.0027497722439872824
2022-09-01	1.0	2.313135784872312
2022-09-01	0.0	0.12001275541734774
2022-09-01	20.0	26.37225699943168
2022-09-01	0.0	0.013516256577575079
2022-09-01	0.0	0.07620582043133171
2022-09-01	2.0	0.4937376255490132
2022-09-01	0.0	0.005177977772212294
2022-09-01	1.0	0.6167202787350907
2022-09-01	0.0	0.14436995304827474
2022-09-01	2.0	4.2011011320173575
2022-09-01	0.0	0.005734468734140803
2022-09-01	0.0	0.13514877912765166
2022-09-01	16.0	3.6483494761547286
2022-09-01	0.0	0.04635047029052581
2022-09-01	5.0	12.647043281600052
2022-09-01	4.0	2.4745788459195674
2022-09-01	0.0	7.463910594610482
2022-09-01	0.0	0.03249217087050582
2022-09-01	3.0	0.7296835776892949
2022-09-01	0.0	0.0865133034877461
2022-09-01	1.0	18.010421580427504
2022-09-01	2.0	3.0670739673270595
2022-09-01	1.0	6.453505519594909
2022-09-01	0.0	0.012562094824368032
2022-09-01	0.0	0.004608282011767812
2022-09-01	0.0	0.2939095381411432
2022-09-01	37.5	35.24428986117199
2022-09-01	0.0	0.01931028135837068
2022-09-01	19.0	35.217259446148596
2022-09-01	1.0	3.8440932100647602
2022-09-01	0.0	0.0016062787982669892
2022-09-01	0.0	0.009674344791119689
2022-09-01	0.0	0.37926109973094374
2022-09-01	12.0	8.871477895896689
2022-09-01	0.0	0.010559448113906293
2022-09-01	37.5	37.36600131831879
2022-09-01	0.0	0.02012857090973571
2022-09-01	3.0	6.750451629672302
2022-09-01	0.0	0.006408923646253768
2022-09-01	1.0	3.37929363188133
2022-09-01	0.0	0.12216441982505416
2022-09-01	1.0	4.372101407418256
2022-09-01	2.0	2.3263308200829336
2022-09-01	16.0	35.90554350363201
2022-09-01	0.0	0.06299007271891296
2022-09-01	0.0	0.11925889594235603
2022-09-01	2.0	0.601384132880428
2022-09-01	0.0	0.00863278169277385
2022-09-01	2.0	5.136919657382378
2022-09-01	0.0	0.017142733634893808
2022-09-01	0.0	4.535414046056986
2022-09-01	0.0	0.005657380126057735
2022-09-01	0.0	0.1254132390580479
2022-09-01	3.0	4.280207496141928
2022-09-01	5.0	3.5127665606650753
2022-09-01	0.0	0.13429147208788206
2022-09-01	6.0	10.33316134719011
2022-09-01	10.0	26.52015602965725
2022-09-01	0.0	0.05505291247178431
2022-09-01	10.0	22.098426011937246
2022-09-01	0.0	0.012285393163967382
2022-09-01	0.0	0.12868091873787535
2022-09-01	19.0	17.314303424490667
2022-09-01	0.0	0.004941399806833351
2022-09-01	6.0	2.279503044008134
2022-09-01	37.5	37.222291167847395
2022-09-01	1.0	3.5504196131447556
2022-09-01	3.0	7.184229008887614
2022-09-01	6.0	22.62672701315677
2022-09-01	20.0	27.41017559061015
2022-09-01	0.0	0.519054430331046
2022-09-01	1.0	3.718589878786574
2022-09-01	4.0	13.748325636652147
2022-09-01	5.0	11.774818388863846
2022-09-01	0.0	0.003978326408200741
2022-09-01	2.0	3.156277539033221
2022-09-01	37.5	36.97692566935013
2022-09-01	2.0	3.367622663089782
2022-09-01	0.0	0.36484991828869073
2022-09-01	3.0	2.260187361505031
2022-09-01	0.0	0.4607821206522645
2022-09-01	0.0	0.6077516868548607
2022-09-01	0.0	0.07440073741452871
2022-09-01	14.0	34.06699532442651
2022-09-01	0.0	0.012903910347409208
2022-09-01	0.0	0.014507889323087834
2022-09-01	2.0	0.4764400821194256
2022-09-01	0.0	2.2234524122151273
2022-09-01	0.0	4.556338041346088
2022-09-01	0.0	0.0023865018101373457
2022-09-01	0.0	0.1292262865774192
2022-09-01	12.0	11.524491296563564
2022-09-01	0.0	0.06436548258763514
2022-09-01	37.5	36.29200313220232
2022-09-01	0.0	0.004724862141698934
2022-09-01	0.0	0.5349195135552572
2022-09-01	0.0	0.009382914099935483
2022-09-01	0.0	0.08571465994419111
2022-09-01	1.0	1.1784785682807577
2022-09-01	0.0	0.04199153771407492
2022-09-01	3.0	4.838008655501289
2022-09-01	0.0	0.010222625507239702
2022-09-01	1.0	3.7712674648538123
2022-09-01	3.0	7.20880772858587
2022-09-01	0.0	2.9761653693652907
2022-09-01	0.0	0.042270583554125274
2022-09-01	0.0	0.012943027425291433
2022-09-01	0.0	0.006574529898720688
2022-09-01	3.0	2.321813795536421
2022-09-01	4.0	4.300647206150339
2022-09-01	6.0	2.021827389706802
2022-09-01	6.0	12.685265787404045
2022-09-01	0.0	0.04181669718762998
2022-09-01	2.0	9.339155088035705
2022-09-01	0.0	0.017506779976971754
2022-09-01	10.0	3.862697804687982
2022-09-01	1.0	1.6184102306460602
2022-09-01	8.0	5.737709977040131
2022-09-01	0.0	0.0158955156844952
2022-09-01	0.0	0.4968225390486633
2022-09-01	17.0	20.565260807878435
2022-09-01	1.0	2.592818477500537
2022-09-01	0.0	0.25627345180632644
2022-09-01	1.0	2.1648012581312717
2022-09-01	0.0	0.01704633534756472
2022-09-01	0.0	0.022440118264580578
2022-09-01	0.0	1.3203795323001801
2022-09-01	1.0	2.564506319744756
2022-09-01	0.0	0.1991105357628403
2022-09-01	1.0	8.63047882628505
2022-09-01	0.0	0.0016768656315117722
2022-09-01	0.0	0.14886363428811816
2022-09-01	1.0	3.805966280466752
2022-09-01	0.0	0.0016058727595572569
2022-09-01	2.0	2.6170396105975424
2022-09-01	2.0	7.8788696299459104
2022-09-01	0.0	0.04033960334833067
2022-09-01	0.0	0.01615022757895627
2022-09-01	1.0	1.5991105578227638
2022-09-01	0.0	0.2832708351606698
2022-09-01	4.0	9.418129498974356
2022-09-01	1.0	4.194967863263112
2022-09-01	0.0	0.012130258040023175
2022-09-01	0.0	0.06476501707664538
2022-09-01	5.0	8.035064522268712
2022-09-01	2.0	5.6802185535976495
2022-09-01	3.0	4.835730970783493
2022-09-01	0.0	0.0016719996772532617
2022-09-01	37.5	36.26819983081947
2022-09-01	0.0	0.0017745637798173642
2022-09-01	1.0	2.5364693249002928
2022-09-01	0.0	0.01521730675971793
2022-09-01	0.0	0.17314224215562785
2022-09-01	0.0	1.6312595262150256
2022-09-01	0.0	0.050469139100887406
2022-09-01	0.0	1.1596209441896257
2022-09-01	0.0	0.01419992880470756
2022-09-01	11.0	14.213680465609093
2022-09-01	0.0	0.02466386771293193
2022-09-01	4.0	1.2245525791476588
2022-09-01	4.0	3.891585075344633
2022-09-01	0.0	2.0127793772575617
2022-09-01	0.0	0.013515850538865348
2022-09-01	0.0	6.098903349193643
2022-09-01	0.0	2.9704276502293463
2022-09-01	7.0	12.579503061533092
2022-09-01	0.0	0.005667558143674988
2022-09-01	0.0	0.08742987396997384
2022-09-01	0.0	0.0015655015580048521
2022-09-01	0.0	0.0022189672718961636
2022-09-01	0.0	0.008097024480717679
2022-09-01	0.0	0.004519228903332139
2022-09-01	0.0	0.004615457539007873
2022-09-01	0.0	0.13976700588278868
2022-09-01	3.0	5.723249021606263
2022-09-01	0.0	0.7204233804079926
2022-09-01	0.0	0.008891270624805232
2022-09-01	0.0	0.13012161070429087
2022-09-01	3.0	2.3103848514807597
2022-09-01	4.0	8.160064411467783
2022-09-01	0.0	0.12853884250369657
2022-09-01	2.0	3.8201416559546697
2022-09-01	0.0	0.0016062787982669892
2022-09-01	4.0	5.63182065830099
2022-09-01	0.0	0.0017387106804239664
2022-09-01	0.0	1.0302965430440538
2022-09-01	2.0	0.44729592579858013
2022-09-01	4.0	14.73397191320351
2022-09-01	0.0	0.06252915517313243
2022-09-01	0.0	0.012011119025589545
2022-09-01	7.0	2.0204510569639154
2022-09-01	12.0	22.645943874653653
2022-09-01	2.0	5.1271565677921345
2022-09-01	1.0	2.476605912637784
2022-09-01	0.0	12.31790008887006
2022-09-01	1.0	2.159755569398334
2022-09-01	1.0	0.6603067395224906
2022-09-01	0.0	0.010235952781041974
2022-09-01	0.0	6.196085117554728
2022-09-01	0.0	0.004446731820554088
2022-09-01	0.0	0.10740951516413437
2022-09-01	0.0	0.0664746856934124
2022-09-01	1.0	2.4976644115323223
2022-09-01	1.0	1.4064809844330943
2022-09-01	0.0	0.11681877539623636
2022-09-01	21.0	17.773221616897484
2022-09-01	0.0	0.11624445079504236
2022-09-01	0.0	0.9922137612989324
2022-09-01	2.0	5.223252774815162
2022-09-01	0.0	0.23756842988431784
2022-09-01	0.0	0.20206317540989072
2022-09-01	15.0	18.27777043334568
2022-09-01	0.0	0.027816268247582862
2022-09-01	20.0	25.938153321662124
2022-09-01	1.0	0.29153721151574713
2022-09-01	1.0	4.034953472126355
2022-09-01	0.0	0.0023544315181432147
2022-09-01	0.0	0.010502378593504842
2022-09-01	0.0	0.006253102524595474
2022-09-01	0.0	0.0030246834764147967
2022-09-01	13.0	20.477381158986997
2022-09-01	1.0	2.483129138231332
2022-09-01	0.0	0.01001839296870622
2022-09-01	5.0	3.245581862949637
2022-09-01	0.0	0.0893661076044879
2022-09-01	1.0	5.937260222118893
2022-09-01	0.0	0.03108953451767471
2022-09-01	1.0	0.21635183383018186
2022-09-01	0.0	0.10035760358125814
2022-09-01	0.0	0.4147724096850763
2022-09-01	0.0	0.007160371846924382
2022-09-01	0.0	0.10606526822941623
2022-09-01	3.0	3.1315428586501266
2022-09-01	7.0	10.855291284620247
2022-09-01	0.0	1.8181312216850247
2022-09-01	3.0	4.161061162577125
2022-09-01	2.0	6.358802761058209
2022-09-01	0.0	0.10908621361424119
2022-09-01	8.0	5.4792988500212765
2022-09-01	12.0	13.375940802871074
2022-09-01	13.0	9.899683977739855
2022-09-01	3.0	5.666271300231531
2022-09-01	0.0	0.009674344791119689
2022-09-01	1.0	3.529333467481063
2022-09-01	37.5	37.48921140288037
2022-09-01	0.0	0.010033483289703401
2022-09-01	0.0	0.06861943036738616
2022-09-01	0.0	0.015969881984042488
2022-09-01	0.0	0.06487530909464638
2022-09-01	0.0	0.04290526899137924
2022-09-01	3.0	14.911525629487278
2022-09-01	2.0	1.7834115347679675
2022-09-01	3.0	10.134981245158631
2022-09-01	3.0	8.72853476109082
2022-09-01	0.0	0.05654913260126358
2022-09-01	27.0	30.32977524380506
2022-09-01	0.0	0.24974148203027763
2022-09-01	2.0	3.8832553152157416
2022-09-01	0.0	0.003997717760037232
2022-09-01	1.0	4.746853922832296
2022-09-01	2.0	25.326002074922396
2022-09-01	10.0	9.715415290926803
2022-09-01	0.0	0.9058840196801989
2022-09-01	1.0	3.7601360653686804
2022-09-01	14.0	20.895963280522494
2022-09-01	1.0	4.080511146160092
2022-09-01	15.0	21.823023810410987
2022-09-01	0.0	0.14626783720519518
2022-09-01	0.0	0.0016062787982669892
2022-09-01	0.0	0.3380634498542836
2022-09-01	0.0	0.012407641036116253
2022-09-01	0.0	0.020017835100622196
2022-09-01	0.0	0.5018182683858667
2022-09-01	0.0	0.08753839169242027
2022-09-01	1.0	2.2661919264234616
2022-09-01	0.0	0.21978152653621413
2022-09-01	0.0	2.672077671112561
2022-09-01	3.0	5.386095160285298
2022-09-01	0.0	0.0299349470267593
2022-09-01	0.0	3.9245853702130797
2022-09-01	14.0	9.468939054163346
2022-09-01	3.0	3.111890633472694
2022-09-01	0.0	0.03450883044502811
2022-09-01	0.0	0.013548663405023881
2022-09-01	8.0	16.70162280772569
2022-09-01	3.0	4.10809731648049
2022-09-01	1.0	2.5827018162733673
2022-09-01	0.0	13.39677117228122
2022-09-01	4.0	1.2977980442721302
2022-09-01	1.0	6.100763886141804
2022-09-01	37.5	37.561254031908845
2022-09-01	0.0	0.006371451005304663
2022-09-01	0.0	0.270622372143639
2022-09-01	5.0	6.691718767971512
2022-09-01	0.0	0.1280622810809677
2022-09-01	0.0	0.012993833905355006
2022-09-01	0.0	0.11080065547908917
2022-09-01	4.0	13.94822798710437
2022-09-01	4.0	15.041223430664957
2022-09-01	1.0	3.7524061833817455
2022-09-01	0.0	0.005657380126057735
2022-09-01	0.0	0.004769507119505046
2022-09-01	0.0	0.01946320949157698
2022-09-01	3.0	2.605141166704862
2022-09-01	0.0	0.005657380126057735
2022-09-01	0.0	0.0016062787982669892
2022-09-01	1.0	6.921697035887561
2022-09-01	37.5	36.611280075735394
2022-09-01	0.0	0.17525976636242135
2022-09-01	1.0	1.8241384388762552
2022-09-01	3.0	10.54902227710666
2022-09-01	0.0	0.06021562596964386
2022-09-01	0.0	0.00939810780425754
2022-09-01	0.0	0.005657380126057735
2022-09-01	5.0	15.63227626867815
2022-09-01	4.0	5.596585121010827
2022-09-01	3.0	5.74661031161408
2022-09-01	4.0	11.15143118911365
2022-09-01	0.0	1.1788809525071313
2022-09-01	0.0	0.019927576745191425
2022-09-01	0.0	0.0028045909648759006
2022-09-01	2.0	7.2407051907312585
2022-09-01	0.0	0.00943540197979424
2022-09-01	0.0	0.0018211276988275558
2022-09-01	2.0	9.66472425377874
2022-09-01	0.0	0.0040270586793642845
2022-09-01	1.0	0.5126600737753617
2022-09-01	1.0	7.913474077348558
2022-09-01	6.0	7.771206033759879
2022-09-01	0.0	0.0016062787982669892
2022-09-01	0.0	0.001694841426375294
2022-09-01	0.0	0.015434783893348531
2022-09-01	0.0	0.2661912228959159
2022-09-01	1.0	0.5247592526483065
2022-09-01	6.0	5.410383918043841
2022-09-01	17.0	8.043572653605015
2022-09-01	0.0	0.21787054112532744
2022-09-01	0.0	0.15921004816204778
2022-09-01	0.0	0.074819515472002
2022-09-01	0.0	0.030562964656053484
2022-09-01	2.0	3.255121999371487
2022-09-01	2.0	7.31342300162635
2022-09-01	0.0	0.004309724943547666
2022-09-01	1.0	7.415112072395271
2022-09-01	4.0	6.3132047475776565
2022-09-01	0.0	0.08482553650701721
2022-09-01	15.0	14.305505810292804
2022-09-01	0.0	0.15935788349513297
2022-09-01	0.0	0.026242508809864826
2022-09-01	4.0	7.607009389731692
2022-09-01	0.0	0.016713057894647356
2022-09-01	3.0	7.35803516306442
2022-09-01	0.0	0.07902384095084322
2022-09-01	1.0	7.812468662478229
2022-09-01	1.0	3.802724426231319
2022-09-01	0.0	0.8010359689050766
2022-09-01	5.0	22.2425703240175
2022-09-01	1.0	1.312259035227063
2022-09-01	0.0	0.009807077768816551
2022-09-01	1.0	3.283338545558541
2022-09-01	0.0	0.010043379276242891
2022-09-01	12.0	17.33669110138966
2022-09-01	2.0	6.116030112993574
2022-09-01	0.0	3.233184451987577
2022-09-01	0.0	0.008830256892215336
2022-09-01	0.0	0.0016062787982669892
2022-09-01	0.0	0.21611517563506277
2022-09-01	0.0	0.014839630624212924
2022-09-01	0.0	0.0016058727595572569
2022-09-01	2.0	1.9492481057037807
2022-09-01	37.5	37.0165394773406
2022-09-01	31.0	27.415816587231223
2022-09-01	37.5	31.16347218626552
2022-09-01	8.0	19.711746368888488
2022-09-01	2.0	2.48982015230319
2022-09-01	10.0	17.20684725949691
2022-09-01	1.0	3.2067089884238755
2022-09-01	4.0	13.524171909188988
2022-09-01	1.0	2.549774553252291
2022-09-01	1.0	3.0448367694255696
2022-09-01	2.0	0.2888407326212601
2022-09-01	0.0	0.012453076664497763
2022-09-01	0.0	0.29647019037311895
2022-09-01	0.0	0.08169401333027362
2022-09-01	7.0	10.863155750802708
2022-09-01	2.0	10.25396958865836
2022-09-01	0.0	0.007838096619594786
2022-09-01	4.0	9.785474435952114
2022-09-01	4.0	2.679137321352413
2022-09-01	1.0	1.6853108651584143
2022-09-01	0.0	0.14031430076500723
2022-09-01	6.0	24.72029457770438
2022-09-01	0.0	0.021067605330101595
2022-09-01	2.0	3.184642341084707
2022-09-01	0.0	0.02754385884634362
2022-09-01	4.0	15.981482541016124
2022-09-01	0.0	1.1999818329553358
2022-09-01	0.0	0.07095110844905075
2022-09-01	0.0	0.1521610311801751
2022-09-01	0.0	0.18920480450618513
2022-09-01	1.0	4.133010570215415
2022-09-01	0.0	0.08705341398308167
2022-09-01	0.0	0.7279858409529035
2022-09-01	1.0	0.23992366901175735
2022-09-01	0.0	0.08272601255447465
2022-09-01	1.0	1.5432319983192524
2022-09-01	6.0	13.48511540995985
2022-09-01	0.0	0.007837452644062218
2022-09-01	0.0	0.08946678805568456
2022-09-01	30.0	30.98945190673122
2022-09-01	2.0	4.153049273787893
2022-09-01	0.0	1.0734209374281605
2022-09-01	2.0	8.36097223915771
2022-09-01	19.0	23.295470289887064
2022-09-01	1.0	2.7945660906154717
2022-09-01	0.0	0.3365707645861493
2022-09-01	0.0	0.00837028232500363
2022-09-01	0.0	4.307658863030606
2022-09-01	0.0	0.31707604703197145
2022-09-01	0.0	0.01009235360764336
2022-09-01	0.0	0.002742533592328025
2022-09-01	0.0	0.23391681900117933
2022-09-01	7.0	18.67054421274583
2022-09-01	0.0	0.004434418165026883
2022-09-01	1.0	6.349464773977567
2022-09-01	0.0	0.0488920737922228
2022-09-01	1.0	3.2046931711043323
2022-09-01	0.0	0.44780753529594197
2022-09-01	6.0	3.5216819216911257
2022-09-01	1.0	2.053723776306228
2022-09-01	0.0	0.1277995887399331
2022-09-01	0.0	0.028279247496091998
2022-09-01	3.0	3.8709592260532975
2022-09-01	0.0	0.09832359838147492
2022-09-01	1.0	1.3114745111451882
2022-09-01	3.0	12.051535858394221
2022-09-01	0.0	0.0497104312559559
2022-09-01	0.0	0.005667558143674988
2022-09-01	0.0	0.05771694355801593
2022-09-01	21.0	32.576654272531634
2022-09-01	0.0	0.011436014879010106
2022-09-01	0.0	0.014923029375506281
2022-09-01	5.0	5.692997026945154
2022-10-01	6.0	9.409365412914882
2022-10-01	0.0	0.2653693507621065
2022-10-01	0.0	0.42663655226348896
2022-10-01	0.0	0.003058291405168887
2022-10-01	8.0	4.2441663794343265
2022-10-01	2.0	2.9531769316181404
2022-10-01	0.0	0.002419719559175011
2022-10-01	14.0	17.454861416147047
2022-10-01	0.0	0.2428299965315076
2022-10-01	0.0	0.005869543811919896
2022-10-01	2.0	2.3340141514166803
2022-10-01	25.0	22.1138692723347
2022-10-01	5.0	8.697184119849139
2022-10-01	0.0	0.5805147337099951
2022-10-01	0.0	0.012473160404626692
2022-10-01	0.0	0.013660336880428184
2022-10-01	9.0	7.429584703956396
2022-10-01	0.0	0.027456089328180527
2022-10-01	0.0	0.1755583519586853
2022-10-01	1.0	0.10369270114358145
2022-10-01	0.0	0.01362958404489015
2022-10-01	3.0	3.266769214067354
2022-10-01	0.0	0.8553878147168216
2022-10-01	0.0	1.9228822105440457
2022-10-01	0.0	0.09906616402963908
2022-10-01	0.0	0.008817109383120473
2022-10-01	1.0	2.6415599449904015
2022-10-01	1.0	1.6694978306829598
2022-10-01	0.0	0.10845589444273171
2022-10-01	2.0	1.1855483598201164
2022-10-01	3.0	6.870332887416053
2022-10-01	1.0	3.1043480807527137
2022-10-01	1.0	3.388999151626333
2022-10-01	1.0	6.809176959607166
2022-10-01	4.0	4.7531009503475925
2022-10-01	0.0	0.06576819735226495
2022-10-01	1.0	5.647510573835509
2022-10-01	0.0	0.08435881129785631
2022-10-01	0.0	0.0018049642646789836
2022-10-01	1.0	3.6601603212764724
2022-10-01	0.0	0.06581066978450725
2022-10-01	2.0	1.700629519466954
2022-10-01	0.0	0.019791225367249955
2022-10-01	1.0	4.248755950593074
2022-10-01	0.0	0.01589048221257641
2022-10-01	8.0	10.861681999243388
2022-10-01	2.0	4.853905831024551
2022-10-01	0.0	0.10213635893363547
2022-10-01	3.0	2.4806358153552606
2022-10-01	1.0	7.603992568263796
2022-10-01	2.0	7.3739232428471455
2022-10-01	0.0	0.04742583131649378
2022-10-01	0.0	0.05540592802475777
2022-10-01	0.0	0.022415438459158055
2022-10-01	7.0	15.747780620313954
2022-10-01	1.0	0.7181726910428003
2022-10-01	0.0	0.11570990228222224
2022-10-01	0.0	0.31139713805760366
2022-10-01	4.0	3.31164034034178
2022-10-01	4.0	5.641745849158527
2022-10-01	8.0	6.572787343723121
2022-10-01	15.0	8.612460360714131
2022-10-01	8.0	5.962668383306858
2022-10-01	0.0	0.06697233936618874
2022-10-01	1.0	1.8564984522672838
2022-10-01	33.0	37.476447705278915
2022-10-01	0.0	0.023579112416404424
2022-10-01	0.0	0.13330882729888913
2022-10-01	0.0	0.18670475485019042
2022-10-01	0.0	0.054253519112040675
2022-10-01	0.0	0.10440629646113742
2022-10-01	37.5	37.61590091626934
2022-10-01	0.0	0.014168569561804383
2022-10-01	0.0	0.0017039232973924902
2022-10-01	1.0	2.432450297216153
2022-10-01	1.0	5.110723118205965
2022-10-01	0.0	0.053726688416436165
2022-10-01	0.0	0.0912650361802349
2022-10-01	3.0	5.9564906096275285
2022-10-01	0.0	0.041123692838372625
2022-10-01	0.0	0.051800649230005325
2022-10-01	0.0	0.13572511904990275
2022-10-01	0.0	0.3157017464487644
2022-10-01	1.0	1.7076246693759485
2022-10-01	0.0	0.09596648549260794
2022-10-01	0.0	0.17054333706761604
2022-10-01	0.0	0.5885247824439335
2022-10-01	0.0	0.14014967265691808
2022-10-01	0.0	0.08745538125091165
2022-10-01	10.0	7.057540681673307
2022-10-01	37.5	35.55256358479724
2022-10-01	0.0	0.004356995859592876
2022-10-01	3.0	1.9973022189316068
2022-10-01	0.0	0.3607523650076838
2022-10-01	0.0	8.253095556517733
2022-10-01	0.0	0.003228534098076147
2022-10-01	4.0	4.637441173599087
2022-10-01	0.0	0.18442436735942025
2022-10-01	0.0	0.22328485068882195
2022-10-01	0.0	0.21792551306645175
2022-10-01	0.0	0.16791693701582064
2022-10-01	2.0	2.153506423429021
2022-10-01	0.0	0.43801711175629615
2022-10-01	1.0	6.9768836989177645
2022-10-01	2.0	3.1167105198517304
2022-10-01	3.0	6.9133146936487435
2022-10-01	0.0	0.06644951287031355
2022-10-01	1.0	3.95849640804053
2022-10-01	0.0	0.12072260522080722
2022-10-01	0.0	0.0032740322039936202
2022-10-01	0.0	0.10108094553589739
2022-10-01	1.0	13.545611968708936
2022-10-01	1.0	2.9360681425392214
2022-10-01	0.0	0.33628819431440526
2022-10-01	0.0	0.8354748963788226
2022-10-01	0.0	0.05665692611631003
2022-10-01	0.0	0.9758334909569532
2022-10-01	0.0	0.12680535563426334
2022-10-01	3.0	7.875464094365419
2022-10-01	0.0	0.1599681248789471
2022-10-01	0.0	0.12657820686581678
2022-10-01	18.0	36.39992081815128
2022-10-01	0.0	0.16705578346636696
2022-10-01	0.0	0.0879010430073679
2022-10-01	0.0	0.013353347058028002
2022-10-01	0.0	0.0018551051969696438
2022-10-01	7.0	5.055647911940047
2022-10-01	2.0	3.06748646213053
2022-10-01	0.0	0.1802549543664779
2022-10-01	4.0	0.8669538077949885
2022-10-01	3.0	3.8754759134424486
2022-10-01	1.0	3.7684047930627522
2022-10-01	0.0	0.1616989068612769
2022-10-01	1.0	2.3127812291298753
2022-10-01	3.0	6.821429158586015
2022-10-01	4.0	2.0730696888020264
2022-10-01	0.0	0.06376429093444083
2022-10-01	15.0	2.7511735082935083
2022-10-01	1.0	2.6837446900105744
2022-10-01	16.0	27.336689166833203
2022-10-01	1.0	0.8627352526855325
2022-10-01	0.0	0.029080020036825107
2022-10-01	1.0	2.1374735504275186
2022-10-01	2.0	0.7775225113104852
2022-10-01	1.0	8.57237187165166
2022-10-01	3.0	5.391579414281145
2022-10-01	11.0	14.379960551567821
2022-10-01	0.0	0.015781689182598597
2022-10-01	0.0	0.017937362184598883
2022-10-01	0.0	1.656339001200723
2022-10-01	0.0	0.06639405491852175
2022-10-01	0.0	1.0334462742915544
2022-10-01	0.0	0.008868348618052399
2022-10-01	0.0	0.31381612598731773
2022-10-01	0.0	0.1848939960296177
2022-10-01	18.0	21.27454901450367
2022-10-01	3.0	4.09535392854198
2022-10-01	2.0	2.9618261430027943
2022-10-01	3.0	5.275736093468084
2022-10-01	0.0	0.004756797666270882
2022-10-01	1.0	6.165676039593396
2022-10-01	0.0	0.09815804159872044
2022-10-01	0.0	0.20415856365976076
2022-10-01	2.0	8.361146627579611
2022-10-01	1.0	3.090682250941252
2022-10-01	7.0	6.198169507642385
2022-10-01	2.0	3.2686099135371554
2022-10-01	2.0	0.16432860736755642
2022-10-01	29.0	23.35152926258558
2022-10-01	0.0	0.12240103809739147
2022-10-01	0.0	0.14123253645518344
2022-10-01	1.0	10.762534638174024
2022-10-01	3.0	5.73181808867008
2022-10-01	1.0	4.295678688647035
2022-10-01	0.0	0.05735072578613585
2022-10-01	0.0	0.014998490461044971
2022-10-01	0.0	0.01362958404489015
2022-10-01	2.0	3.1301319866953894
2022-10-01	18.0	37.526340952225894
2022-10-01	4.0	2.712604166496633
2022-10-01	5.0	10.581042340567835
2022-10-01	1.0	4.278095023521418
2022-10-01	1.0	3.5565183310574575
2022-10-01	7.0	11.967137846583135
2022-10-01	0.0	0.10123850616809031
2022-10-01	0.0	0.11659256804293675
2022-10-01	6.0	10.015056477856646
2022-10-01	0.0	0.059759950297012344
2022-10-01	9.0	16.84414358546393
2022-10-01	1.0	3.127482310525073
2022-10-01	1.0	5.001119804214182
2022-10-01	2.0	2.59503857875923
2022-10-01	0.0	0.023102157590972054
2022-10-01	0.0	0.11502094765102283
2022-10-01	0.0	0.6872925492433213
2022-10-01	0.0	0.20315930949564814
2022-10-01	0.0	0.05771481397025143
2022-10-01	0.0	0.7832559870043928
2022-10-01	0.0	0.21836295370110106
2022-10-01	0.0	0.01362958404489015
2022-10-01	0.0	1.0543884708830666
2022-10-01	0.0	0.07308436990654736
2022-10-01	0.0	0.14140866360225968
2022-10-01	0.0	0.08321419387738842
2022-10-01	2.0	3.829592312906085
2022-10-01	16.0	20.485579914396553
2022-10-01	0.0	0.027735087241655153
2022-10-01	0.0	0.0280247632661427
2022-10-01	10.0	25.68487773944758
2022-10-01	0.0	0.016121412681128114
2022-10-01	26.0	14.717835447598265
2022-10-01	1.0	1.509234619402232
2022-10-01	0.0	0.01754643616091497
2022-10-01	0.0	0.017148251245343343
2022-10-01	1.0	7.4722312649198415
2022-10-01	0.0	0.191664783861525
2022-10-01	0.0	0.23416406770375262
2022-10-01	9.0	4.620619625908197
2022-10-01	0.0	0.032430905192259545
2022-10-01	0.0	0.15610342592312537
2022-10-01	0.0	0.0915552262255048
2022-10-01	0.0	0.11164860112113628
2022-10-01	0.0	0.016216434049337675
2022-10-01	0.0	0.06281739874157291
2022-10-01	0.0	0.5400635183971745
2022-10-01	10.0	10.20425019870572
2022-10-01	0.0	0.01832957000190013
2022-10-01	0.0	0.7434242928131725
2022-10-01	5.0	10.847165327223937
2022-10-01	0.0	0.20149968372618338
2022-10-01	0.0	0.008400590045585233
2022-10-01	0.0	0.08287815094755782
2022-10-01	0.0	0.09483193889202472
2022-10-01	0.0	0.042760054122884764
2022-10-01	0.0	0.01980322530392809
2022-10-01	0.0	0.09178567771955973
2022-10-01	2.0	5.013518286579673
2022-10-01	1.0	2.255935136259337
2022-10-01	8.0	1.3910794744717374
2022-10-01	4.0	1.6504010166369694
2022-10-01	27.0	20.118925317508747
2022-10-01	0.0	0.061393285422955635
2022-10-01	3.0	3.560469570956067
2022-10-01	9.0	4.69504753671029
2022-10-01	0.0	0.0032926370418795564
2022-10-01	1.0	4.117853064535081
2022-10-01	0.0	1.5170178721180316
2022-10-01	1.0	4.313321325409913
2022-10-01	0.0	0.04716437217175483
2022-10-01	12.0	12.771032844410346
2022-10-01	0.0	0.062083945191456186
2022-10-01	1.0	2.6294821896114335
2022-10-01	0.0	0.3357172614905792
2022-10-01	0.0	0.013664904133190372
2022-10-01	1.0	3.262890644870769
2022-10-01	5.0	8.388936977761597
2022-10-01	0.0	0.08358500836066352
2022-10-01	0.0	0.07193893230503402
2022-10-01	9.0	13.063072807634985
2022-10-01	0.0	0.041004729893672986
2022-10-01	37.5	35.47692312839464
2022-10-01	1.0	2.6706995160092295
2022-10-01	0.0	0.01439281867859229
2022-10-01	0.0	0.6010039214657671
2022-10-01	37.5	36.79919832138759
2022-10-01	4.0	9.587444785739518
2022-10-01	0.0	1.1681286469504664
2022-10-01	0.0	0.009752327882686578
2022-10-01	10.0	17.253957994094197
2022-10-01	1.0	3.9396864742021966
2022-10-01	2.0	2.6167237807635635
2022-10-01	3.0	3.5327113802082755
2022-10-01	37.5	37.745875431759075
2022-10-01	0.0	0.0017039232973924902
2022-10-01	7.0	8.452678534332396
2022-10-01	0.0	1.0881292418316144
2022-10-01	1.0	5.006603690718657
2022-10-01	2.0	3.7156906318646334
2022-10-01	0.0	0.07684267986502741
2022-10-01	9.0	4.272566210794291
2022-10-01	0.0	0.25112570756816954
2022-10-01	1.0	2.7807625368467894
2022-10-01	0.0	1.4665705695845312
2022-10-01	0.0	0.013821343495942141
2022-10-01	0.0	0.24277398822474583
2022-10-01	0.0	0.0032638541863763675
2022-10-01	0.0	0.01677465542778213
2022-10-01	6.0	10.186189831842041
2022-10-01	6.0	5.039786438987736
2022-10-01	6.0	3.022112240166976
2022-10-01	0.0	0.7251798651490362
2022-10-01	3.0	4.2320662495260954
2022-10-01	3.0	9.339677369385951
2022-10-01	4.0	7.920474751546847
2022-10-01	0.0	0.003313550749772464
2022-10-01	1.0	6.099136952469744
2022-10-01	3.0	3.247743873642087
2022-10-01	0.0	0.16569620752192915
2022-10-01	1.0	1.6667560893336653
2022-10-01	6.0	16.881983684690937
2022-10-01	0.0	0.0017039232973924902
2022-10-01	1.0	2.6662658895510876
2022-10-01	0.0	0.15012098144057212
2022-10-01	4.0	3.352875556018658
2022-10-01	0.0	0.01791725214599074
2022-10-01	0.0	0.5474931629948948
2022-10-01	15.0	21.705604025672972
2022-10-01	0.0	0.021352251109393282
2022-10-01	0.0	0.012147763638650735
2022-10-01	16.0	26.98359015963979
2022-10-01	0.0	1.2894009376892743
2022-10-01	0.0	0.0017039232973924902
2022-10-01	0.0	1.300026717860757
2022-10-01	0.0	0.10593934606370026
2022-10-01	2.0	1.9430754654309412
2022-10-01	12.0	13.210517715062375
2022-10-01	0.0	0.07288536234016066
2022-10-01	1.0	6.791550843872705
2022-10-01	0.0	0.0018049642646789836
2022-10-01	0.0	0.013085465119527448
2022-10-01	0.0	0.012075113772908545
2022-10-01	0.0	0.09571942505743221
2022-10-01	1.0	2.7048434178831102
2022-10-01	3.0	6.839231719711482
2022-10-01	0.0	0.024201904478800572
2022-10-01	2.0	4.9167957473299735
2022-10-01	0.0	1.4916451907821513
2022-10-01	0.0	0.036914639346363
2022-10-01	13.0	31.627681825316465
2022-10-01	3.0	2.2505895498053223
2022-10-01	0.0	0.10132293327207667
2022-10-01	0.0	0.13710376527824908
2022-10-01	0.0	2.6464356929812913
2022-10-01	0.0	0.07546716729050293
2022-10-01	0.0	0.001738039031922429
2022-10-01	4.0	2.1421289735267353
2022-10-01	0.0	0.005625021398735629
2022-10-01	37.0	32.07003446306528
2022-10-01	0.0	0.026565340092872338
2022-10-01	0.0	0.014520606223938899
2022-10-01	6.0	4.357917675953575
2022-10-01	0.0	0.012678052521623275
2022-10-01	4.0	10.941806650605525
2022-10-01	0.0	0.00403911051661905
2022-10-01	2.0	2.088381452143186
2022-10-01	0.0	0.003228534098076147
2022-10-01	4.0	2.1863154093820785
2022-10-01	3.0	5.549067020895299
2022-10-01	0.0	1.768367925511294
2022-10-01	0.0	1.2461812317299925
2022-10-01	0.0	0.004038438780057459
2022-10-01	1.0	5.063670950712142
2022-10-01	0.0	0.03688477864667336
2022-10-01	0.0	1.6307239038880996
2022-10-01	9.0	28.510496275089906
2022-10-01	0.0	0.09726598933238681
2022-10-01	0.0	0.21375928510671904
2022-10-01	0.0	0.06399568645795442
2022-10-01	0.0	0.17812811304017778
2022-10-01	0.0	0.016952578405211947
2022-10-01	0.0	0.21986534116569081
2022-10-01	0.0	0.07382918229358415
2022-10-01	1.0	4.305034645564221
2022-10-01	0.0	1.3612851938405677
2022-10-01	0.0	0.19350601262331624
2022-10-01	0.0	0.004791817207851112
2022-10-01	0.0	0.11650270646923194
2022-10-01	3.0	2.776827554060078
2022-10-01	7.0	7.786337943210233
2022-10-01	1.0	4.747727576823528
2022-10-01	0.0	1.9822547052994737
2022-10-01	0.0	0.37782212298562357
2022-10-01	7.0	3.5951179498486834
2022-10-01	0.0	0.00769648778375863
2022-10-01	9.0	8.343163297709618
2022-10-01	3.0	1.724381478391554
2022-10-01	0.0	1.298519721024471
2022-10-01	14.0	7.393626035647735
2022-10-01	0.0	0.043937788284734165
2022-10-01	0.0	0.01611872126246225
2022-10-01	0.0	0.5737334941911096
2022-10-01	0.0	0.014269575821904308
2022-10-01	0.0	0.09298638156751216
2022-10-01	0.0	0.03831041007420372
2022-10-01	1.0	2.665978334245086
2022-10-01	0.0	0.1572467618225161
2022-10-01	20.0	2.5473948838683174
2022-10-01	0.0	0.17724467542966207
2022-10-01	1.0	8.45208166994631
2022-10-01	0.0	0.06171150458331166
2022-10-01	0.0	0.7746647732024978
2022-10-01	0.0	0.03187421944591849
2022-10-01	0.0	0.07240520399122917
2022-10-01	0.0	0.034565527599312834
2022-10-01	0.0	0.024359511061700784
2022-10-01	0.0	0.13089442429140544
2022-10-01	0.0	0.126227545104749
2022-10-01	1.0	1.7524035384308663
2022-10-01	2.0	2.3919424246540313
2022-10-01	0.0	0.27522594127262734
2022-10-01	0.0	0.09724984784802676
2022-10-01	10.0	17.206400571895788
2022-10-01	13.0	13.601523708966509
2022-10-01	2.0	2.425062434535399
2022-10-01	0.0	0.30751876153020996
2022-10-01	0.0	0.07887814276709168
2022-10-01	0.0	0.015052415387231127
2022-10-01	0.0	0.014544756224516845
2022-10-01	22.0	25.700065467788395
2022-10-01	0.0	0.06556272931048882
2022-10-01	0.0	1.1151591320634289
2022-10-01	0.0	0.22107582297185308
2022-10-01	5.0	25.477898051820674
2022-10-01	0.0	0.0018114010807012062
2022-10-01	0.0	0.013148829391154405
2022-10-01	3.0	4.039295866017192
2022-10-01	1.0	3.2593328237338532
2022-10-01	0.0	0.1607640941260523
2022-10-01	1.0	3.1275685682087233
2022-10-01	0.0	0.024335352710808056
2022-10-01	0.0	0.0017039232973924902
2022-10-01	6.0	6.263651872810158
2022-10-01	4.0	7.356608963788053
2022-10-01	0.0	0.012881645553194754
2022-10-01	0.0	0.001739915122254302
2022-10-01	0.0	0.157757992972681
2022-10-01	0.0	0.06850241001529132
2022-10-01	0.0	0.10306599105974534
2022-10-01	0.0	0.1185161944940463
2022-10-01	3.0	5.205514312683452
2022-10-01	0.0	0.006543914519362523
2022-10-01	1.0	4.823164828122574
2022-10-01	0.0	0.3718906181512617
2022-10-01	1.0	4.388661708153136
2022-10-01	0.0	0.004804248974711254
2022-10-01	0.0	2.5444116111627038
2022-10-01	0.0	0.018447001734625375
2022-10-01	2.0	7.087549969400854
2022-10-01	0.0	0.8016903592725397
2022-10-01	0.0	0.03987836263544334
2022-10-01	2.0	4.278985532718487
2022-10-01	37.5	33.098388260193325
2022-10-01	0.0	1.875083400709088
2022-10-01	3.0	2.821951574376418
2022-10-01	12.0	6.956545066918428
2022-10-01	0.0	0.004240411662165446
2022-10-01	0.0	0.6254990908039313
2022-10-01	1.0	2.8207002280035316
2022-10-01	0.0	0.013865819624209581
2022-10-01	0.0	0.009875618932170756
2022-10-01	0.0	0.010370184890205428
2022-10-01	0.0	0.028320121689211452
2022-10-01	10.0	17.485046456251077
2022-10-01	2.0	8.602605662797657
2022-10-01	0.0	0.22609184494459156
2022-10-01	1.0	1.9011479997394078
2022-10-01	30.0	9.985363358843404
2022-10-01	0.0	0.05257078503697909
2022-10-01	1.0	3.6810094083089964
2022-10-01	2.0	2.8037418043421414
2022-10-01	0.0	0.020223630825186367
2022-10-01	1.0	1.8872402674283193
2022-10-01	12.0	6.92204136319346
2022-10-01	0.0	0.026806429484304374
2022-10-01	0.0	0.24201396104207873
2022-10-01	0.0	0.03291510624696987
2022-10-01	0.0	0.08936614854709193
2022-10-01	5.0	2.8337263706968185
2022-10-01	0.0	0.09727675690569672
2022-10-01	0.0	0.0024573738502539177
2022-10-01	0.0	0.04287679380178172
2022-10-01	37.5	37.70040402312055
2022-10-01	1.0	3.94438547172802
2022-10-01	10.0	13.493241062020703
2022-10-01	4.0	6.3388503275514365
2022-10-01	0.0	0.03053567069671729
2022-10-01	5.0	3.734610952151253
2022-10-01	6.0	25.30789959031024
2022-10-01	10.0	4.289995898283511
2022-10-01	0.0	0.007561747906660879
2022-10-01	0.0	0.1979097580746966
2022-10-01	0.0	0.16933896230516987
2022-10-01	2.0	1.7177614607886433
2022-10-01	0.0	1.0482390873121306
2022-10-01	1.0	3.186015250383024
2022-10-01	2.0	1.8279913037113504
2022-10-01	0.0	0.003895417069576374
2022-10-01	0.0	0.037220070112734684
2022-10-01	3.0	5.150635124242763
2022-10-01	0.0	0.0382431803447455
2022-10-01	0.0	0.004518371034183262
2022-10-01	0.0	0.14942893282045128
2022-10-01	0.0	0.4284100972955904
2022-10-01	1.0	2.195213921118156
2022-10-01	1.0	1.9544965031077548
2022-10-01	0.0	0.02830574699624385
2022-10-01	34.0	17.542565840399654
2022-10-01	0.0	0.011007689333293814
2022-10-01	0.0	0.7303734817114627
2022-10-01	0.0	0.07760340705968562
2022-10-01	0.0	0.03818499814317318
2022-10-01	0.0	0.015617461783812753
2022-10-01	0.0	0.19044934346157252
2022-10-01	0.0	0.04331298854940251
2022-10-01	0.0	0.0017728586173434318
2022-10-01	2.0	4.2749162505227165
2022-10-01	0.0	0.0741635990061904
2022-10-01	0.0	0.19724629735214594
2022-10-01	0.0	0.03296360347578911
2022-10-01	0.0	0.014608450347183097
2022-10-01	0.0	0.07826424101610252
2022-10-01	1.0	2.484740673816816
2022-10-01	5.0	8.248376321919922
2022-10-01	1.0	3.3069461528683526
2022-10-01	10.0	9.0114969968384
2022-10-01	0.0	0.03397689742941219
2022-10-01	1.0	1.92012201748807
2022-10-01	0.0	0.0724252043792118
2022-10-01	0.0	0.15372995189200647
2022-10-01	1.0	2.586198305414633
2022-10-01	0.0	0.0017226101812436879
2022-10-01	1.0	2.611117838663339
2022-10-01	2.0	9.800827587501225
2022-10-01	0.0	0.0283919518707441
2022-10-01	2.0	2.8538118634670178
2022-10-01	0.0	0.014719517324232018
2022-10-01	4.0	4.172026743897421
2022-10-01	0.0	0.8251085728671221
2022-10-01	2.0	2.1409405422304806
2022-10-01	14.0	21.732852513410528
2022-10-01	0.0	0.0464979496910084
2022-10-01	1.0	5.782311563288854
2022-10-01	37.5	30.024868700861123
2022-10-01	0.0	0.0032862089554940876
2022-10-01	4.0	2.9849427620262245
2022-10-01	1.0	5.678197711348599
2022-10-01	0.0	0.025389387186705265
2022-10-01	0.0	0.015325518497820498
2022-10-01	2.0	4.022662598635518
2022-10-01	2.0	5.208419264940711
2022-10-01	1.0	2.5117975702540574
2022-10-01	0.0	2.5153072524327524
2022-10-01	0.0	1.6698122990632318
2022-10-01	1.0	2.9484270159532544
2022-10-01	1.0	2.227452888380255
2022-10-01	0.0	1.9456189172385434
2022-10-01	1.0	13.163966703807828
2022-10-01	32.0	9.247799060582345
2022-10-01	0.0	0.3056708365595744
2022-10-01	1.0	4.408280943285096
2022-10-01	0.0	0.05666485389944036
2022-10-01	37.5	36.835255183594604
2022-10-01	1.0	3.943167041329419
2022-10-01	0.0	1.1149414676759317
2022-10-01	0.0	0.029052479411473327
2022-10-01	1.0	3.58823310096868
2022-10-01	0.0	0.003228534098076147
2022-10-01	2.0	1.718367252582568
2022-10-01	0.0	0.004655662678596824
2022-10-01	0.0	0.09464944369297269
2022-10-01	0.0	0.017885106431291334
2022-10-01	0.0	0.2052302006360344
2022-10-01	0.0	0.04541482779980904
2022-10-01	0.0	0.11690047449155
2022-10-01	4.0	5.349996301006542
2022-10-01	1.0	3.0191025179700586
2022-10-01	0.0	0.10159896173517168
2022-10-01	5.0	9.341174922896293
2022-10-01	0.0	0.014393121754578297
2022-10-01	9.0	12.860471171696265
2022-10-01	15.0	14.64213376142927
2022-10-01	37.5	37.86653147853704
2022-10-01	37.5	36.83838627164456
2022-10-01	0.0	0.02852202183357353
2022-10-01	0.0	0.005424168351571869
2022-10-01	0.0	0.0017039232973924902
2022-10-01	0.0	0.11537950237754857
2022-10-01	0.0	0.01170438471291111
2022-10-01	0.0	1.6205062763200708
2022-10-01	0.0	0.008929472853556233
2022-10-01	2.0	8.691690124681271
2022-10-01	6.0	12.396441984834746
2022-10-01	5.0	6.22303468785608
2022-10-01	0.0	0.3210411035509644
2022-10-01	1.0	3.359175357072498
2022-10-01	0.0	0.0032387121156933997
2022-10-01	0.0	0.179867203712451
2022-10-01	9.0	12.521645274316361
2022-10-01	0.0	0.8110692442202553
2022-10-01	0.0	0.4530909166773209
2022-10-01	1.0	0.42063730650245273
2022-10-01	0.0	0.10104385058070878
2022-10-01	14.0	18.0823283178257
2022-10-01	1.0	0.19593962795593767
2022-10-01	0.0	0.026382774639500933
2022-10-01	1.0	3.7433723595672452
2022-10-01	0.0	1.0788072626513103
2022-10-01	34.0	38.32898253261277
2022-10-01	0.0	0.01883609348866489
2022-10-01	0.0	0.16119400535137562
2022-10-01	0.0	1.5715725677937953
2022-10-01	0.0	0.0017039232973924902
2022-10-01	4.0	5.884000764956308
2022-10-01	5.0	3.8047325281930693
2022-10-01	16.0	7.304546474418127
2022-10-01	0.0	0.27035137618126254
2022-10-01	0.0	0.02355685906246234
2022-10-01	2.0	6.935289811505877
2022-10-01	0.0	0.039917673853920074
2022-10-01	8.0	10.137804191537748
2022-10-01	0.0	0.05247705248074585
2022-10-01	16.0	10.453146558026038
2022-10-01	0.0	2.4212440410428573
2022-10-01	2.0	3.668152757634711
2022-10-01	2.0	2.394296524121008
2022-10-01	0.0	1.5612973950925775
2022-10-01	1.0	2.104362072525265
2022-10-01	6.0	6.398107870584364
2022-10-01	5.0	17.449537550558
2022-10-01	1.0	5.01847615563178
2022-10-01	4.0	4.271029312464927
2022-10-01	0.0	0.2392235216580848
2022-10-01	0.0	0.11292672735439373
2022-10-01	9.0	12.727363003749753
2022-10-01	0.0	0.022387572337711256
2022-10-01	0.0	0.30093207668646316
2022-10-01	0.0	0.04095294565465052
2022-10-01	0.0	2.4515562065508245
2022-10-01	0.0	0.33459181459081183
2022-10-01	0.0	0.023088379552700176
2022-10-01	0.0	0.011725360643430568
2022-10-01	5.0	5.904105603590825
2022-10-01	0.0	0.11446923425747357
2022-10-01	0.0	0.007542201827652949
2022-10-01	0.0	0.20830970629143442
2022-10-01	0.0	0.5491149747168326
2022-10-01	0.0	1.2288826649139193
2022-10-01	1.0	3.40522566256844
2022-10-01	3.0	3.078064090035882
2022-10-01	0.0	0.04167459159745423
2022-10-01	1.0	3.1857523352724746
2022-10-01	0.0	0.054196170218257914
2022-10-01	0.0	0.8042121414046624
2022-10-01	0.0	0.012492992600075217
2022-10-01	0.0	0.2610506774597644
2022-11-01	0.0	0.5796939864609876
2022-11-01	0.0	0.06372071189100849
2022-11-01	0.0	0.019794752089553464
2022-11-01	14.0	30.328826618310394
2022-11-01	0.0	0.02894774654345149
2022-11-01	2.0	4.791780630976444
2022-11-01	0.0	0.027327738520695307
2022-11-01	0.0	0.038352244690382335
2022-11-01	0.0	0.01801664829138284
2022-11-01	37.5	7.916142742198088
2022-11-01	0.0	0.42661200910940206
2022-11-01	26.0	31.49557480129855
2022-11-01	2.0	2.048885343288623
2022-11-01	0.0	0.22972855346845245
2022-11-01	3.0	3.4233492862727157
2022-11-01	5.0	3.3560627574731097
2022-11-01	0.0	0.03970543713437619
2022-11-01	0.0	0.0225481358883917
2022-11-01	36.0	34.690981275643026
2022-11-01	2.0	3.1232674394433113
2022-11-01	0.0	0.020812203144262135
2022-11-01	0.0	0.2556108419279012
2022-11-01	1.0	2.4876214887418135
2022-11-01	0.0	0.051722941732820056
2022-11-01	0.0	0.17139679108045602
2022-11-01	0.0	0.0032869782888083534
2022-11-01	0.0	0.013477464585229307
2022-11-01	0.0	0.07568699661723571
2022-11-01	2.0	1.0968838757486434
2022-11-01	0.0	0.10834671093617133
2022-11-01	8.0	3.850925326374633
2022-11-01	9.0	5.78491503106794
2022-11-01	2.0	16.972047770723936
2022-11-01	0.0	0.5631925238205033
2022-11-01	1.0	2.408936593366275
2022-11-01	31.0	28.227555392723925
2022-11-01	2.0	2.1960970322804423
2022-11-01	5.0	2.510642512143432
2022-11-01	0.0	0.1520727401068961
2022-11-01	13.0	14.969232518234614
2022-11-01	37.5	13.015457589912009
2022-11-01	2.0	4.278243856907859
2022-11-01	2.0	3.6256683076929077
2022-11-01	2.0	2.051993306136377
2022-11-01	4.0	9.533376691724198
2022-11-01	2.0	2.7158767648709103
2022-11-01	0.0	0.20164121200815427
2022-11-01	0.0	0.17964018618599972
2022-11-01	0.0	0.020551265474591157
2022-11-01	0.0	0.07931755586557171
2022-11-01	0.0	0.02405078975605862
2022-11-01	35.0	33.48824692480037
2022-11-01	0.0	0.38456721351381673
2022-11-01	4.0	6.540452540516016
2022-11-01	2.0	2.668091053702806
2022-11-01	1.0	3.9855444757449585
2022-11-01	0.0	0.215151746630906
2022-11-01	2.0	2.7930436049996947
2022-11-01	0.0	0.14845870384331214
2022-11-01	2.0	3.290273629715963
2022-11-01	18.0	14.409191022488834
2022-11-01	0.0	0.0790168911143151
2022-11-01	1.0	0.6843921572977053
2022-11-01	24.0	17.142364382055597
2022-11-01	0.0	0.6661888057243837
2022-11-01	0.0	0.31892875569695384
2022-11-01	0.0	0.09329331791833126
2022-11-01	2.0	3.016916408561462
2022-11-01	0.0	0.13897920564552496
2022-11-01	2.0	9.936701105127693
2022-11-01	2.0	3.2267417105216896
2022-11-01	1.0	3.1613897931283255
2022-11-01	0.0	0.00805342857880125
2022-11-01	0.0	0.18747416862755645
2022-11-01	0.0	0.6877622733589548
2022-11-01	0.0	0.11214695425410766
2022-11-01	0.0	0.02241035265829214
2022-11-01	0.0	0.9489404506659596
2022-11-01	6.0	11.991743251395269
2022-11-01	2.0	3.222302630633457
2022-11-01	3.0	3.0627970260117956
2022-11-01	6.0	5.986523577789167
2022-11-01	1.0	1.8285294975562
2022-11-01	4.0	4.935297877055322
2022-11-01	4.0	11.519172021996772
2022-11-01	0.0	0.06373910588470197
2022-11-01	0.0	0.3450610914768981
2022-11-01	0.0	0.26281027396007206
2022-11-01	0.0	0.017094435970529624
2022-11-01	1.0	1.9485574301016992
2022-11-01	21.0	12.600057866366072
2022-11-01	0.0	0.22439085042765397
2022-11-01	0.0	0.015419504966008472
2022-11-01	0.0	0.19843002555892528
2022-11-01	0.0	0.16723293307152756
2022-11-01	1.0	2.30857130548403
2022-11-01	0.0	0.11648995855006487
2022-11-01	2.0	3.18941367721935
2022-11-01	11.0	3.404456269822214
2022-11-01	0.0	0.16166991854255786
2022-11-01	0.0	0.27546437844911337
2022-11-01	0.0	0.024838470473566382
2022-11-01	1.0	1.524893614675234
2022-11-01	4.0	2.3311551360100093
2022-11-01	8.0	14.584292567876515
2022-11-01	0.0	0.24829459908468773
2022-11-01	0.0	0.15663382606306314
2022-11-01	0.0	0.13985652058148423
2022-11-01	0.0	0.01071887421682674
2022-11-01	0.0	0.07387115528536234
2022-11-01	0.0	0.11788099049406721
2022-11-01	0.0	0.3293462231731738
2022-11-01	14.0	8.388720832985314
2022-11-01	4.0	2.3358688086212323
2022-11-01	11.0	4.522345936211488
2022-11-01	37.5	26.185706556422225
2022-11-01	0.0	0.14697815651148488
2022-11-01	0.0	0.001509290678095934
2022-11-01	0.0	1.3743563006368895
2022-11-01	0.0	0.08622548088996149
2022-11-01	0.0	0.025808522834955955
2022-11-01	2.0	2.0540171978856905
2022-11-01	0.0	0.06164729917075473
2022-11-01	5.0	3.4970832190224233
2022-11-01	2.0	4.624253333974308
2022-11-01	2.0	8.98542469405712
2022-11-01	0.0	0.014462119654892977
2022-11-01	37.5	36.65820231426571
2022-11-01	1.0	2.746209206813714
2022-11-01	0.0	0.12072551501439621
2022-11-01	0.0	0.328663142620938
2022-11-01	0.0	0.07155685652557639
2022-11-01	0.0	0.19299349561471016
2022-11-01	0.0	0.12004240534943705
2022-11-01	0.0	0.3642421171845207
2022-11-01	1.0	0.3274484526774066
2022-11-01	0.0	0.07844015622013602
2022-11-01	5.0	1.5999446952809468
2022-11-01	0.0	0.11175383210794236
2022-11-01	0.0	0.014806148431931569
2022-11-01	2.0	3.5544950715171764
2022-11-01	5.0	4.239680760224851
2022-11-01	0.0	0.019375027713984305
2022-11-01	31.0	34.379193577943624
2022-11-01	0.0	0.056554750052044134
2022-11-01	1.0	8.79224457840138
2022-11-01	0.0	0.1046445952148764
2022-11-01	0.0	0.11363640852219689
2022-11-01	0.0	0.12229637470008632
2022-11-01	0.0	0.035563747653877355
2022-11-01	0.0	0.14749998072817458
2022-11-01	0.0	0.03313222781314248
2022-11-01	6.0	7.496848304129742
2022-11-01	0.0	0.13793569048095708
2022-11-01	3.0	5.323804721628953
2022-11-01	0.0	0.014540576395598538
2022-11-01	0.0	0.6129026051837929
2022-11-01	0.0	0.21651061935721383
2022-11-01	5.0	2.888394349080285
2022-11-01	0.0	0.0637724813054471
2022-11-01	0.0	0.016978262544435907
2022-11-01	2.0	2.3422012098915133
2022-11-01	3.0	1.827840842692741
2022-11-01	0.0	0.2508581793528265
2022-11-01	0.0	0.5448246073095403
2022-11-01	2.0	2.5604017276201856
2022-11-01	0.0	0.008044478077167981
2022-11-01	0.0	0.02894254414455194
2022-11-01	0.0	0.01481632644954882
2022-11-01	3.0	2.445119962594755
2022-11-01	5.0	2.6522434247316187
2022-11-01	0.0	0.18027105591250456
2022-11-01	0.0	0.9163170311542326
2022-11-01	0.0	0.41520772986985655
2022-11-01	1.0	2.8728775324142606
2022-11-01	15.0	4.438115962287961
2022-11-01	4.0	8.649618341318288
2022-11-01	0.0	0.0015231574894062241
2022-11-01	0.0	0.09674182976841056
2022-11-01	0.0	0.1252856402162235
2022-11-01	2.0	2.40205101087011
2022-11-01	37.5	16.039594945668405
2022-11-01	0.0	0.37698384638801435
2022-11-01	0.0	0.46249923658574765
2022-11-01	14.0	7.012187452813031
2022-11-01	0.0	0.052891739088881055
2022-11-01	0.0	0.08390155548055743
2022-11-01	0.0	0.045504316858528696
2022-11-01	8.0	8.56446367343093
2022-11-01	3.0	12.32149322114554
2022-11-01	0.0	1.187136973371729
2022-11-01	3.0	7.847094955423864
2022-11-01	0.0	0.14846033945926576
2022-11-01	0.0	0.016215459523647977
2022-11-01	0.0	20.97959267442819
2022-11-01	0.0	0.17076721923861032
2022-11-01	0.0	0.0015231574894062241
2022-11-01	4.0	3.514321300586428
2022-11-01	0.0	0.01681227461516736
2022-11-01	0.0	0.014806148431931569
2022-11-01	0.0	0.08013465449857235
2022-11-01	0.0	0.14542036062635882
2022-11-01	37.5	21.697555738486482
2022-11-01	0.0	0.07814973685261135
2022-11-01	0.0	0.1829953242330244
2022-11-01	5.0	6.801194558628302
2022-11-01	0.0	0.5403531465832867
2022-11-01	0.0	0.0951196623132553
2022-11-01	1.0	4.508008063534685
2022-11-01	0.0	0.21113691357758418
2022-11-01	0.0	0.15329733500251644
2022-11-01	1.0	1.8820996175343339
2022-11-01	0.0	0.007056200986893842
2022-11-01	0.0	0.0022519522232153045
2022-11-01	0.0	0.02164760774668844
2022-11-01	9.0	3.0998072509054415
2022-11-01	0.0	0.24745013184478143
2022-11-01	10.0	12.157541343857877
2022-11-01	0.0	0.026233521735530875
2022-11-01	4.0	3.7849945933114664
2022-11-01	3.0	2.14720455671169
2022-11-01	22.0	14.045390573409163
2022-11-01	0.0	0.07430757131814392
2022-11-01	0.0	0.2832903407963697
2022-11-01	0.0	0.07827937445755931
2022-11-01	0.0	0.24255380643587648
2022-11-01	3.0	13.078281831111426
2022-11-01	0.0	0.8645857355733718
2022-11-01	1.0	3.59016386285478
2022-11-01	0.0	0.7428589211226627
2022-11-01	0.0	0.12965853219031095
2022-11-01	0.0	0.014806148431931569
2022-11-01	22.0	8.456079340369204
2022-11-01	5.0	12.619209160859327
2022-11-01	0.0	0.019524027526007903
2022-11-01	0.0	0.07316656477903315
2022-11-01	0.0	0.05284837146638016
2022-11-01	0.0	0.8803976725654356
2022-11-01	0.0	0.15978378816700037
2022-11-01	7.0	4.475998422451717
2022-11-01	37.5	37.48358038968087
2022-11-01	0.0	0.0016051797318963922
2022-11-01	0.0	0.991456066373311
2022-11-01	0.0	0.0015231574894062241
2022-11-01	1.0	3.8798826491518317
2022-11-01	17.0	17.906970433669674
2022-11-01	0.0	0.15117743584942148
2022-11-01	37.5	37.03054621695161
2022-11-01	9.0	2.127736861800746
2022-11-01	0.0	0.2335992411918377
2022-11-01	0.0	0.6325674794380782
2022-11-01	37.5	17.506283830274707
2022-11-01	37.5	37.11691032073517
2022-11-01	0.0	0.025207210136693074
2022-11-01	0.0	0.8049339749210933
2022-11-01	0.0	0.22391180913142095
2022-11-01	17.0	20.60511168835288
2022-11-01	0.0	0.14451104672366288
2022-11-01	0.0	0.02055028593354526
2022-11-01	0.0	0.03856005667549211
2022-11-01	4.0	5.788931276180707
2022-11-01	37.5	37.49137448940523
2022-11-01	0.0	0.06032261887322067
2022-11-01	0.0	0.0015231574894062241
2022-11-01	6.0	4.010984626978816
2022-11-01	0.0	0.049584076168766464
2022-11-01	1.0	2.6992506642628946
2022-11-01	8.0	8.465022599899758
2022-11-01	0.0	0.034375254697212976
2022-11-01	5.0	3.0841626444309913
2022-11-01	0.0	0.2300833552400332
2022-11-01	37.5	37.0523864253093
2022-11-01	0.0	0.02982864375284501
2022-11-01	1.0	3.4338309587455105
2022-11-01	0.0	0.013768373763539652
2022-11-01	5.0	7.170244356170604
2022-11-01	0.0	0.8908493870720541
2022-11-01	2.0	2.449757675245794
2022-11-01	0.0	0.1810487904849363
2022-11-01	2.0	0.514027572784599
2022-11-01	0.0	0.1786708807445851
2022-11-01	0.0	0.35286482261284935
2022-11-01	0.0	0.4935849302862582
2022-11-01	2.0	2.910648519753318
2022-11-01	0.0	0.2132411369543478
2022-11-01	0.0	0.025251422159793077
2022-11-01	3.0	3.9674767623288902
2022-11-01	0.0	0.21268990810956195
2022-11-01	1.0	2.580765741023165
2022-11-01	1.0	1.690163960854382
2022-11-01	0.0	0.05221362102491134
2022-11-01	1.0	2.580887078213456
2022-11-01	2.0	2.4863244779910625
2022-11-01	15.0	7.558161997220695
2022-11-01	0.0	0.004374924051257815
2022-11-01	0.0	0.04926428986302004
2022-11-01	0.0	3.46322817259338
2022-11-01	0.0	0.035049003316633354
2022-11-01	2.0	3.195233762505032
2022-11-01	0.0	0.01481632644954882
2022-11-01	0.0	0.04266786083115867
2022-11-01	1.0	8.490701905224714
2022-11-01	3.0	3.461953084071488
2022-11-01	0.0	0.025039847821214385
2022-11-01	0.0	0.1306605467075097
2022-11-01	37.5	37.348547691725585
2022-11-01	0.0	0.400469420489726
2022-11-01	0.0	0.13729125163474729
2022-11-01	37.5	34.63357209613436
2022-11-01	20.0	8.237751673919725
2022-11-01	0.0	0.6899698894161295
2022-11-01	2.0	7.962446555046241
2022-11-01	1.0	1.4317334917989908
2022-11-01	2.0	2.7815989828680214
2022-11-01	0.0	0.034392601568731807
2022-11-01	0.0	0.0015231574894062241
2022-11-01	0.0	1.1185248018467602
2022-11-01	6.0	17.46951183135532
2022-11-01	19.0	31.611020944135113
2022-11-01	0.0	0.04800397411256737
2022-11-01	0.0	0.0015231574894062241
2022-11-01	2.0	1.2821443907792878
2022-11-01	0.0	0.21871578230532202
2022-11-01	1.0	2.305852708505695
2022-11-01	0.0	0.9380328456458724
2022-11-01	0.0	0.024521339924162028
2022-11-01	0.0	0.011266977936045142
2022-11-01	1.0	2.0549794458307167
2022-11-01	3.0	5.115206252071392
2022-11-01	0.0	0.01380309500518176
2022-11-01	0.0	0.053488003687977785
2022-11-01	10.0	6.6038040820033785
2022-11-01	0.0	0.12554303647321136
2022-11-01	0.0	0.14344802949374968
2022-11-01	0.0	0.07144307005772516
2022-11-01	4.0	2.014295235408325
2022-11-01	0.0	0.006107619486043235
2022-11-01	2.0	1.7505164903690122
2022-11-01	0.0	0.15720290024940958
2022-11-01	0.0	0.06809122552715312
2022-11-01	1.0	4.995354504409168
2022-11-01	0.0	0.1283711177609091
2022-11-01	0.0	0.22002304801598313
2022-11-01	0.0	0.08279296792104762
2022-11-01	1.0	1.8053873367531303
2022-11-01	0.0	0.001767263560398042
2022-11-01	16.0	7.8253546974321
2022-11-01	2.0	4.711020596637904
2022-11-01	0.0	0.0316587840306872
2022-11-01	1.0	4.024396803074628
2022-11-01	0.0	0.08660394386118314
2022-11-01	0.0	0.18218773147425302
2022-11-01	0.0	0.06958041032987089
2022-11-01	27.0	16.58207098965923
2022-11-01	0.0	0.025207210136693074
2022-11-01	0.0	0.0017938615408291056
2022-11-01	0.0	0.17662169946203332
2022-11-01	13.0	3.7330710560799574
2022-11-01	0.0	0.012306290334975255
2022-11-01	1.0	2.0289151087900352
2022-11-01	1.0	2.5816781437468164
2022-11-01	0.0	0.3309687017651186
2022-11-01	0.0	0.1576715218695736
2022-11-01	4.0	3.397046586211056
2022-11-01	1.0	1.6771520653088146
2022-11-01	0.0	0.25550496399064543
2022-11-01	0.0	0.0757381622542619
2022-11-01	8.0	2.6314700903789685
2022-11-01	0.0	0.08656990422211724
2022-11-01	0.0	0.10023777233153973
2022-11-01	0.0	1.3090364394935512
2022-11-01	5.0	6.945861677376296
2022-11-01	1.0	10.244488401384698
2022-11-01	0.0	0.3508114236755008
2022-11-01	0.0	0.012190288930928736
2022-11-01	0.0	0.015985057239892627
2022-11-01	1.0	2.8650806106006117
2022-11-01	1.0	2.0496840882824285
2022-11-01	6.0	3.1426304115523447
2022-11-01	1.0	2.107679498358699
2022-11-01	0.0	0.864397251985888
2022-11-01	0.0	0.011927805412025877
2022-11-01	0.0	0.6715669064679394
2022-11-01	0.0	0.06681182120926421
2022-11-01	0.0	0.14937850201400546
2022-11-01	0.0	0.002296557834303189
2022-11-01	2.0	2.8370026736459315
2022-11-01	0.0	0.01481632644954882
2022-11-01	6.0	1.8630562875078454
2022-11-01	0.0	0.08820924569504918
2022-11-01	0.0	0.1416039724927624
2022-11-01	0.0	0.13774645522791068
2022-11-01	0.0	1.0398088264323855
2022-11-01	0.0	0.03082078472524949
2022-11-01	2.0	1.0680023567549253
2022-11-01	3.0	9.388918624320532
2022-11-01	0.0	0.1757795501856498
2022-11-01	0.0	0.516390531318531
2022-11-01	3.0	2.8322029665141515
2022-11-01	0.0	0.025207210136693074
2022-11-01	1.0	1.8231642741945002
2022-11-01	0.0	0.014247758166425165
2022-11-01	35.0	15.199714473205928
2022-11-01	0.0	0.02965121043840835
2022-11-01	3.0	3.22410471436853
2022-11-01	0.0	0.03082854322326126
2022-11-01	1.0	3.0826628052528937
2022-11-01	0.0	3.0942533493275075
2022-11-01	0.0	0.03323687223027062
2022-11-01	9.0	14.924016856362385
2022-11-01	1.0	2.1518655415890198
2022-11-01	1.0	2.404493560881276
2022-11-01	0.0	0.29690836525353165
2022-11-01	0.0	0.023688871456725453
2022-11-01	0.0	0.10908443902229135
2022-11-01	0.0	0.2199060325764975
2022-11-01	1.0	1.6278550208270537
2022-11-01	0.0	0.04200080398019569
2022-11-01	0.0	0.01598786874479516
2022-11-01	0.0	0.08019196372383247
2022-11-01	1.0	1.5224111968847283
2022-11-01	0.0	0.055589200561108366
2022-11-01	0.0	0.010528474810449193
2022-11-01	0.0	0.048901422020907595
2022-11-01	4.0	29.113647396053928
2022-11-01	0.0	0.06757077618829155
2022-11-01	5.0	10.473853947843384
2022-11-01	15.0	33.015998250265504
2022-11-01	0.0	0.06825082126450857
2022-11-01	0.0	0.3419475808980462
2022-11-01	37.5	4.176446544966098
2022-11-01	37.5	37.57321585376746
2022-11-01	35.0	12.27091512865267
2022-11-01	3.0	5.675479029238889
2022-11-01	7.0	5.6054322790122075
2022-11-01	14.0	9.439197647244338
2022-11-01	0.0	0.022376402480497517
2022-11-01	0.0	0.219078871682574
2022-11-01	0.0	0.10452835549428527
2022-11-01	0.0	0.13560911321164926
2022-11-01	0.0	0.0797446831526088
2022-11-01	19.0	11.15367115893681
2022-11-01	0.0	0.0678118290913122
2022-11-01	0.0	0.9752415833095032
2022-11-01	6.0	2.2411133594060693
2022-11-01	1.0	13.00375869870467
2022-11-01	0.0	0.04772492046507209
2022-11-01	0.0	0.25316789438951676
2022-11-01	0.0	0.021891713817680257
2022-11-01	0.0	0.017130740762873922
2022-11-01	2.0	6.439280166614793
2022-11-01	0.0	0.11316148451719558
2022-11-01	0.0	0.04944163442789862
2022-11-01	0.0	0.05288721976282414
2022-11-01	2.0	2.911771360401151
2022-11-01	0.0	0.03901567039509003
2022-11-01	6.0	8.080338413130766
2022-11-01	0.0	0.2466448629231483
2022-11-01	2.0	4.378368858125654
2022-11-01	2.0	2.3920747691001667
2022-11-01	1.0	2.436932726503238
2022-11-01	0.0	0.03481702033702266
2022-11-01	2.0	3.3567620531941498
2022-11-01	2.0	2.680297377354421
2022-11-01	1.0	2.9118272431997965
2022-11-01	0.0	0.041924196391904596
2022-11-01	7.0	6.666005930618392
2022-11-01	2.0	2.157906032975558
2022-11-01	1.0	2.1658115466252172
2022-11-01	0.0	0.3380413429142365
2022-11-01	0.0	0.0014947361908197088
2022-11-01	0.0	0.03465926908175094
2022-11-01	0.0	0.01850960016423057
2022-11-01	0.0	0.003930037739376258
2022-11-01	0.0	0.17054656155213965
2022-11-01	7.0	9.984272181188432
2022-11-01	3.0	2.9903849112603744
2022-11-01	0.0	0.014894493799977402
2022-11-01	0.0	0.019734346554384767
2022-11-01	0.0	0.040495960345295234
2022-11-01	6.0	2.185582450569854
2022-11-01	1.0	1.9265820828764115
2022-11-01	2.0	1.7847498401947406
2022-11-01	0.0	1.4245063964159386
2022-11-01	0.0	0.30521964502891075
2022-11-01	1.0	3.520714798203887
2022-11-01	0.0	0.7423675054979705
2022-11-01	0.0	0.3480229283854168
2022-11-01	1.0	6.0685382053069485
2022-11-01	3.0	8.287075851233203
2022-11-01	6.0	2.5432285804346586
2022-11-01	2.0	7.355881094843706
2022-11-01	0.0	0.3835077134080182
2022-11-01	6.0	2.9501580529581766
2022-11-01	3.0	2.983684031664471
2022-11-01	4.0	18.22187320087549
2022-11-01	0.0	0.04641442415822943
2022-11-01	1.0	2.247548898199436
2022-11-01	1.0	1.5288279638513
2022-11-01	0.0	0.39465705828757625
2022-11-01	0.0	0.15589984848723024
2022-11-01	0.0	0.7150058818312499
2022-11-01	2.0	3.7742674098331674
2022-11-01	4.0	6.651820583608994
2022-11-01	0.0	0.040209766456627105
2022-11-01	1.0	2.33632268680009
2022-11-01	0.0	0.0015913129205861022
2022-11-01	4.0	4.012748799939951
2022-11-01	0.0	1.018684882923644
2022-11-01	0.0	0.7508072595849581
2022-11-01	0.0	1.5089199382211549
2022-11-01	0.0	0.09373389940639706
2022-11-01	8.0	16.253350750618836
2022-11-01	1.0	2.390935959773139
2022-11-01	0.0	0.40998394763881263
2022-11-01	0.0	0.049307230021212706
2022-11-01	1.0	2.387894095407506
2022-11-01	1.0	3.9850428850491713
2022-11-01	2.0	2.9952767137594853
2022-11-01	1.0	1.7599235602572767
2022-11-01	0.0	0.23951912650536955
2022-11-01	0.0	0.27973156576817515
2022-11-01	8.0	5.511224325675547
2022-11-01	2.0	2.081202334839037
2022-11-01	2.0	4.219525817787275
2022-11-01	2.0	5.231735582240335
2022-11-01	0.0	0.009894601116504283
2022-11-01	0.0	0.06611646323669988
2022-11-01	0.0	0.2493210215582435
2022-11-01	0.0	0.05045902044380615
2022-11-01	0.0	0.28094225287598623
2022-11-01	0.0	0.14242887078125158
2022-11-01	0.0	0.12386927971501054
2022-11-01	0.0	0.11805027917772784
2022-11-01	0.0	0.17158374109494015
2022-11-01	0.0	0.015085712707059384
2022-11-01	1.0	0.5344540173186303
2022-11-01	0.0	0.01617737147003836
2022-11-01	0.0	0.08654848590939135
2022-11-01	7.0	4.912633209795983
2022-11-01	24.0	28.299096008805545
2022-11-01	0.0	0.02376447061657983
2022-11-01	2.0	3.2151190515790486
2022-11-01	29.0	17.473764718563313
2022-11-01	0.0	0.24635288553429813
2022-11-01	8.0	3.847520184599883
2022-11-01	3.0	10.605875643157727
2022-11-01	1.0	1.8987950162132083
2022-11-01	0.0	0.01760820620563367
2022-11-01	7.0	11.252082354967591
2022-11-01	37.5	24.293037959741145
2022-11-01	1.0	2.644245058594703
2022-11-01	0.0	0.014894493799977402
2022-11-01	5.0	6.041273259957281
2022-11-01	0.0	0.2412653557985518
2022-11-01	0.0	0.014222280612391848
2022-11-01	0.0	1.2434070939579427
2022-11-01	1.0	3.515826692507297
2022-11-01	1.0	2.4881814160025466
2022-11-01	0.0	0.024466962189170542
2022-11-01	0.0	0.20032723161574076
2022-11-01	1.0	1.6312844429960887
2022-11-01	0.0	0.025207210136693074
2022-11-01	4.0	2.0445803060002348
2022-11-01	0.0	0.017923508137618772
2022-11-01	0.0	0.46119503856090854
2022-11-01	0.0	0.15629193711564685
2022-11-01	0.0	5.064919847809244
2022-11-01	26.0	24.73653807556915
2022-11-01	18.0	3.663680115094688
2022-11-01	0.0	0.019396329709134963
2022-11-01	0.0	0.1656011794175216
2022-11-01	1.0	3.509400903889795
2022-11-01	4.0	2.935758191705713
2022-11-01	0.0	0.1432203607840674
2022-11-01	3.0	2.3197185932565905
2022-11-01	12.0	15.84401273574812
2022-11-01	0.0	1.634704677990854
2022-11-01	0.0	0.3114899558603752
2022-11-01	0.0	0.025207210136693074
2022-11-01	0.0	0.016170359826974533
2022-11-01	0.0	1.0800128643067117
2022-11-01	1.0	1.9878532501042256
2022-11-01	14.0	7.929953334801042
2022-11-01	4.0	4.864450632517125
2022-11-01	1.0	5.4411015548163
2022-11-01	0.0	0.04102514329044482
2022-11-01	11.0	13.288388340412823
2022-11-01	1.0	3.3522595818957908
2022-11-01	0.0	0.6051219649047421
2022-11-01	0.0	0.04205306931908965
2022-11-01	0.0	0.15750762499163945
2022-11-01	2.0	3.407726549677938
2022-11-01	7.0	2.4456469534007512
2022-11-01	0.0	1.3440700995183967
2022-11-01	8.0	20.191884898780337
2022-11-01	0.0	0.036867537079608034
2022-11-01	0.0	0.07325476076178648
2022-11-01	2.0	2.4853122182633878
2022-11-01	0.0	0.5252956422209458
2022-11-01	2.0	3.456863080015144
2022-11-01	0.0	0.24814081163310683
2022-11-01	7.0	6.944149123790588
2022-11-01	0.0	0.3093584240143525
2022-11-01	9.0	8.087632710721975
2022-11-01	3.0	5.327714492844625
2022-11-01	1.0	1.7522384935157105
2022-11-01	7.0	4.225717938438045
2022-11-01	0.0	0.1492037716647003
2022-11-01	0.0	0.11431784179589105
2022-11-01	2.0	4.501936456172102
2022-11-01	0.0	0.08783304851278706
2022-11-01	0.0	0.09950820429398352
2022-11-01	0.0	0.11172669172407754
2022-11-01	3.0	8.37108818764971
2022-11-01	2.0	4.480943641516056
2022-11-01	8.0	6.233208461032733
2022-11-01	0.0	0.07301549523484249
2022-11-01	0.0	0.0015231574894062241
2022-11-01	4.0	3.8348644718449107
2022-11-01	0.0	0.15011719550897026
2022-11-01	0.0	0.3271497621290188
2022-11-01	0.0	0.13619490340720772
2022-11-01	25.0	7.827819173723151
2022-11-01	2.0	2.72864310489272
2022-11-01	33.0	37.272921027817766
2022-11-01	0.0	0.15825084091293634
2022-11-01	1.0	2.961312627803031
2022-11-01	0.0	0.019343008158086705
2022-11-01	0.0	0.024930973149830928
2022-11-01	4.0	8.94675176265146
2022-11-01	2.0	1.7247923080259993
2022-11-01	2.0	2.162385068742426
2022-11-01	7.0	3.7977442280106173
2022-11-01	0.0	0.26485079299243697
2022-11-01	2.0	4.9057154592479515
2022-11-01	2.0	3.940836645116219
2022-11-01	3.0	7.797868995374821
2022-11-01	21.0	18.91538395027816
2022-11-01	0.0	0.12290442136305532
2022-11-01	0.0	0.2282152715477126
2022-11-01	0.0	0.14193498047320138
2022-11-01	1.0	1.6797089068828337
2022-11-01	2.0	2.574652497519859
2022-11-01	0.0	1.8164437445490895
2022-12-01	1.0	2.18886436947262
2022-12-01	18.0	20.31555174741777
2022-12-01	0.0	0.07554246959517559
2022-12-01	0.0	0.3308560280563525
2022-12-01	0.0	0.004309959320800304
2022-12-01	0.0	0.15626766935586767
2022-12-01	33.0	30.702979344406344
2022-12-01	0.0	0.07108733070398943
2022-12-01	0.0	0.2305695165439741
2022-12-01	2.0	1.8587938815822946
2022-12-01	1.0	2.6676096089600008
2022-12-01	0.0	0.030196534328277288
2022-12-01	0.0	1.4105813460109828
2022-12-01	2.0	4.281531812333567
2022-12-01	0.0	0.8423611966975044
2022-12-01	3.0	2.815067761448936
2022-12-01	0.0	0.0875655097228964
2022-12-01	0.0	0.36974976223519057
2022-12-01	0.0	0.8517134994631754
2022-12-01	37.5	31.88686573583361
2022-12-01	2.0	3.153643610885796
2022-12-01	0.0	2.1102611496754693
2022-12-01	2.0	2.5162958713668866
2022-12-01	5.0	2.2210790311583177
2022-12-01	0.0	0.11238644253621366
2022-12-01	0.0	0.11482959541774158
2022-12-01	6.0	8.489421030619594
2022-12-01	7.0	6.05425707869804
2022-12-01	0.0	0.18940067474153752
2022-12-01	25.0	4.83627374959127
2022-12-01	0.0	0.5635111084727109
2022-12-01	0.0	0.2488382145473505
2022-12-01	3.0	7.443938231279249
2022-12-01	0.0	0.03025751354175319
2022-12-01	1.0	5.077972767567442
2022-12-01	0.0	0.03151486963724441
2022-12-01	37.5	37.47977422116338
2022-12-01	1.0	2.2225845206617896
2022-12-01	0.0	0.4753483880576763
2022-12-01	15.0	4.186115912583555
2022-12-01	0.0	0.10627654235522734
2022-12-01	0.0	0.28883236176786015
2022-12-01	0.0	0.15981600884564984
2022-12-01	1.0	3.7700493982190006
2022-12-01	9.0	10.03914387460669
2022-12-01	37.5	33.49531604183174
2022-12-01	1.0	5.579221008859319
2022-12-01	37.5	34.00599891062846
2022-12-01	0.0	0.10731413546286125
2022-12-01	1.0	2.9260147287146165
2022-12-01	0.0	0.0015283498740687256
2022-12-01	6.0	4.619738068920687
2022-12-01	0.0	0.39466119495015084
2022-12-01	11.0	7.13998335846224
2022-12-01	18.0	30.506380244605523
2022-12-01	8.0	6.542473686980215
2022-12-01	6.0	9.519141750384133
2022-12-01	3.0	3.340897281630769
2022-12-01	0.0	0.1953694651553265
2022-12-01	0.0	0.5414526172112504
2022-12-01	3.0	6.366430949375842
2022-12-01	0.0	0.1530605745868068
2022-12-01	0.0	0.12333969154575863
2022-12-01	3.0	4.346978802978618
2022-12-01	0.0	0.0952423482508368
2022-12-01	0.0	0.4812639509131341
2022-12-01	0.0	0.05600139809470597
2022-12-01	3.0	4.1836985567114535
2022-12-01	10.0	10.284745974147668
2022-12-01	37.5	35.80661779176934
2022-12-01	4.0	5.746023469788858
2022-12-01	3.0	1.4834664556617079
2022-12-01	0.0	1.4099276530092126
2022-12-01	0.0	0.08775453737647848
2022-12-01	0.0	0.03099787729066439
2022-12-01	8.0	5.8505729755683396
2022-12-01	0.0	0.038314606722537684
2022-12-01	22.0	27.725800692377824
2022-12-01	0.0	0.7773552012856779
2022-12-01	37.5	9.53082601099499
2022-12-01	0.0	0.13860995923353162
2022-12-01	5.0	3.4105278307960596
2022-12-01	0.0	0.42879406879632476
2022-12-01	0.0	0.44617534360367506
2022-12-01	0.0	0.030669290364699113
2022-12-01	13.0	13.689109001553394
2022-12-01	0.0	0.12944226806848394
2022-12-01	0.0	0.18558074031419275
2022-12-01	0.0	0.4193651506020193
2022-12-01	4.0	4.968472809713546
2022-12-01	1.0	2.0361354951056607
2022-12-01	8.0	28.00931891685504
2022-12-01	0.0	0.2785572490217239
2022-12-01	0.0	0.06260500856210274
2022-12-01	0.0	0.049895381127176355
2022-12-01	0.0	0.39899672840841566
2022-12-01	0.0	0.207781660710898
2022-12-01	0.0	0.26320177637364794
2022-12-01	0.0	1.327288351949777
2022-12-01	8.0	2.903239885438748
2022-12-01	0.0	0.12955718940236838
2022-12-01	6.0	9.857015994860264
2022-12-01	0.0	0.07553529337747161
2022-12-01	1.0	0.06898285408053845
2022-12-01	0.0	0.20191348651656296
2022-12-01	0.0	0.11374381053907184
2022-12-01	1.0	4.305955484809342
2022-12-01	4.0	6.3226793950977
2022-12-01	0.0	0.170251058024344
2022-12-01	0.0	0.04621824108729432
2022-12-01	0.0	0.1106714286085739
2022-12-01	6.0	20.456852016094167
2022-12-01	0.0	0.37812865636453746
2022-12-01	0.0	0.300834950688538
2022-12-01	0.0	0.187830918845678
2022-12-01	0.0	0.6698498439510424
2022-12-01	3.0	3.4912856981703815
2022-12-01	0.0	0.18666503183818506
2022-12-01	2.0	6.897790929264939
2022-12-01	0.0	0.162662096155396
2022-12-01	0.0	0.9407914998592078
2022-12-01	37.5	33.640822971919505
2022-12-01	0.0	0.16516752071565616
2022-12-01	0.0	0.38392454703358325
2022-12-01	0.0	0.3289703501685483
2022-12-01	0.0	0.03018935811057331
2022-12-01	2.0	1.4460194306628482
2022-12-01	7.0	2.8631982380762775
2022-12-01	3.0	3.9142009419264814
2022-12-01	1.0	2.27683818688395
2022-12-01	31.0	9.773334516201736
2022-12-01	0.0	0.07588630836071442
2022-12-01	0.0	0.8861396385805743
2022-12-01	0.0	0.33247394072500575
2022-12-01	1.0	1.102268930021088
2022-12-01	0.0	0.13287875063649696
2022-12-01	6.0	8.458357430744307
2022-12-01	0.0	0.27995363453378996
2022-12-01	0.0	0.07553529337747161
2022-12-01	2.0	5.840339446781279
2022-12-01	0.0	0.015346579939179575
2022-12-01	0.0	0.2630241081852679
2022-12-01	20.0	6.608383449303007
2022-12-01	8.0	2.496506152958748
2022-12-01	0.0	0.3751518839432513
2022-12-01	3.0	3.912103797511926
2022-12-01	16.0	6.356078046851507
2022-12-01	0.0	0.31464534386203724
2022-12-01	0.0	0.4520348795131971
2022-12-01	3.0	5.255600700196821
2022-12-01	1.0	6.634554893776327
2022-12-01	0.0	0.19125986865087857
2022-12-01	0.0	0.20382822209078588
2022-12-01	7.0	4.5199339719725415
2022-12-01	1.0	5.1387061035602635
2022-12-01	0.0	0.17223922366655608
2022-12-01	0.0	0.3793030769669199
2022-12-01	5.0	4.483047306786839
2022-12-01	10.0	11.491222491625045
2022-12-01	0.0	0.2918792620124463
2022-12-01	13.0	13.612177353853923
2022-12-01	0.0	0.9040442083100932
2022-12-01	0.0	0.10048415758430153
2022-12-01	0.0	0.3809727163861458
2022-12-01	0.0	0.017475147699593456
2022-12-01	0.0	0.11316921556737979
2022-12-01	1.0	6.000128829922356
2022-12-01	0.0	0.32978447877569245
2022-12-01	0.0	0.19729980451260773
2022-12-01	3.0	2.117713497031917
2022-12-01	0.0	0.03925046487001184
2022-12-01	0.0	0.22069058302516448
2022-12-01	0.0	0.04860061862968064
2022-12-01	14.0	5.18471208820802
2022-12-01	1.0	3.243035127139336
2022-12-01	1.0	3.6019128119332837
2022-12-01	0.0	0.12712718213040913
2022-12-01	1.0	3.1952983637023142
2022-12-01	37.5	34.437036973085696
2022-12-01	8.0	9.524751070319812
2022-12-01	2.0	6.649959429692568
2022-12-01	13.0	5.3214101415124215
2022-12-01	37.5	24.767094329962624
2022-12-01	37.5	37.103791226660796
2022-12-01	0.0	0.6422121455211844
2022-12-01	5.0	8.398810891816709
2022-12-01	0.0	0.16050421244033491
2022-12-01	0.0	0.0327431202571834
2022-12-01	0.0	0.25268958148448084
2022-12-01	1.0	1.9207461306812026
2022-12-01	0.0	0.02465753148831578
2022-12-01	0.0	0.06917757964502272
2022-12-01	28.0	8.56032025141343
2022-12-01	0.0	0.03614134188641992
2022-12-01	1.0	1.549439052784063
2022-12-01	0.0	1.051202790945314
2022-12-01	0.0	1.520934410399026
2022-12-01	0.0	0.025000195901035006
2022-12-01	5.0	3.269433363218028
2022-12-01	4.0	7.965973534692955
2022-12-01	0.0	0.2982121811922216
2022-12-01	0.0	1.725422100381945
2022-12-01	0.0	0.6157223777587749
2022-12-01	0.0	1.1134754148205896
2022-12-01	0.0	0.07954117053044726
2022-12-01	27.0	15.304146940508197
2022-12-01	0.0	0.6412702708939321
2022-12-01	6.0	6.91644464115582
2022-12-01	5.0	4.7342014320746495
2022-12-01	0.0	0.25036285460050267
2022-12-01	0.0	0.38380206535592953
2022-12-01	1.0	1.8245391277151755
2022-12-01	0.0	0.08110559467577858
2022-12-01	1.0	2.239494102181837
2022-12-01	7.0	2.156192349695663
2022-12-01	3.0	3.608457024588992
2022-12-01	0.0	0.11924686771109085
2022-12-01	0.0	0.05600439989461925
2022-12-01	0.0	0.6944072066476592
2022-12-01	0.0	1.0951999828653554
2022-12-01	0.0	0.1675398592030225
2022-12-01	0.0	0.1063016658907667
2022-12-01	19.0	11.8091808976233
2022-12-01	0.0	0.572592077184967
2022-12-01	0.0	0.11746021514433908
2022-12-01	0.0	1.1586205322852932
2022-12-01	0.0	0.8523071432210549
2022-12-01	0.0	0.17438627185107536
2022-12-01	0.0	0.11159380868213331
2022-12-01	0.0	0.3361012399882576
2022-12-01	0.0	0.8052661337951867
2022-12-01	37.5	25.939337504619303
2022-12-01	14.0	2.618002676709312
2022-12-01	4.0	5.569677687707604
2022-12-01	0.0	0.16146370498029225
2022-12-01	0.0	0.0793371794874225
2022-12-01	37.5	33.78707535706615
2022-12-01	0.0	0.08375203794133691
2022-12-01	0.0	0.33657102862400967
2022-12-01	8.0	3.3874250682813836
2022-12-01	0.0	0.10283365777404371
2022-12-01	2.0	0.37241875632823995
2022-12-01	21.0	22.21404185196961
2022-12-01	2.0	3.5134340214623068
2022-12-01	0.0	0.10404068154465101
2022-12-01	0.0	0.17333926939560376
2022-12-01	0.0	0.2317398135800825
2022-12-01	2.0	4.041093171530999
2022-12-01	21.0	14.947505321733848
2022-12-01	4.0	5.1955686235831084
2022-12-01	8.0	4.818325856037355
2022-12-01	0.0	0.08997717042509303
2022-12-01	0.0	0.20122487713083093
2022-12-01	0.0	0.5418553751430805
2022-12-01	10.0	3.051431931244122
2022-12-01	0.0	0.07554246959517559
2022-12-01	20.0	33.319587222229146
2022-12-01	37.5	35.526864962134084
2022-12-01	1.0	2.5788094042545353
2022-12-01	0.0	0.2237644551783169
2022-12-01	3.0	2.0937097753521807
2022-12-01	0.0	3.0002268827523038
2022-12-01	9.0	7.177246128161477
2022-12-01	0.0	0.26445044237727916
2022-12-01	37.5	38.08914308505433
2022-12-01	0.0	0.030196534328277288
2022-12-01	10.0	7.05819791906615
2022-12-01	0.0	0.0825243413494539
2022-12-01	0.0	0.08369073179997487
2022-12-01	0.0	0.24738950506138763
2022-12-01	2.0	2.356754915690723
2022-12-01	1.0	2.2316012658719933
2022-12-01	0.0	0.08459890642056561
2022-12-01	1.0	1.7956424112895184
2022-12-01	0.0	0.13178349350726026
2022-12-01	1.0	8.095281736739999
2022-12-01	0.0	0.030196534328277288
2022-12-01	0.0	0.3139117334890864
2022-12-01	0.0	0.1567627020907077
2022-12-01	3.0	7.233533458382547
2022-12-01	0.0	0.2826659766422163
2022-12-01	8.0	5.182201879501503
2022-12-01	0.0	0.1799431220617329
2022-12-01	2.0	3.2681863121552404
2022-12-01	0.0	0.35050926934864685
2022-12-01	0.0	0.7288450374523971
2022-12-01	2.0	2.190836808975747
2022-12-01	0.0	0.15633329080367275
2022-12-01	2.0	1.5311575400436594
2022-12-01	0.0	0.32726619982238037
2022-12-01	1.0	3.1263329139448164
2022-12-01	6.0	5.433380117363021
2022-12-01	0.0	0.2151024201659348
2022-12-01	1.0	3.5697951986660517
2022-12-01	20.0	18.490811798342918
2022-12-01	23.0	13.694938064658128
2022-12-01	0.0	0.05666261470469992
2022-12-01	0.0	0.5475826997461941
2022-12-01	0.0	0.33247245288370414
2022-12-01	26.0	20.910899864570297
2022-12-01	28.0	36.600787791105304
2022-12-01	11.0	23.291507391538985
2022-12-01	37.5	21.03230673539455
2022-12-01	0.0	0.06125310290664873
2022-12-01	0.0	1.0701968309183723
2022-12-01	0.0	0.057746049319061216
2022-12-01	0.0	0.008778986649951996
2022-12-01	1.0	3.3186815477959364
2022-12-01	7.0	5.3202050698995365
2022-12-01	1.0	2.333600061905272
2022-12-01	37.5	37.87518830015958
2022-12-01	37.5	35.83676753951261
2022-12-01	0.0	0.030196534328277288
2022-12-01	0.0	0.453244906161638
2022-12-01	0.0	0.008394160608066867
2022-12-01	6.0	14.712055361900058
2022-12-01	0.0	0.6697268359754112
2022-12-01	0.0	0.17360907610664103
2022-12-01	1.0	4.012641236566049
2022-12-01	0.0	0.056028385136541806
2022-12-01	0.0	0.7297096978028375
2022-12-01	0.0	0.1970665106923873
2022-12-01	0.0	0.2360082555819668
2022-12-01	0.0	0.015125880249490336
2022-12-01	10.0	5.291768282984134
2022-12-01	12.0	19.06779587737089
2022-12-01	1.0	2.314054183824859
2022-12-01	0.0	0.29930768600098484
2022-12-01	0.0	1.3759384751681805
2022-12-01	2.0	4.719132045057761
2022-12-01	0.0	0.3536433064217602
2022-12-01	19.0	33.655283675463124
2022-12-01	0.0	0.05600139809470597
2022-12-01	0.0	0.05601157611232323
2022-12-01	1.0	4.7806704172476095
2022-12-01	0.0	0.052794695936475435
2022-12-01	0.0	0.9449553124712309
2022-12-01	4.0	10.90314531429787
2022-12-01	1.0	2.3980571568314684
2022-12-01	10.0	3.834203814809163
2022-12-01	0.0	0.06420813028380709
2022-12-01	0.0	0.9855904353107117
2022-12-01	0.0	0.84649334121445
2022-12-01	2.0	3.1690616417817727
2022-12-01	11.0	24.987562952271347
2022-12-01	0.0	0.2972512353857267
2022-12-01	1.0	1.5401454230886538
2022-12-01	1.0	2.078445702328151
2022-12-01	6.0	9.271409227207254
2022-12-01	10.0	5.675233792367646
2022-12-01	0.0	0.25039650710669514
2022-12-01	0.0	0.03018935811057331
2022-12-01	2.0	4.987463767178184
2022-12-01	0.0	0.17182198370526613
2022-12-01	37.5	37.548310112739415
2022-12-01	1.0	1.6154355545700037
2022-12-01	4.0	3.7937528500839486
2022-12-01	0.0	0.5904387819959159
2022-12-01	3.0	3.730759372951486
2022-12-01	8.0	22.917930264017876
2022-12-01	4.0	3.242896359995343
2022-12-01	3.0	1.9131170957132582
2022-12-01	2.0	2.6237337058194834
2022-12-01	0.0	1.3503929455073165
2022-12-01	0.0	0.12342298334278874
2022-12-01	0.0	0.5270328766421254
2022-12-01	1.0	2.233504374435638
2022-12-01	0.0	0.07656911941336422
2022-12-01	0.0	1.6920166012158133
2022-12-01	0.0	0.263711823048469
2022-12-01	0.0	0.09487722697550582
2022-12-01	1.0	2.2589148010834696
2022-12-01	9.0	9.188000171223448
2022-12-01	12.0	5.8042808267057024
2022-12-01	1.0	2.7853041639302063
2022-12-01	0.0	0.030196534328277288
2022-12-01	0.0	0.11346757355220971
2022-12-01	0.0	0.0792817215356307
2022-12-01	0.0	1.0087904985947562
2022-12-01	5.0	3.838483704906079
2022-12-01	0.0	0.08730746233124607
2022-12-01	1.0	2.6824573421068596
2022-12-01	1.0	2.5267788115854692
2022-12-01	7.0	8.42223731975827
2022-12-01	0.0	0.256442058614781
2022-12-01	0.0	0.9017980218717361
2022-12-01	0.0	0.15633488555426345
2022-12-01	0.0	0.8788945829885672
2022-12-01	7.0	11.887518994475306
2022-12-01	27.0	24.08679029877469
2022-12-01	0.0	0.13047648834743863
2022-12-01	0.0	1.830270774059947
2022-12-01	0.0	0.05781279117360467
2022-12-01	0.0	2.449167640760341
2022-12-01	0.0	0.49197211156968457
2022-12-01	11.0	11.26941240137209
2022-12-01	0.0	0.32653491337669627
2022-12-01	37.5	37.1316491483978
2022-12-01	3.0	12.215214490135867
2022-12-01	0.0	0.21114822527187097
2022-12-01	0.0	0.2944461655078544
2022-12-01	0.0	0.12598052034326143
2022-12-01	8.0	30.761769493110094
2022-12-01	0.0	0.12989917581165505
2022-12-01	0.0	0.07639781494045181
2022-12-01	3.0	4.776813597941187
2022-12-01	0.0	0.8693301466129875
2022-12-01	3.0	3.6861631562807498
2022-12-01	0.0	0.07409669239679849
2022-12-01	1.0	4.147096605709301
2022-12-01	0.0	0.0013353080371958945
2022-12-01	1.0	3.6271192413221343
2022-12-01	0.0	0.9453147413251146
2022-12-01	4.0	6.482837650048973
2022-12-01	0.0	0.03047667643530514
2022-12-01	0.0	0.3625583546253886
2022-12-01	0.0	0.60528675923623
2022-12-01	12.0	4.225217704641381
2022-12-01	0.0	5.656856777284043
2022-12-01	5.0	4.341209740191893
2022-12-01	14.0	17.9495796250416
2022-12-01	0.0	0.15580399185906585
2022-12-01	0.0	0.14657860815042276
2022-12-01	2.0	2.7840013488083497
2022-12-01	0.0	0.23900676738586218
2022-12-01	1.0	5.484197197432035
2022-12-01	2.0	3.392579063807705
2022-12-01	9.0	9.437977774107477
2022-12-01	0.0	0.7329319916078046
2022-12-01	3.0	2.8501499199982523
2022-12-01	0.0	0.9480935576183268
2022-12-01	1.0	0.17992492077761785
2022-12-01	0.0	0.07526623260831344
2022-12-01	8.0	8.124812060563656
2022-12-01	0.0	0.42518536048356453
2022-12-01	32.0	33.41812029174093
2022-12-01	2.0	3.341393700611357
2022-12-01	0.0	0.19108329213427322
2022-12-01	3.0	4.4501709785391474
2022-12-01	0.0	0.059897859360073226
2022-12-01	0.0	0.07157187638363727
2022-12-01	0.0	0.42223249308994626
2022-12-01	4.0	2.5431467621861263
2022-12-01	8.0	6.904070421510825
2022-12-01	0.0	0.05603556135424577
2022-12-01	0.0	0.36318760761109026
2022-12-01	1.0	4.408984568932139
2022-12-01	0.0	0.05600439989461925
2022-12-01	0.0	0.0500638499529349
2022-12-01	1.0	2.185256627076375
2022-12-01	1.0	2.3439887231341126
2022-12-01	3.0	3.362789079672174
2022-12-01	0.0	0.3085571996244277
2022-12-01	0.0	0.14113687237895697
2022-12-01	2.0	4.516685710934387
2022-12-01	0.0	2.22503042082535
2022-12-01	0.0	0.19957938531187275
2022-12-01	0.0	0.14266721031924873
2022-12-01	1.0	2.1824270754430657
2022-12-01	0.0	0.28941197868015145
2022-12-01	0.0	0.46452637989285983
2022-12-01	0.0	0.030196534328277288
2022-12-01	8.0	5.524278480369377
2022-12-01	0.0	0.021483350607124856
2022-12-01	1.0	1.4304620935947328
2022-12-01	0.0	0.7996569330313782
2022-12-01	0.0	0.10891444390530378
2022-12-01	0.0	0.4434653990501987
2022-12-01	0.0	0.45823666878402525
2022-12-01	1.0	4.4708086597406815
2022-12-01	0.0	0.3292693118525102
2022-12-01	0.0	0.3693660080370249
2022-12-01	0.0	0.091415814333069
2022-12-01	0.0	0.21437529508169684
2022-12-01	25.0	15.345888196378937
2022-12-01	0.0	0.1132251841667352
2022-12-01	0.0	0.30666002853048324
2022-12-01	5.0	5.557553755976669
2022-12-01	2.0	3.1837685568985874
2022-12-01	0.0	0.5592495677245226
2022-12-01	0.0	0.03027138035306348
2022-12-01	7.0	10.781108451702842
2022-12-01	0.0	0.040834194195759135
2022-12-01	0.0	0.07869334867595297
2022-12-01	0.0	0.3767003369705473
2022-12-01	1.0	4.273349323315654
2022-12-01	11.0	8.887861982166367
2022-12-01	22.0	23.248363461654485
2022-12-01	0.0	0.593481890888208
2022-12-01	1.0	2.85028462478658
2022-12-01	0.0	0.3319810070480884
2022-12-01	2.0	1.964498911526191
2022-12-01	13.0	23.523401615419345
2022-12-01	14.0	16.512858675253703
2022-12-01	1.0	4.556461414210959
2022-12-01	0.0	0.541381329299369
2022-12-01	0.0	0.0720262777424196
2022-12-01	0.0	0.1436595442762384
2022-12-01	37.5	37.47355059322409
2022-12-01	14.0	9.425280285741028
2022-12-01	0.0	0.030196534328277288
2022-12-01	5.0	4.128761638026243
2022-12-01	0.0	0.07554246959517559
2022-12-01	1.0	3.7535418219303427
2022-12-01	0.0	0.052677888642083996
2022-12-01	1.0	3.1450453066834134
2022-12-01	0.0	0.09137292838840248
2022-12-01	1.0	2.3842739867944047
2022-12-01	16.0	4.287727024510851
2022-12-01	0.0	0.06099617274322709
2022-12-01	14.0	9.148699320594599
2022-12-01	1.0	2.8142007710303156
2022-12-01	1.0	8.416920283210334
2022-12-01	19.0	25.209433295433417
2022-12-01	0.0	0.23864077244584767
2022-12-01	37.5	24.315169256162747
2022-12-01	1.0	2.1636351331734525
2022-12-01	11.0	3.4853829318974485
2022-12-01	0.0	0.05600139809470597
2022-12-01	5.0	8.841707130290585
2022-12-01	0.0	0.06335408164137421
2022-12-01	37.5	37.66106765231811
2022-12-01	0.0	0.031005053508368362
2022-12-01	0.0	0.20611906803916763
2022-12-01	0.0	0.3850890216521221
2022-12-01	0.0	0.20602620412622455
2022-12-01	1.0	2.950379124907606
2022-12-01	0.0	0.2090471008619203
2022-12-01	0.0	0.01164655704997037
2022-12-01	5.0	7.232887021532505
2022-12-01	2.0	3.1746920785597115
2022-12-01	0.0	0.059596961216538014
2022-12-01	0.0	0.4352675484066363
2022-12-01	0.0	0.18673819316720988
2022-12-01	10.0	9.651848595437643
2022-12-01	0.0	0.5358842740401032
2022-12-01	0.0	0.5805959700139909
2022-12-01	0.0	0.4805844452564677
2022-12-01	1.0	1.6628631482770695
2022-12-01	1.0	3.101667657471174
2022-12-01	6.0	5.308333873723135
2022-12-01	1.0	2.0905488882674446
2022-12-01	0.0	0.07245518870733883
2022-12-01	0.0	0.13020063715920896
2022-12-01	0.0	0.7118621113173488
2022-12-01	12.0	6.569036561790649
2022-12-01	21.0	14.413992753192307
2022-12-01	0.0	0.2666494202223145
2022-12-01	10.0	3.315930827308278
2022-12-01	5.0	4.371616356171508
2022-12-01	1.0	2.7045792198143346
2022-12-01	0.0	0.4957558652588539
2022-12-01	10.0	6.387509338830385
2022-12-01	0.0	0.021672935784904937
2022-12-01	0.0	0.30757073341458124
2022-12-01	1.0	1.8647239193476353
2022-12-01	0.0	0.526228605052434
2022-12-01	0.0	1.0270209506937789
2022-12-01	17.0	17.438412311917705
2022-12-01	0.0	0.2072859969302513
2022-12-01	0.0	0.05600139809470597
2022-12-01	0.0	0.09880833032646172
2022-12-01	37.5	28.817083315014
2022-12-01	2.0	4.724279256049831
2022-12-01	0.0	0.13523748175970962
2022-12-01	0.0	0.17893067767895637
2022-12-01	0.0	2.0429335281394154
2022-12-01	4.0	12.98153657356367
2022-12-01	0.0	1.5820820931181012
2022-12-01	6.0	4.322050806013441
2022-12-01	1.0	4.925223622222878
2022-12-01	1.0	5.132373557060525
2022-12-01	37.5	35.01548996029874
2022-12-01	0.0	0.03595572410200868
2022-12-01	1.0	2.092274393599575
2022-12-01	8.0	1.218512964810258
2022-12-01	0.0	0.07639063872274784
2022-12-01	20.0	24.95723642369972
2022-12-01	0.0	0.3754468271979204
2022-12-01	7.0	10.326388655465058
2022-12-01	0.0	0.147544528706487
2022-12-01	0.0	0.13434232570812094
2022-12-01	1.0	2.6257101931939353
2022-12-01	1.0	2.2788653040426228
2022-12-01	2.0	4.939773300073227
2022-12-01	0.0	0.024255666800280417
2022-12-01	0.0	0.1258614161752352
2022-12-01	0.0	0.5496945334144572
2022-12-01	1.0	1.2863355483697085
2022-12-01	0.0	0.2795627310221837
2022-12-01	0.0	0.057526122428998294
2022-12-01	0.0	0.10024040669645914
2022-12-01	0.0	0.004907058833630835
2022-12-01	3.0	7.441166484160515
2022-12-01	1.0	0.29514094622109577
2022-12-01	0.0	0.17758129760851804
2022-12-01	0.0	0.16101595247280134
2022-12-01	2.0	2.959285090058282
2022-12-01	0.0	0.030469500217601166
2022-12-01	0.0	0.0854711702936333
2022-12-01	1.0	1.7546789485876206
2022-12-01	0.0	0.12816484503743175
2022-12-01	7.0	14.24884482339432
2022-12-01	2.0	6.459109960834519
2022-12-01	0.0	0.07916481822282985
2022-12-01	0.0	0.11813663859244218
2022-12-01	13.0	4.844585827664154
2022-12-01	0.0	0.12046755562511928
2022-12-01	0.0	0.10512182643527776
2022-12-01	0.0	0.21031013467704252
2022-12-01	4.0	4.637488939799187
2022-12-01	1.0	3.3090607033065393
2022-12-01	0.0	0.37075501726722715
2022-12-01	0.0	0.42428674365848223
2022-12-01	2.0	3.469258830312587
2022-12-01	23.0	31.867700561713416
2022-12-01	1.0	0.3286008900061001
2022-12-01	0.0	0.5019628408039123
2022-12-01	0.0	0.11045138924357287
2022-12-01	3.0	2.894850053284243
2022-12-01	0.0	0.10351335872870404
2022-12-01	3.0	5.037888242640754
2022-12-01	0.0	0.2200421324076749
2022-12-01	0.0	0.4137529402967372
2022-12-01	0.0	0.00995450410858546
2022-12-01	0.0	0.05303468685694449
2022-12-01	0.0	0.3140818198208231
2022-12-01	1.0	3.4023289297414414
2022-12-01	0.0	0.3028190257009949
2022-12-01	9.0	15.305029973078147
2022-12-01	0.0	0.16836127841028314
2022-12-01	0.0	3.7448189648018015
2022-12-01	4.0	8.774121074249063
2022-12-01	0.0	0.07881274688359097
2022-12-01	6.0	14.450239147957287
2022-12-01	0.0	0.2595147996126429
2022-12-01	0.0	0.06291991303005175
2022-12-01	1.0	2.2064415830347976
2022-12-01	0.0	0.0044888911154188525
2022-12-01	2.0	4.483833531056526
2022-12-01	0.0	0.13883869706194377
2022-12-01	25.0	25.162357345986827
2022-12-01	0.0	0.10442789403085195
2022-12-01	0.0	0.07854950403930269
2022-12-01	2.0	3.5911842868340176
2023-01-01	3.0	7.845010368007467
2023-01-01	37.5	34.1927947601794
2023-01-01	1.0	3.4940665139325717
2023-01-01	1.0	8.05676985195695
2023-01-01	4.0	10.282070932512603
2023-01-01	1.0	4.042796029468054
2023-01-01	1.0	3.93358072438636
2023-01-01	37.5	30.583467855183418
2023-01-01	0.0	0.45009685264556115
2023-01-01	0.0	0.2918311226223575
2023-01-01	3.0	11.886311789049307
2023-01-01	34.0	8.894817844810827
2023-01-01	37.5	25.371404017668805
2023-01-01	1.0	3.5937763338477695
2023-01-01	0.0	0.2033268354596141
2023-01-01	0.0	0.7987179008066501
2023-01-01	2.0	0.13323665329082737
2023-01-01	0.0	0.5959361277749154
2023-01-01	5.0	14.204934558595273
2023-01-01	1.0	2.62753416841048
2023-01-01	2.0	5.910270416060729
2023-01-01	0.0	0.9109902352595667
2023-01-01	3.0	11.302563861556258
2023-01-01	29.0	17.027511769820464
2023-01-01	1.0	4.788775801206992
2023-01-01	7.0	14.277222860964384
2023-01-01	5.0	8.682765896540246
2023-01-01	0.0	0.4905988838838954
2023-01-01	0.0	0.4836717569321744
2023-01-01	1.0	3.6401584759524326
2023-01-01	0.0	0.5055211934348295
2023-01-01	0.0	0.6962346055382819
2023-01-01	0.0	0.2827341007975136
2023-01-01	0.0	0.979055017887138
2023-01-01	0.0	0.4303062887287385
2023-01-01	0.0	0.014933765612272405
2023-01-01	0.0	2.458312451872384
2023-01-01	1.0	4.157843048142568
2023-01-01	1.0	5.445191341038631
2023-01-01	1.0	3.042719610803339
2023-01-01	0.0	0.46052118071998316
2023-01-01	22.0	13.830767781795895
2023-01-01	1.0	1.8233289895767253
2023-01-01	0.0	0.3727196624791027
2023-01-01	0.0	12.641087922967765
2023-01-01	37.5	11.060844172063232
2023-01-01	37.5	29.03003402717235
2023-01-01	7.0	15.791423868891053
2023-01-01	0.0	2.6003704642250893
2023-01-01	0.0	0.4354432943247168
2023-01-01	37.5	27.960672206192616
2023-01-01	37.5	27.801303711118017
2023-01-01	1.0	10.24373707786093
2023-01-01	3.0	7.494692510632764
2023-01-01	1.0	2.800618122177789
2023-01-01	13.0	25.238580436637942
2023-01-01	0.0	0.8205219274713031
2023-01-01	1.0	0.8700556131721447
2023-01-01	14.0	25.04426476332176
2023-01-01	3.0	2.8046380396303476
2023-01-01	1.0	3.8117286875396967
2023-01-01	0.0	0.2857682117387197
2023-01-01	10.0	12.925765536571475
2023-01-01	0.0	0.9073823890432295
2023-01-01	6.0	28.79286998319937
2023-01-01	0.0	0.7758600156516742
2023-01-01	0.0	0.23002704101019178
2023-01-01	0.0	0.26187214599055797
2023-01-01	0.0	0.6886690096251851
2023-01-01	5.0	14.128364334369026
2023-01-01	4.0	13.60606452972029
2023-01-01	0.0	1.6648874640004694
2023-01-01	2.0	4.37705882564276
2023-01-01	0.0	1.9216425873612857
2023-01-01	0.0	0.21786113244193028
2023-01-01	1.0	4.099699597032875
2023-01-01	1.0	3.402848021426208
2023-01-01	10.0	26.531097061815526
2023-01-01	6.0	10.896457503642097
2023-01-01	0.0	0.9948455877313956
2023-01-01	4.0	4.333153218942132
2023-01-01	16.0	11.445866855391024
2023-01-01	0.0	0.95495927079307
2023-01-01	5.0	6.010248251876517
2023-01-01	37.5	32.65721629475073
2023-01-01	1.0	2.3118287599704903
2023-01-01	3.0	2.307666273093088
2023-01-01	11.0	11.755435706385214
2023-01-01	0.0	1.5815654531655676
2023-01-01	0.0	1.0522177597030793
2023-01-01	0.0	0.37119613629487674
2023-01-01	3.0	1.718891706002521
2023-01-01	0.0	0.08953893088160268
2023-01-01	1.0	3.5714653595232693
2023-01-01	1.0	3.913325762024743
2023-01-01	37.5	32.112037675343274
2023-01-01	0.0	0.568095939153459
2023-01-01	0.0	0.26950837409138506
2023-01-01	0.0	0.4746079191294316
2023-01-01	3.0	30.05447089145621
2023-01-01	4.0	7.566136192861348
2023-01-01	6.0	14.696710680249229
2023-01-01	0.0	4.247371165956052
2023-01-01	0.0	1.0146940678970433
2023-01-01	0.0	0.36726453784260127
2023-01-01	37.5	18.50572502855906
2023-01-01	0.0	0.830810480360039
2023-01-01	3.0	5.474791963611247
2023-01-01	0.0	0.9881871695569036
2023-01-01	0.0	0.12985926558364702
2023-01-01	0.0	0.6609368021716122
2023-01-01	6.0	11.20598528930225
2023-01-01	1.0	3.5294026014031146
2023-01-01	10.0	12.928409537221441
2023-01-01	1.0	2.7462835234463987
2023-01-01	0.0	0.26088503594481893
2023-01-01	0.0	0.3598983360325625
2023-01-01	37.5	18.318243842117916
2023-01-01	28.0	27.554120080211664
2023-01-01	0.0	2.463184280291061
2023-01-01	8.0	16.064157772437248
2023-01-01	0.0	0.911392696501186
2023-01-01	1.0	4.83633485484871
2023-01-01	0.0	1.344678848356181
2023-01-01	27.0	19.615189348956086
2023-01-01	0.0	0.5303376647843876
2023-01-01	37.5	35.92760700918114
2023-01-01	37.5	35.32353697662395
2023-01-01	0.0	0.14790294743305596
2023-01-01	0.0	0.2352623402811718
2023-01-01	0.0	4.810481941318626
2023-01-01	5.0	6.898549698550251
2023-01-01	2.0	8.694015265157436
2023-01-01	37.5	25.920929378531206
2023-01-01	4.0	3.9803127628812036
2023-01-01	1.0	4.0327135675777495
2023-01-01	0.0	0.714086039846859
2023-01-01	3.0	5.950777016816245
2023-01-01	0.0	0.5448696084069367
2023-01-01	37.5	35.64988043771302
2023-01-01	8.0	24.722325285111946
2023-01-01	1.0	10.304651028461603
2023-01-01	0.0	0.23171721758198474
2023-01-01	0.0	0.1884138698077572
2023-01-01	0.0	1.8945148394377116
2023-01-01	0.0	0.1940671476135954
2023-01-01	0.0	0.1428054695747728
2023-01-01	3.0	15.527879124679911
2023-01-01	14.0	17.831595831314374
2023-01-01	37.5	36.494755080935064
2023-01-01	37.5	37.681055725546834
2023-01-01	37.5	31.973342381239007
2023-01-01	0.0	0.7954251646928014
2023-01-01	20.0	31.71563937888801
2023-01-01	16.0	19.074417467810026
2023-01-01	37.5	35.79600229633125
2023-01-01	0.0	0.4176326410481175
2023-01-01	0.0	0.4736403162619153
2023-01-01	13.0	16.05823871514213
2023-01-01	0.0	0.7992248912435913
2023-01-01	3.0	0.6501133167865198
2023-01-01	37.5	32.46611127003515
2023-01-01	0.0	3.5684959051078513
2023-01-01	0.0	0.23017087445110226
2023-01-01	0.0	0.42965960618014143
2023-01-01	2.0	7.397899458640114
2023-01-01	0.0	0.6596434979894014
2023-01-01	0.0	1.616247700812618
2023-01-01	1.0	7.368039919531949
2023-01-01	27.0	25.103076615154368
2023-01-01	37.5	25.905262828347475
2023-01-01	0.0	0.9303840181103341
2023-01-01	1.0	4.776241066585554
2023-01-01	37.5	33.75765716891163
2023-01-01	0.0	0.2331498777129915
2023-01-01	1.0	3.350468350186592
2023-01-01	11.0	7.11110710652935
2023-01-01	1.0	3.582011925217603
2023-01-01	0.0	0.3262011785889496
2023-01-01	37.5	34.162490190571425
2023-01-01	1.0	7.422562913564838
2023-01-01	0.0	4.621143850080854
2023-01-01	0.0	0.381484977036332
2023-01-01	0.0	0.7584771170016065
2023-01-01	37.5	25.20180361527846
2023-01-01	4.0	4.890376590858949
2023-01-01	2.0	3.9293807014565827
2023-01-01	7.0	3.003897237238337
2023-01-01	0.0	1.2390959860340236
2023-01-01	0.0	0.3199805549093935
2023-01-01	1.0	10.664571181276827
2023-01-01	0.0	0.32231653182780606
2023-01-01	0.0	0.3881408356607217
2023-01-01	4.0	15.379531403999437
2023-01-01	0.0	0.6880082958016421
2023-01-01	1.0	2.5501504386275182
2023-01-01	37.5	35.319873748565584
2023-01-01	0.0	0.23236118571628364
2023-01-01	0.0	3.5186357237158874
2023-01-01	0.0	0.9776794071584273
2023-01-01	0.0	0.35489343839906345
2023-01-01	2.0	6.558337358829313
2023-01-01	0.0	0.6457158852346936
2023-01-01	6.0	14.955266609414593
2023-01-01	37.5	36.81324298079811
2023-01-01	0.0	0.4190733111606469
2023-01-01	0.0	0.43962959562511933
2023-01-01	0.0	0.6867240519031417
2023-01-01	13.0	26.168480548843746
2023-01-01	0.0	1.1567448648624934
2023-01-01	37.5	17.827734265283215
2023-01-01	0.0	0.14257558542823448
2023-01-01	29.0	31.797274521106395
2023-01-01	0.0	0.1299693098388569
2023-01-01	0.0	0.26633497326214134
2023-01-01	0.0	0.9025439840657576
2023-01-01	12.0	15.689971624920847
2023-01-01	5.0	12.984829142473789
2023-01-01	13.0	5.3053692148101295
2023-01-01	0.0	0.18391507086205958
2023-01-01	2.0	3.3629358899788504
2023-01-01	0.0	0.12985926558364702
2023-01-01	1.0	4.186707767311424
2023-01-01	1.0	4.841424408022546
2023-01-01	0.0	1.0068608786795068
2023-01-01	0.0	2.3738454663860327
2023-01-01	0.0	0.12979164193660067
2023-01-01	1.0	5.882822252948749
2023-01-01	37.5	26.612053790651846
2023-01-01	21.0	14.762782552368957
2023-01-01	0.0	0.24560785591439357
2023-01-01	0.0	2.3745424435747475
2023-01-01	1.0	12.342398960668497
2023-01-01	0.0	6.287469318054967
2023-01-01	10.0	11.902438363769356
2023-01-01	0.0	3.9600230898161333
2023-01-01	0.0	0.6166498529401678
2023-01-01	0.0	8.91768120922687
2023-01-01	6.0	1.4099409845972692
2023-01-01	10.0	12.465743478653257
2023-01-01	0.0	1.1458640105288858
2023-01-01	0.0	0.4634923071791269
2023-01-01	0.0	0.6732468961389158
2023-01-01	3.0	11.53770756480878
2023-01-01	0.0	0.7745931781998876
2023-01-01	22.0	22.232723450405096
2023-01-01	3.0	8.18197991352827
2023-01-01	2.0	3.8634475523119938
2023-01-01	37.5	28.30289191924511
2023-01-01	0.0	0.2583304166263274
2023-01-01	0.0	1.693753141428044
2023-01-01	0.0	0.04933313365462363
2023-01-01	4.0	5.059158335601714
2023-01-01	0.0	0.3445333679600371
2023-01-01	0.0	0.839168990917694
2023-01-01	0.0	0.6056674340988422
2023-01-01	0.0	1.2701823729253312
2023-01-01	4.0	5.829861551073035
2023-01-01	0.0	0.4959653350265404
2023-01-01	0.0	0.6260805986255599
2023-01-01	0.0	0.8354340105832658
2023-01-01	0.0	0.9627165058222327
2023-01-01	0.0	0.2897053113279333
2023-01-01	27.0	26.809925160790897
2023-01-01	1.0	3.998461629995928
2023-01-01	32.0	15.67333388579205
2023-01-01	12.0	8.51629938067234
2023-01-01	8.0	12.123835194623389
2023-01-01	3.0	20.562552229653527
2023-01-01	5.0	6.867260424666503
2023-01-01	7.0	2.4593672151170622
2023-01-01	0.0	0.23412756805955817
2023-01-01	2.0	9.129883535909894
2023-01-01	0.0	0.12947168992322233
2023-01-01	3.0	10.813484575936716
2023-01-01	2.0	3.170162721866283
2023-01-01	0.0	0.4500200962719276
2023-01-01	0.0	0.13036830702437754
2023-01-01	0.0	1.023358345806772
2023-01-01	37.5	24.59839790241545
2023-01-01	2.0	15.171661300140014
2023-01-01	0.0	1.506888735170798
2023-01-01	1.0	4.078733861806692
2023-01-01	4.0	18.016612016942698
2023-01-01	1.0	8.733649974264624
2023-01-01	37.5	15.091625230808756
2023-01-01	0.0	0.2831377321406981
2023-01-01	1.0	0.7330197463012549
2023-01-01	7.0	9.08061678313431
2023-01-01	10.0	13.652129473389506
2023-01-01	8.0	12.964921337739911
2023-01-01	1.0	7.029505550753455
2023-01-01	1.0	4.548651936210289
2023-01-01	0.0	0.2985471010265792
2023-01-01	0.0	3.0346520267642942
2023-01-01	0.0	1.0192047562229392
2023-01-01	1.0	3.6948415981950586
2023-01-01	1.0	3.866008634096219
2023-01-01	0.0	0.23271493952163433
2023-01-01	1.0	2.975941041394414
2023-01-01	1.0	3.7811178822462317
2023-01-01	27.0	20.86527621644122
2023-01-01	0.0	0.1301272261476502
2023-01-01	0.0	0.686731895489363
2023-01-01	5.0	16.11723753537251
2023-01-01	0.0	0.5472086902211587
2023-01-01	0.0	5.0891325228661906
2023-01-01	2.0	2.3086748395673227
2023-01-01	1.0	10.460945635872699
2023-01-01	0.0	1.216798580186004
2023-01-01	10.0	13.608198345751255
2023-01-01	0.0	4.1474942946426046
2023-01-01	2.0	5.958255934182587
2023-01-01	7.0	8.581677291776082
2023-01-01	0.0	0.21212200206751625
2023-01-01	37.5	32.64278242210742
2023-01-01	0.0	0.06835550822032575
2023-01-01	37.5	32.49851839211615
2023-01-01	1.0	7.749755563793318
2023-01-01	0.0	1.6354954364226377
2023-01-01	37.5	33.55661806438265
2023-01-01	0.0	0.775324287738213
2023-01-01	0.0	4.250917496706327
2023-01-01	0.0	0.35379381388736275
2023-01-01	1.0	9.036934790228958
2023-01-01	0.0	0.1804242563555945
2023-01-01	0.0	1.6591298338421554
2023-01-01	1.0	7.632986276367791
2023-01-01	0.0	1.5863700504844482
2023-01-01	1.0	2.8440212665435993
2023-01-01	0.0	3.393974303259117
2023-01-01	37.5	35.17630029427125
2023-01-01	0.0	4.566366844673762
2023-01-01	3.0	12.795825103687209
2023-01-01	3.0	7.017203260025971
2023-01-01	37.5	16.39599417887887
2023-01-01	0.0	0.2309588108166507
2023-01-01	0.0	0.56409046460811
2023-01-01	0.0	2.252286268247859
2023-01-01	0.0	0.550929745493074
2023-01-01	5.0	5.78241881047797
2023-01-01	0.0	0.19764059979857446
2023-01-01	0.0	0.44053284639158796
2023-01-01	1.0	6.678250284577332
2023-01-01	0.0	0.07925129643892806
2023-01-01	1.0	16.57468498085494
2023-01-01	7.0	4.105515278698249
2023-01-01	33.0	24.511594406255348
2023-01-01	37.5	36.53210774124176
2023-01-01	0.0	0.39718389139287424
2023-01-01	0.0	0.21075147475645983
2023-01-01	1.0	1.666367201865607
2023-01-01	22.0	15.104280558957356
2023-01-01	0.0	1.3952643940366518
2023-01-01	0.0	1.1149956680149475
2023-01-01	0.0	0.5666569796397731
2023-01-01	1.0	3.971234642521382
2023-01-01	0.0	0.9186452016874971
2023-01-01	5.0	4.474858180735837
2023-01-01	6.0	11.424868215375389
2023-01-01	1.0	3.3829166982937044
2023-01-01	0.0	0.18352651182617696
2023-01-01	5.0	13.32878326739362
2023-01-01	32.0	10.06065785233933
2023-01-01	1.0	4.836948187378919
2023-01-01	4.0	2.5256432227858197
2023-01-01	0.0	0.2709377478041301
2023-01-01	9.0	6.853698477979026
2023-01-01	2.0	6.013494647919363
2023-01-01	3.0	4.640745765332831
2023-01-01	2.0	13.213300419364685
2023-01-01	4.0	13.561560175869824
2023-01-01	0.0	0.18342076537852653
2023-01-01	4.0	3.985145337040703
2023-01-01	0.0	9.098113262024821
2023-01-01	2.0	6.223045652899916
2023-01-01	0.0	0.7617877222210008
2023-01-01	16.0	15.616087063913334
2023-01-01	0.0	3.405912203165725
2023-01-01	2.0	11.864928109686774
2023-01-01	1.0	11.52200320730549
2023-01-01	0.0	1.7636940312846052
2023-01-01	37.5	29.322138873334964
2023-01-01	3.0	4.5311454432792635
2023-01-01	37.5	33.9811520484464
2023-01-01	5.0	9.750587204403091
2023-01-01	31.0	14.188807792522512
2023-01-01	1.0	14.648481959214738
2023-01-01	0.0	2.9134384900534576
2023-01-01	0.0	0.2426762614086757
2023-01-01	0.0	27.51133187855087
2023-01-01	0.0	0.3941677586330745
2023-01-01	0.0	0.49733495278019113
2023-01-01	32.0	22.753538515842344
2023-01-01	0.0	1.0104532693731363
2023-01-01	0.0	1.1457011583483516
2023-01-01	14.0	23.136129850926856
2023-01-01	0.0	0.4817078343977854
2023-01-01	7.0	3.6851783906907087
2023-01-01	2.0	10.40398782109882
2023-01-01	3.0	3.4048569958185233
2023-01-01	9.0	2.885961636689001
2023-01-01	2.0	7.939739534740213
2023-01-01	0.0	0.2265292459243084
2023-01-01	9.0	5.2781978620959205
2023-01-01	6.0	7.571000451789667
2023-01-01	6.0	7.222827353147549
2023-01-01	0.0	0.4468565207348282
2023-01-01	13.0	13.21866491620778
2023-01-01	4.0	10.129285358362646
2023-01-01	2.0	8.723594020829967
2023-01-01	0.0	0.9869844061102002
2023-01-01	0.0	0.2981683262226531
2023-01-01	3.0	3.621772434773428
2023-01-01	0.0	0.29577191812792947
2023-01-01	1.0	5.3917698105187535
2023-01-01	11.0	16.033853931451088
2023-01-01	37.5	24.39443617500441
2023-01-01	0.0	3.3598462238778177
2023-01-01	0.0	0.2581934443767725
2023-01-01	4.0	5.680619972460732
2023-01-01	0.0	0.2684867908885022
2023-01-01	37.5	17.193712871771645
2023-01-01	0.0	0.13062484606328478
2023-01-01	1.0	4.943866410776591
2023-01-01	3.0	6.547115902882078
2023-01-01	11.0	8.145665031101721
2023-01-01	0.0	0.5142874280521441
2023-01-01	2.0	5.841242711806719
2023-01-01	2.0	7.284238732987033
2023-01-01	0.0	0.3710721115406986
2023-01-01	0.0	0.29529629811358266
2023-01-01	12.0	19.259714456400918
2023-01-01	0.0	1.1143808767478873
2023-01-01	0.0	0.30708218932947134
2023-01-01	0.0	0.12944031737420275
2023-01-01	0.0	0.2675279557182817
2023-01-01	0.0	0.213039998068699
2023-01-01	0.0	0.6112625238802313
2023-01-01	0.0	1.6459393324675833
2023-01-01	0.0	0.4556622590524792
2023-01-01	4.0	10.299047357095212
2023-01-01	2.0	16.878021779827716
2023-01-01	1.0	5.478927861799786
2023-01-01	1.0	3.919052288116926
2023-01-01	4.0	7.376355328306287
2023-01-01	0.0	0.34602835910560453
2023-01-01	1.0	3.113597279474981
2023-01-01	0.0	0.15305076335737078
2023-01-01	0.0	0.1877775626066995
2023-01-01	0.0	0.3238232085454641
2023-01-01	1.0	2.990648484450306
2023-01-01	1.0	4.67773415018696
2023-01-01	37.5	20.286449572711746
2023-01-01	0.0	0.35591760502226205
2023-01-01	1.0	2.2267302839117664
2023-01-01	19.0	6.875944090464559
2023-01-01	2.0	4.810189549023023
2023-01-01	37.5	29.54581046246455
2023-01-01	12.0	23.143669363633975
2023-01-01	0.0	0.8745688516796037
2023-01-01	11.0	16.081175547094553
2023-01-01	28.0	18.815696513655567
2023-01-01	0.0	0.13438251283830924
2023-01-01	15.0	6.367914372553637
2023-01-01	1.0	6.925423875311611
2023-01-01	1.0	0.7694422281163086
2023-01-01	14.0	17.50113227345034
2023-01-01	0.0	0.14682526338326915
2023-01-01	0.0	0.8902398017206372
2023-01-01	0.0	1.7493104068118908
2023-01-01	0.0	1.2263980228994027
2023-01-01	0.0	0.28224752302860356
2023-01-01	37.5	34.61351696379104
2023-01-01	37.5	34.70167268646515
2023-01-01	0.0	0.32328119411317896
2023-01-01	11.0	10.911229186613564
2023-01-01	36.0	10.100647143925165
2023-01-01	10.0	15.540946814323
2023-01-01	3.0	10.676951170916364
2023-01-01	0.0	2.2388883633070575
2023-01-01	1.0	2.7305813012360667
2023-01-01	0.0	0.4990982828058733
2023-01-01	2.0	2.4823096816132884
2023-01-01	1.0	3.0461080771936713
2023-01-01	8.0	4.005378915631844
2023-01-01	5.0	14.946952526507069
2023-01-01	10.0	16.182063554861895
2023-01-01	37.5	26.52719571547505
2023-01-01	0.0	0.7330663194961458
2023-01-01	0.0	0.2654028495628298
2023-01-01	14.0	5.868040653145234
2023-01-01	0.0	0.3875924257838822
2023-01-01	1.0	6.004781324523359
2023-01-01	1.0	1.4361374562335376
2023-01-01	2.0	5.912010812592211
2023-01-01	8.0	2.41021938981486
2023-01-01	2.0	10.683210995100618
2023-01-01	0.0	0.3158366784814393
2023-01-01	0.0	1.289285485164071
2023-01-01	0.0	0.9319595581221711
2023-01-01	7.0	8.997811117207146
2023-01-01	0.0	0.03294640285286345
2023-01-01	4.0	6.199588485665204
2023-01-01	26.0	12.956291841369218
2023-01-01	10.0	16.54041882432511
2023-01-01	4.0	6.056509165582126
2023-01-01	0.0	1.763591208258838
2023-01-01	0.0	0.3192154991165822
2023-01-01	37.5	36.256196308777696
2023-01-01	1.0	8.591611928915619
2023-01-01	37.5	27.894065129690485
2023-01-01	37.5	23.534139266375504
2023-01-01	0.0	0.3633304769185294
2023-01-01	0.0	0.12825154813087422
2023-01-01	4.0	14.57314475592111
2023-01-01	0.0	0.1497467926730044
2023-01-01	14.0	9.637057228433795
2023-01-01	3.0	8.239015894376339
2023-01-01	3.0	1.3671919007658875
2023-01-01	1.0	2.4199165821417075
2023-01-01	2.0	9.118251932758731
2023-01-01	0.0	0.505195596537702
2023-01-01	0.0	0.44307573882792867
2023-01-01	7.0	4.674537727373762
2023-01-01	7.0	1.3120050910659533
2023-01-01	4.0	3.9667966295404478
2023-01-01	0.0	0.3122480613011328
2023-01-01	0.0	0.4278437134527972
2023-01-01	14.0	3.7744625731256445
2023-01-01	1.0	3.6886037315565425
2023-01-01	37.5	34.42513190193967
2023-01-01	11.0	18.255204729431796
2023-01-01	37.5	34.57716250005091
2023-01-01	2.0	14.441089429431399
2023-01-01	37.5	20.35494374755462
2023-01-01	0.0	0.151496800825751
2023-01-01	1.0	6.543070921224079
2023-01-01	37.5	24.610759340294845
2023-01-01	0.0	1.0252621637038264
2023-01-01	2.0	8.234419816055834
2023-01-01	29.0	9.592693426621572
2023-01-01	37.5	0.8874956983519069
2023-01-01	0.0	1.148859213396935
2023-01-01	2.0	20.101083672711862
2023-01-01	0.0	0.8744005842036373
2023-01-01	1.0	3.366583526270052
2023-01-01	16.0	17.482173941627728
2023-01-01	0.0	0.1433517590886355
2023-01-01	0.0	0.7370470333664565
2023-01-01	3.0	3.4495561412420024
2023-01-01	11.0	11.426430190224586
2023-01-01	0.0	0.4728782689837164
2023-01-01	0.0	1.3512812740541715
2023-01-01	0.0	0.9884235861464998
2023-01-01	0.0	0.24560785591439357
2023-01-01	4.0	14.107233327365526
2023-01-01	24.0	25.089389222450553
2023-01-01	37.0	22.62713804315327
2023-01-01	0.0	0.26622300248387293
2023-01-01	15.0	15.047819679805773
2023-01-01	3.0	9.273717861917191
2023-01-01	20.0	31.38821361467765
2023-01-01	0.0	1.5147238299251458
2023-01-01	2.0	5.295437431444365
2023-01-01	2.0	3.5455191469951655
2023-01-01	36.0	22.947563675307652
2023-01-01	0.0	0.9877541307716882
2023-01-01	1.0	3.154765249858802
2023-01-01	37.5	27.934315187822342
2023-01-01	1.0	2.3352534596905987
2023-01-01	0.0	0.23573909240173319
2023-01-01	6.0	2.0265639528802697
2023-01-01	10.0	18.310710927814096
2023-01-01	0.0	1.6669588492616356
2023-01-01	0.0	0.25046331686765244
2023-01-01	14.0	17.214635347179346
2023-01-01	0.0	0.608175265168547
2023-01-01	22.0	37.21915883578444
2023-01-01	0.0	0.25414148746616777
2023-01-01	4.0	10.921929176812863
2023-01-01	12.0	16.77300786508789
2023-01-01	2.0	20.48374004073927
2023-01-01	0.0	0.40596500341589137
2023-01-01	2.0	9.107961704784987
2023-01-01	0.0	0.6472341058830311
2023-01-01	0.0	0.2684867908885022
2023-01-01	0.0	1.0561728901421343
2023-01-01	37.0	27.056234788651125
2023-01-01	0.0	2.0300859529307327
2023-01-01	0.0	0.38544425694143
2023-01-01	21.0	5.341801174747621
2023-01-01	37.5	27.312941643877714
2023-01-01	37.0	3.0583496324935853
2023-01-01	0.0	0.4038692237118368
2023-01-01	37.5	24.42560463813804
2023-01-01	0.0	0.16733967702581576
2023-01-01	0.0	0.8675733055476356
2023-01-01	1.0	2.9298607879726424
2023-01-01	0.0	0.16831642228686072
2023-01-01	4.0	8.48729666966673
2023-01-01	37.5	24.376358270498056
2023-01-01	0.0	1.3360421307059336
2023-01-01	0.0	0.4270644583246505
2023-01-01	0.0	0.5946587020662764
2023-01-01	0.0	0.1423333016909703
2023-01-01	0.0	1.067055130101015
2023-01-01	19.0	15.54064663927283
2023-01-01	19.0	9.003066303563052
2023-01-01	0.0	0.6508499335306857
2023-01-01	10.0	18.8828107296483
2023-01-01	4.0	2.8496535227240756
2023-01-01	3.0	10.993833530742315
2023-01-01	37.5	26.93565157842373
2023-01-01	2.0	4.102109997920265
2023-01-01	0.0	0.39880326762356727
2023-01-01	0.0	0.31010440788245763
2023-01-01	37.5	5.230510066494695
2023-01-01	0.0	0.9294672540841946
2023-01-01	0.0	4.720249543061066
2023-01-01	0.0	0.6596367186722987
2023-01-01	0.0	2.0330994445821067
2023-01-01	0.0	0.3521743233625033
2023-01-01	0.0	0.989454841208592
2023-01-01	25.0	15.57400789350672
2023-01-01	0.0	1.7381940533781903
2023-01-01	1.0	9.614022749838844
2023-01-01	0.0	0.19486080455526977
2023-01-01	0.0	0.7703603381580155
2023-01-01	0.0	0.12973233410451734
2023-01-01	0.0	0.3770123720114468
2023-01-01	1.0	2.795205573565964
2023-01-01	0.0	0.43363692719515534
2023-01-01	3.0	10.46749971433943
2023-01-01	37.5	17.21537348747396
2023-01-01	7.0	8.374436193993223
2023-01-01	3.0	12.042864276403126
2023-01-01	24.0	33.84732227436264
2023-01-01	2.0	4.954438356616168
2023-01-01	0.0	0.3132534901250704
2023-01-01	0.0	1.3582674762296665
2023-01-01	1.0	3.7564582685621524
2023-01-01	9.0	15.102976660944977
2023-01-01	1.0	10.190001048228243
2023-01-01	3.0	15.444028429977259
2023-02-01	26.0	28.054698465767952
2023-02-01	0.0	1.101962278789009
2023-02-01	2.0	10.16696199969336
2023-02-01	0.0	0.27510523008635934
2023-02-01	1.0	8.190252173314711
2023-02-01	0.0	0.48104127237149774
2023-02-01	37.5	33.238826497861865
2023-02-01	0.0	0.7848377036841263
2023-02-01	0.0	0.4215440928628738
2023-02-01	37.5	37.573144073475504
2023-02-01	18.0	16.911491118369412
2023-02-01	0.0	0.6371146532224585
2023-02-01	37.5	30.722338167888775
2023-02-01	0.0	0.4864719581599458
2023-02-01	37.5	35.51291713582151
2023-02-01	0.0	5.528550765236873
2023-02-01	37.5	36.18484375731174
2023-02-01	37.5	28.294529757339287
2023-02-01	5.0	0.5959404833017623
2023-02-01	37.5	32.08941609661092
2023-02-01	33.0	11.874985746949415
2023-02-01	37.5	35.36343102211742
2023-02-01	8.0	4.493077914838837
2023-02-01	18.0	9.971229432049856
2023-02-01	0.0	0.12123490725134559
2023-02-01	0.0	0.37431167995010367
2023-02-01	0.0	0.457847567369716
2023-02-01	2.0	4.726841931505738
2023-02-01	0.0	0.3478363345763066
2023-02-01	13.0	12.492800928339493
2023-02-01	0.0	0.42255554703578857
2023-02-01	1.0	0.8903009722694639
2023-02-01	37.5	14.540880523251733
2023-02-01	37.5	36.42850153112704
2023-02-01	2.0	8.893979481214187
2023-02-01	9.0	30.832938399626737
2023-02-01	0.0	1.6173677679642138
2023-02-01	16.0	8.266845886208154
2023-02-01	0.0	0.4074007533785787
2023-02-01	1.0	9.463442380874326
2023-02-01	12.0	7.512397471912795
2023-02-01	0.0	0.5810701263485127
2023-02-01	36.0	25.960594702107993
2023-02-01	3.0	10.105396215714
2023-02-01	37.5	37.07248678247325
2023-02-01	0.0	0.2648511768561735
2023-02-01	2.0	6.607711306735471
2023-02-01	37.5	22.742697590378285
2023-02-01	2.0	6.0691527234588865
2023-02-01	2.0	1.1262445615598193
2023-02-01	0.0	0.6009492241549333
2023-02-01	0.0	0.31566880150481763
2023-02-01	0.0	1.0630870844696017
2023-02-01	5.0	6.412489374386385
2023-02-01	1.0	5.524286454957711
2023-02-01	2.0	5.554290220561329
2023-02-01	4.0	4.19423834351639
2023-02-01	7.0	13.422107149415497
2023-02-01	2.0	5.208531998589817
2023-02-01	37.5	33.948914546773345
2023-02-01	1.0	3.7229802632521825
2023-02-01	1.0	3.937594003995563
2023-02-01	2.0	5.379929194733187
2023-02-01	1.0	2.405155988809917
2023-02-01	5.0	4.974499363659421
2023-02-01	1.0	3.4109773565606716
2023-02-01	0.0	1.1688908908907747
2023-02-01	5.0	6.249462396048026
2023-02-01	37.5	34.12166233197745
2023-02-01	0.0	0.545882309962483
2023-02-01	15.0	5.356338472339386
2023-02-01	21.0	15.123919572965894
2023-02-01	12.0	31.708187615610907
2023-02-01	0.0	0.20534773207621493
2023-02-01	5.0	7.639771919994411
2023-02-01	37.5	37.10171717865108
2023-02-01	0.0	0.5299026317255424
2023-02-01	37.0	26.109516275839553
2023-02-01	6.0	5.653060954350192
2023-02-01	0.0	0.40444073472214753
2023-02-01	4.0	5.084111192881761
2023-02-01	6.0	8.02545549005143
2023-02-01	37.5	35.23539182676599
2023-02-01	0.0	0.7162868570705225
2023-02-01	37.5	20.922521795111884
2023-02-01	0.0	0.11551733893217024
2023-02-01	0.0	0.26681700303865447
2023-02-01	1.0	2.7329083603233584
2023-02-01	6.0	6.568418477112198
2023-02-01	13.0	19.44938511365108
2023-02-01	0.0	0.619644305211265
2023-02-01	11.0	16.58597734358092
2023-02-01	0.0	0.4948716379553676
2023-02-01	37.5	36.81003839152445
2023-02-01	1.0	5.298901859403259
2023-02-01	0.0	0.4039591414225949
2023-02-01	1.0	4.511888994951636
2023-02-01	37.5	37.671324532754184
2023-02-01	3.0	7.961137787458052
2023-02-01	17.0	16.035254534961716
2023-02-01	0.0	0.42047318510277204
2023-02-01	0.0	0.4326223711687229
2023-02-01	0.0	0.5099825392806819
2023-02-01	0.0	0.6502458775513047
2023-02-01	5.0	16.696707681798152
2023-02-01	0.0	0.2622258610427075
2023-02-01	0.0	0.44109411500169604
2023-02-01	1.0	9.97606917562922
2023-02-01	37.5	31.1213495514967
2023-02-01	0.0	0.40575528871275784
2023-02-01	5.0	6.360793316162534
2023-02-01	37.5	29.858630983654127
2023-02-01	18.0	21.259293219008764
2023-02-01	8.0	5.134239103014956
2023-02-01	37.5	30.420618982745523
2023-02-01	2.0	4.573228381702659
2023-02-01	0.0	0.3997585452898572
2023-02-01	1.0	4.995044579548615
2023-02-01	37.5	35.108985683652044
2023-02-01	22.0	12.318821735415888
2023-02-01	37.5	17.328460127416232
2023-02-01	37.5	36.95620281366185
2023-02-01	1.0	7.828550595673728
2023-02-01	7.0	7.9000155137453065
2023-02-01	1.0	4.1176970562765405
2023-02-01	37.5	37.51793871358326
2023-02-01	0.0	0.3898829478635234
2023-02-01	0.0	1.2329977999767254
2023-02-01	0.0	0.35061699975063165
2023-02-01	0.0	0.2634971886725046
2023-02-01	0.0	0.724035616419918
2023-02-01	3.0	6.357622966048485
2023-02-01	0.0	3.7052275557089693
2023-02-01	17.0	25.625125165253685
2023-02-01	0.0	0.40964560090694374
2023-02-01	0.0	0.018138336139494966
2023-02-01	0.0	0.418080359624463
2023-02-01	37.5	37.01896824805232
2023-02-01	0.0	0.4683904139030306
2023-02-01	11.0	12.376101096489137
2023-02-01	19.0	24.19239964096912
2023-02-01	4.0	8.912550221741565
2023-02-01	0.0	0.547070217542007
2023-02-01	17.0	18.05388012044732
2023-02-01	14.0	4.23754904445498
2023-02-01	5.0	3.668205443344665
2023-02-01	35.0	28.20862462449791
2023-02-01	3.0	4.21684984871795
2023-02-01	37.5	33.101206641388366
2023-02-01	37.5	37.031271306307474
2023-02-01	26.0	19.340848318479114
2023-02-01	0.0	0.12172930148168469
2023-02-01	1.0	0.4667143484630807
2023-02-01	0.0	0.9717526549288473
2023-02-01	6.0	22.16660645313275
2023-02-01	37.5	29.549357895426787
2023-02-01	2.0	5.33324817131288
2023-02-01	37.5	35.873324948258904
2023-02-01	2.0	4.432472699760042
2023-02-01	0.0	0.6191067076395089
2023-02-01	8.0	13.515085029535186
2023-02-01	0.0	1.1400214681680223
2023-02-01	0.0	0.4894265593882852
2023-02-01	37.5	34.53481309115177
2023-02-01	0.0	0.278498512383545
2023-02-01	37.5	37.241012237690455
2023-02-01	2.0	6.400766967787984
2023-02-01	9.0	18.93611910397593
2023-02-01	32.0	31.86976507247287
2023-02-01	37.5	20.67307764421532
2023-02-01	37.5	36.16276119637547
2023-02-01	0.0	0.46050920199899803
2023-02-01	37.5	35.18620920557536
2023-02-01	0.0	0.43375413550605535
2023-02-01	9.0	9.78394256257267
2023-02-01	7.0	10.968757834344693
2023-02-01	2.0	3.5666636986032145
2023-02-01	37.5	25.72451154894062
2023-02-01	2.0	3.8415937755964964
2023-02-01	5.0	1.346509068328512
2023-02-01	0.0	0.41781749484072805
2023-02-01	9.0	20.163613135275863
2023-02-01	0.0	0.40404059908604617
2023-02-01	37.5	37.389173715025066
2023-02-01	0.0	0.2637414825489704
2023-02-01	0.0	0.12940361075692214
2023-02-01	2.0	4.517541295993517
2023-02-01	37.5	33.85122598390258
2023-02-01	1.0	6.429483029041958
2023-02-01	37.5	33.77322532234746
2023-02-01	0.0	0.7047689822664516
2023-02-01	37.5	36.28535483052742
2023-02-01	1.0	5.258037804062271
2023-02-01	37.5	12.471459350464261
2023-02-01	0.0	0.9070176761528723
2023-02-01	1.0	3.056858971661808
2023-02-01	4.0	10.682017782991572
2023-02-01	0.0	0.7052753222441993
2023-02-01	30.0	24.03669374208673
2023-02-01	14.0	0.7413479695632355
2023-02-01	0.0	0.6333183372439682
2023-02-01	25.0	28.83624104546039
2023-02-01	37.5	34.2108336308358
2023-02-01	24.0	22.855328233719305
2023-02-01	2.0	5.347549318525249
2023-02-01	1.0	4.361964620180481
2023-02-01	0.0	0.14826999770000576
2023-02-01	13.0	7.70530966409706
2023-02-01	37.5	37.18909826195913
2023-02-01	37.5	35.15918415391811
2023-02-01	5.0	13.568836030325336
2023-02-01	37.5	36.95243835670142
2023-02-01	4.0	6.1163441298503365
2023-02-01	9.0	22.741898592693577
2023-02-01	5.0	8.474691198318402
2023-02-01	0.0	0.6920320792635676
2023-02-01	17.0	17.232765174868362
2023-02-01	12.0	11.505311515386747
2023-02-01	2.0	15.028269729364451
2023-02-01	0.0	0.12240882267022717
2023-02-01	30.0	18.36515090130936
2023-02-01	1.0	10.68408939548274
2023-02-01	2.0	0.21222419368340512
2023-02-01	2.0	4.146387709215781
2023-02-01	37.5	21.05064638176678
2023-02-01	2.0	3.736792497161061
2023-02-01	1.0	1.0599513137823309
2023-02-01	26.0	16.39869444990004
2023-02-01	22.0	18.83322937006436
2023-02-01	0.0	0.44109411500169604
2023-02-01	7.0	6.9552050361676
2023-02-01	1.0	7.686801425466721
2023-02-01	0.0	0.41459645239707105
2023-02-01	5.0	14.738460183675254
2023-02-01	36.0	11.938574735338458
2023-02-01	3.0	4.911259698505988
2023-02-01	0.0	1.68538798956956
2023-02-01	0.0	0.5767471376606739
2023-02-01	7.0	4.557168590566325
2023-02-01	3.0	4.726456311139441
2023-02-01	5.0	5.312762533401797
2023-02-01	0.0	0.4240028401338285
2023-02-01	3.0	10.458377803590778
2023-02-01	2.0	4.112384002056361
2023-02-01	14.0	16.53259230237082
2023-02-01	2.0	9.707980953873406
2023-02-01	2.0	2.1031947914190954
2023-02-01	2.0	12.48102291977673
2023-02-01	0.0	0.39058924467229506
2023-02-01	14.0	5.139192955680034
2023-02-01	0.0	0.6882844772601895
2023-02-01	0.0	1.0913112715738202
2023-02-01	0.0	1.065282617455514
2023-02-01	4.0	5.818974140507944
2023-02-01	0.0	0.6753697279155527
2023-02-01	2.0	3.60310115920202
2023-02-01	0.0	0.20457137347358126
2023-02-01	37.0	21.758012912930887
2023-02-01	37.5	36.09911413797934
2023-02-01	37.5	35.768473916042886
2023-02-01	6.0	8.683925621053195
2023-02-01	32.0	6.975884966582202
2023-02-01	0.0	0.49039594369228423
2023-02-01	14.0	10.064696304226564
2023-02-01	5.0	9.476375490637421
2023-02-01	1.0	5.561606668292475
2023-02-01	0.0	0.26288754676683834
2023-02-01	0.0	0.7053920582378144
2023-02-01	22.0	16.021099978060512
2023-02-01	6.0	6.798291582918723
2023-02-01	1.0	4.280576703574283
2023-02-01	2.0	7.31750590981286
2023-02-01	10.0	6.630234226407401
2023-02-01	5.0	4.010296981584388
2023-02-01	0.0	1.493507396633146
2023-02-01	0.0	0.7195920084044684
2023-02-01	37.5	17.186608497502192
2023-02-01	1.0	6.557648236714043
2023-02-01	1.0	4.477720015110922
2023-02-01	37.5	17.111412790079985
2023-02-01	37.5	37.098342633907116
2023-02-01	0.0	0.3715975187795597
2023-02-01	0.0	0.3877892885093425
2023-02-01	1.0	7.678686230529477
2023-02-01	4.0	7.750756645988317
2023-02-01	37.5	35.75289064966041
2023-02-01	1.0	4.599542986989454
2023-02-01	11.0	7.555473331448228
2023-02-01	37.5	36.66935285722194
2023-02-01	37.5	38.031441304662124
2023-02-01	0.0	0.473157105375386
2023-02-01	4.0	11.453879321965632
2023-02-01	18.0	31.70075572635681
2023-02-01	1.0	8.939462421119421
2023-02-01	0.0	0.5711462714615892
2023-02-01	10.0	8.50061133172419
2023-02-01	7.0	12.72808408599622
2023-02-01	37.5	29.16273795698485
2023-02-01	0.0	0.3904402752030466
2023-02-01	0.0	0.3335894602395628
2023-02-01	2.0	15.958712496472344
2023-02-01	36.0	26.982975716586775
2023-02-01	1.0	4.757552955712994
2023-02-01	0.0	0.4703786872759298
2023-02-01	2.0	4.386224282512871
2023-02-01	8.0	6.995245093343446
2023-02-01	1.0	6.247712479693489
2023-02-01	0.0	0.5146896158437753
2023-02-01	1.0	4.268483104876876
2023-02-01	0.0	0.9099436743019017
2023-02-01	0.0	10.315565232340264
2023-02-01	5.0	11.384740938397389
2023-02-01	33.0	11.033681828040413
2023-02-01	14.0	7.542554893484715
2023-02-01	0.0	0.48841195801946446
2023-02-01	1.0	13.842795847986753
2023-02-01	23.0	1.3122430102604354
2023-02-01	0.0	0.4023092413762998
2023-02-01	12.0	4.027123575238226
2023-02-01	4.0	4.844288242789932
2023-02-01	37.5	16.92944474579945
2023-02-01	10.0	4.067850287653529
2023-02-01	12.0	8.391721342647052
2023-02-01	1.0	8.25866568283097
2023-02-01	37.5	29.386765213818393
2023-02-01	2.0	4.041914301550389
2023-02-01	37.5	28.245330371549933
2023-02-01	6.0	22.059068885716535
2023-02-01	1.0	3.1949840577150583
2023-02-01	0.0	0.5598537427541915
2023-02-01	0.0	0.3845218782265521
2023-02-01	1.0	1.3437993437863174
2023-02-01	1.0	3.859526326819994
2023-02-01	0.0	0.5371759344548658
2023-02-01	0.0	0.40319733521356993
2023-02-01	1.0	4.759894297440595
2023-02-01	0.0	0.29045909171719664
2023-02-01	0.0	0.9315168707268259
2023-02-01	0.0	0.7092141669794731
2023-02-01	33.0	28.576466455375694
2023-02-01	1.0	2.377130792099818
2023-02-01	10.0	19.22844718191795
2023-02-01	6.0	13.116050717712659
2023-02-01	37.5	37.33271181125091
2023-02-01	6.0	16.795654929488908
2023-02-01	1.0	2.8660298942883755
2023-02-01	3.0	7.29244345061919
2023-02-01	26.0	16.259877403437226
2023-02-01	0.0	2.805691600720163
2023-02-01	37.5	31.47978862452375
2023-02-01	1.0	3.833469900550215
2023-02-01	37.5	37.567238052297995
2023-02-01	0.0	0.22504144523518388
2023-02-01	2.0	4.768217080946609
2023-02-01	27.0	4.251436618928475
2023-02-01	4.0	4.729617752100134
2023-02-01	37.0	19.212721257341574
2023-02-01	3.0	7.785416283234143
2023-02-01	2.0	5.42312133079669
2023-02-01	0.0	0.43429949358118675
2023-02-01	3.0	4.14786136446283
2023-02-01	0.0	0.4272008148245784
2023-02-01	6.0	11.491981931796534
2023-02-01	37.5	20.632659444985727
2023-02-01	10.0	29.36500602501649
2023-02-01	2.0	8.840987827516205
2023-02-01	0.0	1.30355628301084
2023-02-01	37.5	27.234468551682948
2023-02-01	37.5	21.11849462749487
2023-02-01	0.0	0.2872479403281463
2023-02-01	0.0	0.12989446707937718
2023-02-01	3.0	9.230947273526704
2023-02-01	1.0	3.853626802817269
2023-02-01	0.0	0.6791151010772949
2023-02-01	12.0	12.809025700215201
2023-02-01	1.0	4.310720415623816
2023-02-01	37.5	37.3370133118124
2023-02-01	7.0	12.147143196768038
2023-02-01	37.5	20.66698643128464
2023-02-01	5.0	7.230025467640754
2023-02-01	37.5	33.66435084909905
2023-02-01	0.0	0.4128686112818274
2023-02-01	34.0	9.504217991876292
2023-02-01	3.0	7.167301961384532
2023-02-01	0.0	0.2631111693738592
2023-02-01	37.5	31.752089944070924
2023-02-01	37.5	33.66970656741225
2023-02-01	1.0	4.048585009531939
2023-02-01	37.0	19.938775792916516
2023-02-01	0.0	0.48468828801101954
2023-02-01	0.0	1.0486406763293838
2023-02-01	37.5	35.09942623076188
2023-02-01	0.0	0.31680332183919396
2023-02-01	0.0	0.26225723359172715
2023-02-01	1.0	10.53608446039341
2023-02-01	18.0	9.291499503818034
2023-02-01	3.0	3.467768158796497
2023-02-01	12.0	13.81665605152347
2023-02-01	1.0	3.6361937968445117
2023-02-01	0.0	0.30531543175693615
2023-02-01	9.0	7.810615276311407
2023-02-01	4.0	5.378871682765494
2023-02-01	2.0	9.517294056031666
2023-02-01	8.0	6.539903355657332
2023-02-01	37.5	35.08640262934417
2023-02-01	7.0	12.868883474291394
2023-02-01	1.0	4.113651687609901
2023-02-01	6.0	5.93740504984189
2023-02-01	0.0	0.8245444930427521
2023-02-01	37.5	37.226786001022646
2023-02-01	0.0	3.219634069934056
2023-02-01	0.0	0.03854829533604728
2023-02-01	37.5	2.0983045425314506
2023-02-01	3.0	6.40480719377345
2023-02-01	11.0	5.513442142829228
2023-02-01	10.0	7.157259036674483
2023-02-01	2.0	6.331931124707732
2023-02-01	2.0	8.063099341118193
2023-02-01	4.0	11.874710546316246
2023-02-01	0.0	0.35498902146902467
2023-02-01	1.0	3.5721093610897396
2023-02-01	2.0	4.144373534376551
2023-02-01	0.0	0.32816610538673135
2023-02-01	1.0	3.2347080580012353
2023-02-01	37.5	35.23003126334468
2023-02-01	17.0	15.128752160455857
2023-02-01	37.5	37.97118542661568
2023-02-01	1.0	7.0160631586607
2023-02-01	37.5	36.84199851452568
2023-02-01	0.0	0.5858788105046877
2023-02-01	37.5	36.32716286184724
2023-02-01	3.0	7.425629156308939
2023-02-01	7.0	4.713713513489605
2023-02-01	1.0	4.737473794469845
2023-02-01	0.0	1.1521935432716672
2023-02-01	37.5	24.500731753076433
2023-02-01	3.0	5.632440405864802
2023-02-01	18.0	18.78071941506225
2023-02-01	3.0	13.286621200003117
2023-02-01	34.0	3.9786282603056304
2023-02-01	0.0	1.799788931367838
2023-02-01	3.0	6.763381797110842
2023-02-01	0.0	1.0514787691069618
2023-02-01	37.5	20.602865351959927
2023-02-01	7.0	22.101791677802222
2023-02-01	15.0	21.31444124783984
2023-02-01	2.0	5.137978352060089
2023-02-01	37.5	16.482077163107682
2023-02-01	1.0	2.990689794964214
2023-02-01	37.5	19.440394287463153
2023-02-01	1.0	6.17115072007432
2023-02-01	2.0	6.031526353732767
2023-02-01	1.0	5.256297961839841
2023-02-01	37.5	37.98517868409111
2023-02-01	0.0	0.9583340320331772
2023-02-01	3.0	4.667705313759862
2023-02-01	2.0	4.893207145514204
2023-02-01	3.0	7.774826473350246
2023-02-01	0.0	0.27119511431634413
2023-02-01	2.0	0.4475871301542115
2023-02-01	5.0	6.453051487395198
2023-02-01	0.0	0.03938283388649995
2023-02-01	37.5	35.72302639310998
2023-02-01	0.0	0.3494930396940918
2023-02-01	0.0	1.2848805959183431
2023-02-01	16.0	1.896603904605482
2023-02-01	7.0	9.381761688744014
2023-02-01	1.0	4.076959677734185
2023-02-01	37.5	36.79046091177661
2023-02-01	11.0	20.252642732602595
2023-02-01	5.0	10.428301034919905
2023-02-01	0.0	0.42129055385208314
2023-02-01	14.0	7.68234602312501
2023-02-01	16.0	7.879691997056883
2023-02-01	21.0	11.844970405172589
2023-02-01	1.0	5.38742408275937
2023-02-01	2.0	3.587994429268586
2023-02-01	33.0	24.384604889820764
2023-02-01	0.0	0.26279245769283566
2023-02-01	3.0	1.3556342196549647
2023-02-01	0.0	0.02288893909344382
2023-02-01	37.5	37.2023728977792
2023-02-01	37.5	28.82660727770975
2023-02-01	0.0	0.6667349795345605
2023-02-01	2.0	6.671241668915184
2023-02-01	14.0	12.372521962121862
2023-02-01	0.0	0.1490249814537507
2023-02-01	0.0	0.6837273436983928
2023-02-01	0.0	0.1153386223750126
2023-02-01	1.0	8.719895128499154
2023-02-01	0.0	0.48892014583489984
2023-02-01	0.0	1.0449949190076409
2023-02-01	4.0	9.683121294869258
2023-02-01	1.0	0.2634971886725046
2023-02-01	9.0	11.216582479980046
2023-02-01	0.0	0.3540317607513868
2023-02-01	0.0	0.47972922925516187
2023-02-01	2.0	7.330716066941765
2023-02-01	37.5	28.30885930117306
2023-02-01	1.0	5.755592725064859
2023-02-01	11.0	24.553611253261334
2023-02-01	33.0	25.782775776156765
2023-02-01	0.0	0.6332882827455596
2023-02-01	9.0	5.3863462267304945
2023-02-01	37.5	35.96040693893602
2023-02-01	1.0	4.1958403622278855
2023-02-01	1.0	3.655221386424762
2023-02-01	37.5	23.5896587935472
2023-02-01	37.5	37.585153707175266
2023-02-01	0.0	0.5616920483003589
2023-02-01	2.0	7.037149209684568
2023-02-01	7.0	8.67573829359176
2023-02-01	2.0	2.669971035748048
2023-02-01	2.0	10.62210152622824
2023-02-01	0.0	0.4530178289376085
2023-02-01	9.0	11.214268258308802
2023-02-01	0.0	0.6386779830570175
2023-02-01	0.0	0.3834869921081981
2023-02-01	37.5	33.68735574246354
2023-02-01	0.0	0.5973310856169549
2023-02-01	1.0	3.91316831211476
2023-02-01	20.0	15.598527281323724
2023-02-01	9.0	12.220975794369439
2023-02-01	0.0	1.0985289926553654
2023-02-01	17.0	22.994061922686882
2023-02-01	0.0	0.7013881282825853
2023-02-01	4.0	4.617677428758499
2023-02-01	1.0	3.0869231021063177
2023-02-01	0.0	0.3821499921567289
2023-02-01	37.5	25.047043021025022
2023-02-01	0.0	0.5196122326284087
2023-02-01	2.0	4.817988615121755
2023-02-01	11.0	6.3040893192813945
2023-02-01	1.0	0.968529805991156
2023-02-01	0.0	0.22431851302379868
2023-02-01	37.5	34.83328546763216
2023-02-01	37.5	34.41124997088181
2023-02-01	0.0	0.3760484112598955
2023-02-01	37.5	26.79839605583439
2023-02-01	0.0	1.931027278153863
2023-02-01	1.0	2.391829388310062
2023-02-01	6.0	11.763679831115148
2023-02-01	0.0	0.9082691453069163
2023-02-01	0.0	0.23191395888690583
2023-02-01	37.5	37.5048661931055
2023-02-01	0.0	0.6868938460636116
2023-02-01	1.0	4.434482893624556
2023-02-01	0.0	0.5408702926808853
2023-02-01	2.0	4.996675744367478
2023-02-01	26.0	14.220103231789029
2023-02-01	37.5	30.738667875159408
2023-02-01	21.0	12.084625916793632
2023-02-01	12.0	17.968413043353976
2023-02-01	1.0	3.9755011177542863
2023-02-01	1.0	5.626511768198222
2023-02-01	37.5	15.614075432551093
2023-02-01	37.5	32.7095807783646
2023-02-01	0.0	0.17737551692357947
2023-02-01	2.0	5.443240136200506
2023-02-01	37.5	33.51236190875325
2023-02-01	4.0	11.094759590672467
2023-02-01	0.0	0.5730145664264006
2023-02-01	0.0	0.8185384854514327
2023-02-01	37.5	37.20846443415683
2023-02-01	8.0	9.985876844246452
2023-02-01	6.0	9.629696541941875
2023-02-01	0.0	0.40444073472214753
2023-02-01	0.0	0.5466910834418305
2023-02-01	26.0	25.33268623617205
2023-02-01	16.0	7.657572146720605
2023-02-01	37.5	33.10710100348612
2023-02-01	9.0	15.174848473812885
2023-02-01	37.5	35.6946364739559
2023-02-01	37.5	35.08075930085445
2023-02-01	1.0	3.4628695641182787
2023-02-01	32.0	15.513476058284514
2023-02-01	6.0	15.565382767095684
2023-02-01	0.0	0.24869206280927758
2023-02-01	1.0	11.60049172615178
2023-02-01	1.0	5.846175441763499
2023-02-01	0.0	0.7917944029991486
2023-02-01	37.5	37.80550229486724
2023-02-01	0.0	0.5703255513306861
2023-02-01	0.0	0.6250596888700914
2023-02-01	8.0	4.714764952091991
2023-02-01	1.0	5.186225473169502
2023-02-01	23.0	27.976355396437175
2023-02-01	0.0	0.05725058309844931
2023-02-01	34.0	35.511358508437745
2023-02-01	37.5	14.426627618529656
2023-02-01	1.0	1.2742577987746497
2023-02-01	37.5	28.552914997068026
2023-02-01	0.0	0.6286921723349187
2023-02-01	0.0	0.47890442346894546
2023-02-01	0.0	0.40869873034370374
2023-02-01	2.0	7.557559242647695
2023-02-01	2.0	8.569112516228088
2023-02-01	6.0	20.466961257085327
2023-02-01	7.0	12.498549830522988
2023-02-01	15.0	14.655209965173023
2023-02-01	0.0	0.5951814709176664
2023-02-01	0.0	0.27767725537851295
2023-02-01	2.0	8.717446578948241
2023-02-01	0.0	0.2774473712319746
2023-02-01	2.0	6.077753810078712
2023-02-01	1.0	5.918627575860037
2023-02-01	2.0	12.477264918120166
2023-02-01	2.0	6.640073760272325
2023-02-01	21.0	15.908960176629131
2023-02-01	5.0	5.334648534941925
2023-02-01	29.0	29.273474320961327
2023-02-01	37.5	35.31660817564274
2023-02-01	1.0	4.852977283326175
2023-02-01	7.0	22.95300285525285
2023-02-01	19.0	7.014493054335831
2023-02-01	1.0	5.39759852210233
2023-02-01	0.0	0.26238785865256326
2023-02-01	37.5	37.00715180266446
2023-02-01	37.5	37.60372760705229
2023-02-01	1.0	1.2437566607348334
2023-02-01	2.0	9.64491963392796
2023-02-01	0.0	0.40490559248230773
2023-02-01	0.0	0.4687569347508016
2023-02-01	0.0	0.9248022755352461
2023-02-01	0.0	0.41002409872810397
2023-02-01	3.0	7.087092017439136
2023-02-01	11.0	22.42286091461728
2023-02-01	0.0	0.4315587233009619
2023-02-01	1.0	4.19436269838647
2023-02-01	0.0	0.6324657926466145
2023-02-01	37.5	36.09760890983534
2023-02-01	2.0	10.779970392418416
2023-02-01	0.0	0.5371474416119049
2023-02-01	1.0	2.6840445846132717
2023-02-01	3.0	13.400874568446074
2023-02-01	12.0	8.347694728596453
2023-02-01	37.5	37.48331214618355
2023-02-01	4.0	6.41276965348063
2023-02-01	37.5	35.58128612297504
2023-02-01	2.0	4.856765615252344
2023-02-01	26.0	32.914735836908896
2023-02-01	0.0	0.5167604803341576
2023-02-01	37.5	31.402518885840045
2023-02-01	37.5	37.77553040928842
2023-02-01	37.5	30.143162482269005
2023-03-01	0.0	0.0324536449516973
2023-03-01	4.0	0.7463774776545042
2023-03-01	1.0	3.9615155461900002
2023-03-01	37.5	35.05504308319405
2023-03-01	10.0	13.437967816027768
2023-03-01	14.0	22.993938986238263
2023-03-01	37.5	34.97753363513334
2023-03-01	37.5	38.45117793282273
2023-03-01	3.0	6.9976247908149
2023-03-01	17.0	17.70269387652113
2023-03-01	37.5	37.52375008866212
2023-03-01	37.5	29.707713620806715
2023-03-01	37.5	37.8007007432876
2023-03-01	37.5	37.45027443955648
2023-03-01	11.0	4.85151013546847
2023-03-01	0.0	0.2170429545858708
2023-03-01	29.0	7.514310828165184
2023-03-01	6.0	7.225467016129558
2023-03-01	4.0	10.339921048435473
2023-03-01	25.0	13.70658607370126
2023-03-01	0.0	0.7182755411688164
2023-03-01	7.0	9.283898836749811
2023-03-01	37.0	16.7849454525289
2023-03-01	1.0	3.9029164356303965
2023-03-01	1.0	9.900446989851922
2023-03-01	4.0	10.512427600965829
2023-03-01	8.0	3.411147514742655
2023-03-01	37.5	29.719452640475094
2023-03-01	0.0	0.44213648373917097
2023-03-01	1.0	16.37921443257833
2023-03-01	37.5	33.912555608140465
2023-03-01	6.0	10.154731947215764
2023-03-01	37.5	34.29999147314663
2023-03-01	3.0	4.6592624406851275
2023-03-01	16.0	16.661998160022435
2023-03-01	7.0	9.031255406753491
2023-03-01	0.0	0.43080349818634445
2023-03-01	4.0	5.192235827673991
2023-03-01	1.0	0.3332302830354666
2023-03-01	24.0	16.22722399506423
2023-03-01	5.0	7.5860500265034165
2023-03-01	37.5	37.865598414950966
2023-03-01	37.5	28.879573825861307
2023-03-01	12.0	11.198224134993813
2023-03-01	5.0	8.030295695853889
2023-03-01	0.0	1.0203657666610981
2023-03-01	37.5	16.51534125606904
2023-03-01	1.0	3.866307160889543
2023-03-01	4.0	6.034632153057055
2023-03-01	10.0	9.285209669319219
2023-03-01	1.0	5.002558320045919
2023-03-01	3.0	7.846074097813158
2023-03-01	5.0	3.5862930532759894
2023-03-01	1.0	3.52946872185508
2023-03-01	37.5	31.94645172019049
2023-03-01	37.5	35.96254409015918
2023-03-01	1.0	8.77639155198315
2023-03-01	4.0	7.235682537890211
2023-03-01	2.0	3.464747341448076
2023-03-01	37.5	17.693471234624305
2023-03-01	4.0	19.25956095731042
2023-03-01	37.5	36.81014371822725
2023-03-01	5.0	4.85113279419401
2023-03-01	37.5	36.56267803015351
2023-03-01	37.5	20.449898491760628
2023-03-01	2.0	8.965003271405074
2023-03-01	37.5	38.04017110152552
2023-03-01	37.5	26.226969995047757
2023-03-01	21.0	9.509422393379575
2023-03-01	2.0	5.4828419052142126
2023-03-01	7.0	10.592145153775796
2023-03-01	37.5	25.374756217111116
2023-03-01	0.0	0.09606134495984756
2023-03-01	1.0	0.15390773717777625
2023-03-01	0.0	2.584943878752529
2023-03-01	37.5	30.855247972034412
2023-03-01	0.0	0.4703712919484304
2023-03-01	14.0	4.073784070617563
2023-03-01	10.0	3.6351028331210973
2023-03-01	8.0	6.020925759897934
2023-03-01	7.0	9.047968561227307
2023-03-01	0.0	0.7288863181188463
2023-03-01	37.5	20.427502179404627
2023-03-01	2.0	2.6070984881502737
2023-03-01	37.5	38.8810619728143
2023-03-01	0.0	0.4202577110161665
2023-03-01	0.0	0.4296786182561471
2023-03-01	3.0	5.70312709638921
2023-03-01	0.0	0.38456325234173344
2023-03-01	6.0	6.831022324741436
2023-03-01	37.5	36.93171327980098
2023-03-01	37.5	33.586105051189655
2023-03-01	18.0	16.703345501856738
2023-03-01	4.0	5.417987737461004
2023-03-01	37.5	17.366629568760825
2023-03-01	0.0	0.3151046998582837
2023-03-01	37.5	35.00165714442702
2023-03-01	1.0	5.211164473030187
2023-03-01	32.0	18.338738976942572
2023-03-01	2.0	9.699179605158568
2023-03-01	37.5	28.841435859840537
2023-03-01	3.0	7.07301925623549
2023-03-01	37.5	37.05849258777819
2023-03-01	0.0	0.4988599241712326
2023-03-01	37.5	35.146978323357686
2023-03-01	37.5	35.66593476951038
2023-03-01	0.0	0.34016633849720485
2023-03-01	7.0	12.258092670938888
2023-03-01	0.0	0.19520390098649182
2023-03-01	0.0	0.4344715364516501
2023-03-01	34.0	9.139497780902577
2023-03-01	4.0	17.078125994787236
2023-03-01	10.0	9.221970977844116
2023-03-01	35.0	10.991575120329095
2023-03-01	37.5	35.43183088883494
2023-03-01	37.5	36.14644307055984
2023-03-01	37.5	31.05769627843761
2023-03-01	37.5	37.24674824583253
2023-03-01	7.0	13.677344491983245
2023-03-01	6.0	9.074048823056971
2023-03-01	18.0	13.042457485445212
2023-03-01	37.5	19.165307821377628
2023-03-01	14.0	10.458487658033325
2023-03-01	1.0	5.944385895703228
2023-03-01	37.5	37.01996370198901
2023-03-01	1.0	4.78991176460301
2023-03-01	37.5	20.307657594748274
2023-03-01	37.5	34.45487185413109
2023-03-01	5.0	9.199851672123097
2023-03-01	2.0	4.513747228562877
2023-03-01	8.0	17.476342982041473
2023-03-01	8.0	5.6342561942144425
2023-03-01	16.0	3.2647346120263476
2023-03-01	37.5	34.77674433723293
2023-03-01	37.5	4.465578638266496
2023-03-01	37.5	21.82684795650754
2023-03-01	21.0	16.059298536810864
2023-03-01	3.0	14.16741625674919
2023-03-01	37.5	37.68962136190527
2023-03-01	37.5	36.748021367929184
2023-03-01	18.0	19.686569113186827
2023-03-01	37.5	37.411707681022
2023-03-01	4.0	16.686678440438104
2023-03-01	37.5	31.36874992541857
2023-03-01	1.0	4.836726021389079
2023-03-01	37.5	37.23383881676538
2023-03-01	5.0	15.808973588016531
2023-03-01	34.0	16.986091035589542
2023-03-01	37.5	37.858384122516
2023-03-01	37.5	28.196615497792852
2023-03-01	1.0	11.144522189170814
2023-03-01	0.0	0.48828424889934546
2023-03-01	1.0	2.767422743244704
2023-03-01	12.0	9.267213956537457
2023-03-01	2.0	9.905716191626679
2023-03-01	1.0	8.300846938870173
2023-03-01	37.5	17.77771398391274
2023-03-01	0.0	0.30231779788507984
2023-03-01	13.0	8.012183320663272
2023-03-01	0.0	0.34741816015487387
2023-03-01	0.0	3.039431948242234
2023-03-01	4.0	9.308881823835474
2023-03-01	0.0	0.43043347608573446
2023-03-01	37.5	35.16859003556928
2023-03-01	23.0	10.346019280706965
2023-03-01	37.5	33.904757516048974
2023-03-01	15.0	6.574023740255939
2023-03-01	8.0	6.853203558105996
2023-03-01	2.0	11.250303755418251
2023-03-01	13.0	17.83146107382611
2023-03-01	1.0	3.658066123281525
2023-03-01	37.5	37.525688449648314
2023-03-01	14.0	12.275801011371666
2023-03-01	1.0	2.802750136435176
2023-03-01	35.0	14.71512519723392
2023-03-01	37.5	26.16621542027613
2023-03-01	37.5	36.723414065260336
2023-03-01	37.5	23.234228019199602
2023-03-01	37.5	36.10057401431433
2023-03-01	6.0	5.995884800279853
2023-03-01	2.0	3.8194430874167455
2023-03-01	4.0	19.25545618982125
2023-03-01	0.0	0.26771274765325126
2023-03-01	11.0	6.770050182440626
2023-03-01	18.0	9.28552682039033
2023-03-01	37.5	37.820332983451884
2023-03-01	28.0	21.499480897364688
2023-03-01	37.5	37.54450818935768
2023-03-01	21.0	15.7281829666561
2023-03-01	1.0	8.387789517440082
2023-03-01	16.0	6.680632478525103
2023-03-01	37.5	36.894530426336026
2023-03-01	37.5	35.387798354975914
2023-03-01	0.0	1.6654752584475636
2023-03-01	37.5	36.466914388417756
2023-03-01	9.0	5.910864062745875
2023-03-01	0.0	0.2982653144187657
2023-03-01	34.0	27.85154828797755
2023-03-01	10.0	5.967317094295928
2023-03-01	37.5	19.814825398370587
2023-03-01	37.5	32.72310096471063
2023-03-01	6.0	9.996732534962508
2023-03-01	37.5	37.86080751801717
2023-03-01	0.0	0.305619886839825
2023-03-01	0.0	0.29349802104943234
2023-03-01	0.0	0.6159342041364692
2023-03-01	1.0	6.387101422356748
2023-03-01	8.0	6.199585527103321
2023-03-01	37.5	37.740207864682056
2023-03-01	23.0	13.555226004557431
2023-03-01	1.0	2.3169904911331534
2023-03-01	2.0	3.210761872880038
2023-03-01	2.0	3.97897811362369
2023-03-01	7.0	12.023648924783123
2023-03-01	21.0	10.61934351443315
2023-03-01	37.5	34.82298396514334
2023-03-01	7.0	8.431946944754479
2023-03-01	2.0	7.222343878130148
2023-03-01	6.0	10.541885357987237
2023-03-01	0.0	0.46303704939498397
2023-03-01	1.0	4.446897304561766
2023-03-01	1.0	4.245359689697089
2023-03-01	1.0	0.3502492463101706
2023-03-01	6.0	4.528686321906751
2023-03-01	12.0	21.946811102310978
2023-03-01	37.5	6.310618899589387
2023-03-01	37.5	37.02803351362505
2023-03-01	37.5	25.151085619590344
2023-03-01	12.0	8.830272979939817
2023-03-01	3.0	6.409400858756078
2023-03-01	3.0	16.179086480014583
2023-03-01	22.0	8.556539611269923
2023-03-01	11.0	34.53878928798267
2023-03-01	37.5	37.406503245030684
2023-03-01	37.5	37.85651588610153
2023-03-01	4.0	6.02119833134174
2023-03-01	3.0	3.1804520131611573
2023-03-01	6.0	6.653046838273418
2023-03-01	37.5	36.2358738240481
2023-03-01	1.0	9.70988805935439
2023-03-01	37.5	36.93376223041937
2023-03-01	10.0	9.039560468500738
2023-03-01	37.5	36.490940954622324
2023-03-01	5.0	4.264177843469561
2023-03-01	26.0	17.011625478531617
2023-03-01	3.0	4.823082014295969
2023-03-01	14.0	5.879689243971349
2023-03-01	37.5	25.232256564136314
2023-03-01	1.0	1.8763807650734545
2023-03-01	37.5	15.08632573578451
2023-03-01	37.5	32.95969817397449
2023-03-01	1.0	4.142670863713564
2023-03-01	5.0	9.869118508559973
2023-03-01	0.0	0.30691446098073527
2023-03-01	0.0	0.2947725236964202
2023-03-01	37.5	37.68700860720133
2023-03-01	37.5	37.32067858127393
2023-03-01	37.5	24.48818998751981
2023-03-01	3.0	9.77347558704961
2023-03-01	37.5	23.73536806634816
2023-03-01	0.0	0.6210372557575996
2023-03-01	37.5	24.19992429824416
2023-03-01	37.5	34.5438766079984
2023-03-01	2.0	3.936256066405181
2023-03-01	2.0	6.735770677429734
2023-03-01	37.5	36.80103007555613
2023-03-01	9.0	3.3603603448327526
2023-03-01	5.0	7.564467199051309
2023-03-01	27.0	25.763976052583303
2023-03-01	37.5	29.086620493993294
2023-03-01	37.5	34.22672214469305
2023-03-01	37.5	19.344993089462825
2023-03-01	37.5	30.181941723587382
2023-03-01	0.0	0.504765854589764
2023-03-01	5.0	3.610004949311599
2023-03-01	11.0	6.524406582732059
2023-03-01	12.0	7.291172506175183
2023-03-01	37.5	6.350012580966357
2023-03-01	4.0	4.076923909882085
2023-03-01	24.0	11.79784322799733
2023-03-01	0.0	0.8895468120432855
2023-03-01	1.0	6.251496474612579
2023-03-01	0.0	0.4860508271808498
2023-03-01	37.5	3.1128096875056555
2023-03-01	0.0	0.429525903940506
2023-03-01	1.0	3.7090544687814093
2023-03-01	1.0	3.662833991087532
2023-03-01	37.5	32.13118551502701
2023-03-01	37.5	27.90925342930684
2023-03-01	18.0	6.243478010127973
2023-03-01	37.5	31.943609270006007
2023-03-01	37.5	37.12355562592083
2023-03-01	31.0	20.364485525085335
2023-03-01	1.0	3.997335699419007
2023-03-01	0.0	0.44231887984143
2023-03-01	15.0	4.816530663102163
2023-03-01	37.5	37.71779835899859
2023-03-01	2.0	3.8559599174744195
2023-03-01	37.5	36.19864318095815
2023-03-01	37.5	11.032436203093592
2023-03-01	37.5	36.44586554383901
2023-03-01	37.5	31.078033005426658
2023-03-01	0.0	25.90924971901871
2023-03-01	2.0	3.628719374783163
2023-03-01	1.0	0.21499576170200277
2023-03-01	0.0	0.4694474332741213
2023-03-01	1.0	2.3567968532673875
2023-03-01	37.5	38.70637048842243
2023-03-01	8.0	11.35649002023132
2023-03-01	37.5	19.381792654312086
2023-03-01	13.0	9.21432327559613
2023-03-01	37.5	35.51502572105969
2023-03-01	37.5	36.862501826232034
2023-03-01	8.0	4.6713817254776435
2023-03-01	8.0	12.045464638007363
2023-03-01	1.0	3.7408618893217005
2023-03-01	37.5	35.877011559497134
2023-03-01	6.0	15.834822428961976
2023-03-01	6.0	6.742401875314301
2023-03-01	1.0	4.611097901682525
2023-03-01	0.0	0.8792556726596708
2023-03-01	37.5	16.837356789255704
2023-03-01	0.0	0.4236297537937875
2023-03-01	23.0	4.187116720012103
2023-03-01	36.0	5.3424755198007405
2023-03-01	3.0	4.318184629239674
2023-03-01	0.0	0.49840261201051117
2023-03-01	0.0	1.0850049021264716
2023-03-01	2.0	4.094634375504299
2023-03-01	0.0	0.503436794187146
2023-03-01	37.5	31.906058681088272
2023-03-01	0.0	1.1782097393023598
2023-03-01	37.5	11.116681415957695
2023-03-01	1.0	3.6959374773083304
2023-03-01	0.0	0.4213878145865301
2023-03-01	4.0	8.909906478963888
2023-03-01	8.0	11.07310760772397
2023-03-01	37.5	37.245109325709414
2023-03-01	37.5	37.60474030133389
2023-03-01	37.5	37.22292564446486
2023-03-01	2.0	4.579849760754912
2023-03-01	37.5	37.01369477223784
2023-03-01	37.5	27.508047254175654
2023-03-01	37.5	37.96089198819484
2023-03-01	5.0	4.449779883673013
2023-03-01	7.0	11.019876219180682
2023-03-01	37.5	37.68658602631583
2023-03-01	1.0	3.5013742453548775
2023-03-01	7.0	3.9971938125387823
2023-03-01	37.5	16.822111958089113
2023-03-01	37.5	35.475730256917956
2023-03-01	37.5	34.34084180110749
2023-03-01	0.0	1.1669964824275898
2023-03-01	23.0	12.60052969306292
2023-03-01	5.0	1.0633730853487564
2023-03-01	17.0	12.74303090359162
2023-03-01	0.0	0.5341765365538373
2023-03-01	32.0	8.085593755703417
2023-03-01	37.5	29.38702881839116
2023-03-01	7.0	12.477664991280175
2023-03-01	10.0	7.20859323318604
2023-03-01	3.0	5.013505297685261
2023-03-01	17.0	8.935329507571266
2023-03-01	5.0	4.379993960935923
2023-03-01	0.0	0.3823560945446239
2023-03-01	0.0	0.6271918984474609
2023-03-01	37.5	16.842738448516545
2023-03-01	0.0	0.22553109394674187
2023-03-01	0.0	0.42384858217131816
2023-03-01	22.0	14.624125586329919
2023-03-01	11.0	11.745344448969771
2023-03-01	37.5	31.17426837592064
2023-03-01	0.0	0.4963996026783848
2023-03-01	0.0	0.5548154547897153
2023-03-01	0.0	1.1747046378429937
2023-03-01	24.0	10.90571071196573
2023-03-01	37.5	33.311369413598996
2023-03-01	37.5	25.005809532546223
2023-03-01	37.5	13.897334776427375
2023-03-01	37.5	29.21676384470145
2023-03-01	16.0	9.721481910125203
2023-03-01	0.0	1.237442057621085
2023-03-01	37.5	18.672847864072956
2023-03-01	13.0	8.378164356342337
2023-03-01	7.0	9.2481340647544
2023-03-01	37.5	19.381694577684613
2023-03-01	37.5	37.70775961066368
2023-03-01	37.5	35.68194519040961
2023-03-01	0.0	0.7260016122930288
2023-03-01	37.5	34.43191468132038
2023-03-01	3.0	3.7749355799681146
2023-03-01	37.5	5.661017915774049
2023-03-01	12.0	13.379379019436959
2023-03-01	3.0	9.511229980438916
2023-03-01	0.0	0.3179761980062068
2023-03-01	37.5	31.42380994023376
2023-03-01	37.5	23.725399773689343
2023-03-01	37.5	18.97771903104785
2023-03-01	37.5	36.13954387647005
2023-03-01	8.0	10.639828076660514
2023-03-01	37.5	31.442579518215126
2023-03-01	37.0	12.732594515793982
2023-03-01	15.0	19.781617835112446
2023-03-01	16.0	4.541541142215756
2023-03-01	13.0	5.646984349466759
2023-03-01	37.5	33.341093773010385
2023-03-01	37.5	36.084416850952586
2023-03-01	0.0	7.160090251783028
2023-03-01	2.0	7.5457134643828745
2023-03-01	37.5	29.486751173329857
2023-03-01	37.5	27.029077156271992
2023-03-01	2.0	2.4763372912183934
2023-03-01	27.0	17.310150140939164
2023-03-01	37.5	20.631570083028365
2023-03-01	36.0	6.8874999110196695
2023-03-01	0.0	0.5988095857317427
2023-03-01	37.5	38.59974229864618
2023-03-01	2.0	3.2270676944338774
2023-03-01	37.5	34.81799165594596
2023-03-01	0.0	0.3972582858010551
2023-03-01	37.5	25.862252967263867
2023-03-01	6.0	4.794130812552053
2023-03-01	37.5	28.237560810168606
2023-03-01	1.0	8.002155182865804
2023-03-01	37.5	37.36955858225129
2023-03-01	29.0	10.752471138256967
2023-03-01	23.0	27.188779235279863
2023-03-01	37.5	37.09732266335958
2023-03-01	37.5	38.392874377498444
2023-03-01	4.0	10.205794535113423
2023-03-01	2.0	9.465668321710965
2023-03-01	37.5	38.26584853457303
2023-03-01	37.5	28.024912720648526
2023-03-01	12.0	15.513366971236717
2023-03-01	37.5	36.770620821705755
2023-03-01	37.5	25.439147618657717
2023-03-01	6.0	4.826363250396949
2023-03-01	37.5	18.858545410171246
2023-03-01	11.0	21.49786113532526
2023-03-01	5.0	7.126018363248706
2023-03-01	2.0	9.527411480516847
2023-03-01	2.0	1.9416766505829908
2023-03-01	37.5	22.001227785582564
2023-03-01	5.0	9.568094597705727
2023-03-01	33.0	12.19903204709611
2023-03-01	1.0	3.681264300536345
2023-03-01	0.0	0.46731548254817823
2023-03-01	0.0	1.327548938231169
2023-03-01	33.0	14.488070841421328
2023-03-01	8.0	10.465973522018755
2023-03-01	0.0	0.48992812146046416
2023-03-01	5.0	7.715469414427106
2023-03-01	37.5	37.74645898214039
2023-03-01	2.0	3.503815736355611
2023-03-01	37.5	10.232841237709895
2023-03-01	7.0	13.263646279434802
2023-03-01	37.5	28.255164216934062
2023-03-01	24.0	18.133076660879045
2023-03-01	29.0	16.188620720136015
2023-03-01	37.5	37.98909070463528
2023-03-01	13.0	5.839673154679883
2023-03-01	0.0	0.4700737577287202
2023-03-01	37.5	37.43234245046007
2023-03-01	6.0	19.66594796338845
2023-03-01	37.5	35.69145873888754
2023-03-01	1.0	12.285300026796133
2023-03-01	1.0	4.269234085748135
2023-03-01	1.0	4.857598138442987
2023-03-01	37.5	24.69793874592094
2023-03-01	37.5	25.543109621800948
2023-03-01	1.0	3.5876213573528393
2023-03-01	0.0	0.615709354292508
2023-03-01	3.0	5.399297162893903
2023-03-01	1.0	8.609844085622203
2023-03-01	37.5	32.37196598994864
2023-03-01	2.0	5.027473448263166
2023-03-01	8.0	4.403618829491222
2023-03-01	2.0	3.732041127367311
2023-03-01	2.0	3.7969089008328547
2023-03-01	37.5	37.24967217715227
2023-03-01	37.5	34.52867337708716
2023-03-01	37.5	25.475742157319228
2023-03-01	37.5	37.24156239064524
2023-03-01	37.5	30.064052022626583
2023-03-01	1.0	8.46483867247374
2023-03-01	2.0	2.640981636204515
2023-03-01	8.0	7.280847121654145
2023-03-01	37.5	36.28551861929051
2023-03-01	6.0	6.408452416631822
2023-03-01	4.0	1.1204372088197612
2023-03-01	2.0	15.86276841970734
2023-03-01	4.0	11.108767157253059
2023-03-01	37.5	37.53836826184994
2023-03-01	37.5	33.00014603313616
2023-03-01	37.5	37.0138076861976
2023-03-01	37.5	36.443329161570574
2023-03-01	37.5	37.71283265883184
2023-03-01	37.5	34.680486250937406
2023-03-01	1.0	4.624791952290857
2023-03-01	37.5	36.16132835686868
2023-03-01	1.0	5.941723615080809
2023-03-01	37.5	36.75879210547397
2023-03-01	5.0	2.180348237301169
2023-03-01	27.0	21.59584873821473
2023-03-01	2.0	2.813575977028511
2023-03-01	6.0	11.438050053795498
2023-03-01	1.0	3.485525833342745
2023-03-01	24.0	7.497446439636324
2023-03-01	1.0	3.826310142539441
2023-03-01	0.0	0.5154237025189159
2023-03-01	37.5	35.68608259940721
2023-03-01	27.0	20.043536097801532
2023-03-01	37.5	37.72910290930455
2023-03-01	12.0	5.718647834085855
2023-03-01	3.0	8.7820146226317
2023-03-01	37.5	37.068326716064625
2023-03-01	10.0	3.8655985397551484
2023-03-01	15.0	12.95990785779937
2023-03-01	37.5	37.64198749171011
2023-03-01	8.0	9.931624788154835
2023-03-01	37.5	38.12923810230261
2023-03-01	0.0	0.01590096647398535
2023-03-01	37.5	36.35318280526921
2023-03-01	37.5	33.02094882521883
2023-03-01	2.0	11.070734313995636
2023-03-01	20.0	5.930682667304424
2023-03-01	32.0	29.728249796092477
2023-03-01	37.5	35.21226087385491
2023-03-01	37.5	14.752264563003544
2023-03-01	0.0	0.44510366711778615
2023-03-01	0.0	3.3878931611659104
2023-03-01	5.0	5.326070282294296
2023-03-01	7.0	16.63885578257809
2023-03-01	3.0	3.4389270226973716
2023-03-01	37.5	33.53574581474669
2023-03-01	12.0	4.358892339912705
2023-03-01	8.0	5.548216371641421
2023-03-01	1.0	3.3978908760093707
2023-03-01	37.5	38.18162369974149
2023-03-01	0.0	0.3026810200727834
2023-03-01	37.5	37.833231791341966
2023-03-01	14.0	18.307803695004228
2023-03-01	4.0	12.8498333324629
2023-03-01	37.5	31.379457681743673
2023-03-01	0.0	0.5130105933098326
2023-03-01	1.0	8.390182686932132
2023-03-01	2.0	3.915973801468413
2023-03-01	0.0	0.018151369016846264
2023-03-01	4.0	3.284238547507039
2023-03-01	37.5	29.65679424938981
2023-03-01	17.0	8.632811329841196
2023-03-01	0.0	0.47707885264210736
2023-03-01	37.5	36.768474931128615
2023-03-01	1.0	4.4791103075296315
2023-03-01	1.0	4.520528088985116
2023-03-01	37.5	37.498987101290936
2023-03-01	0.0	0.3555782675649717
2023-03-01	8.0	0.6795744638927184
2023-03-01	0.0	0.33133229285741456
2023-03-01	0.0	0.4611027513848675
2023-03-01	15.0	8.694071065374969
2023-03-01	1.0	4.094963802118288
2023-03-01	0.0	0.5174816360522478
2023-03-01	37.5	18.555616261096468
2023-03-01	33.0	34.10924121044399
2023-03-01	0.0	0.48783993196437125
2023-03-01	0.0	0.5358913971989836
2023-03-01	0.0	0.06724659878334725
2023-03-01	37.5	37.49525385137495
2023-03-01	37.5	35.14682990673558
2023-03-01	28.0	13.907101430695015
2023-03-01	29.0	8.4088635017286
2023-03-01	37.5	20.875322419875754
2023-03-01	22.0	20.58011246205385
2023-03-01	8.0	0.13325079808245907
2023-03-01	20.0	5.240018535718251
2023-03-01	0.0	0.5099125142872263
2023-03-01	37.5	36.86164733879936
2023-03-01	0.0	0.33648231794731576
2023-03-01	1.0	4.422359497543324
2023-03-01	2.0	8.153494025407056
2023-03-01	12.0	13.79252324967183
2023-03-01	8.0	24.814597759184178
2023-03-01	37.5	9.78880520992216
2023-03-01	10.0	26.62920487103565
2023-03-01	6.0	34.609171094793275
2023-03-01	37.5	33.820601359750086
2023-03-01	37.5	35.84763497829899
2023-03-01	10.0	11.130201702774599
2023-03-01	1.0	6.1425252080616755
2023-03-01	0.0	0.48992812146046416
2023-03-01	0.0	0.4701552153921714
2023-03-01	8.0	11.177366801894014
2023-03-01	0.0	0.29705734436599557
2023-03-01	2.0	8.672025050847509
2023-03-01	37.5	37.42837071161543
2023-03-01	37.5	37.09127309349992
2023-03-01	37.5	32.35301515567554
2023-03-01	15.0	16.69608682667993
2023-03-01	37.5	30.99853933852458
2023-03-01	37.5	37.29615281661593
2023-03-01	15.0	34.68397445014364
2023-03-01	1.0	12.760790348869786
2023-03-01	37.5	37.45844075804699
2023-03-01	3.0	7.273375262500053
2023-03-01	37.5	34.75780132374236
2023-03-01	37.5	37.536348269929015
2023-03-01	0.0	0.9647867855561989
2023-03-01	1.0	4.51429860067776
2023-03-01	37.5	38.97506274917783
2023-03-01	6.0	14.746319812896303
2023-03-01	37.5	37.04321794834385
2023-03-01	29.0	8.090478235879738
2023-03-01	3.0	4.754970396014415
2023-03-01	6.0	13.619652378790136
2023-03-01	28.0	19.066501031540504
2023-03-01	37.5	32.19553254897807
2023-03-01	36.0	11.522428352255268
2023-03-01	29.0	16.394295099577498
2023-03-01	7.0	10.560997527692594
2023-03-01	0.0	0.5254073741961697
2023-03-01	20.0	19.309902652782174
2023-03-01	0.0	0.4849241194084486
2023-03-01	0.0	0.4255091225419719
2023-03-01	7.0	9.606284961864976
2023-03-01	0.0	0.7324139743083495
2023-03-01	8.0	7.272914321876759
2023-03-01	37.5	35.22210846293351
2023-03-01	2.0	11.050843780999312
2023-03-01	37.5	38.71045327854349
2023-03-01	2.0	10.457913689779334
2023-03-01	0.0	0.6495186846734915
2023-03-01	7.0	6.049294588889308
2023-03-01	37.5	35.618743773548914
2023-03-01	17.0	23.130626588941332
2023-03-01	37.5	26.543662856190622
2023-03-01	35.0	8.392228714042112
2023-03-01	0.0	0.6811527550607187
2023-03-01	0.0	0.4703712919484304
2023-03-01	0.0	0.8798238038833147
2023-03-01	37.5	22.46856735469091
2023-03-01	37.5	35.56471216166054
2023-03-01	21.0	6.041847418324754
2023-03-01	0.0	0.2957726158326131
2023-03-01	11.0	3.7783056355413938
2023-04-01	12.0	14.399962612203264
2023-04-01	6.0	21.957360594578365
2023-04-01	1.0	2.4258123460181524
2023-04-01	0.0	0.13938815105220553
2023-04-01	0.0	0.2787428681305251
2023-04-01	13.0	16.01713303036908
2023-04-01	2.0	7.42155728074915
2023-04-01	37.5	35.01195200038195
2023-04-01	5.0	8.540302498695793
2023-04-01	0.0	0.17046306089332372
2023-04-01	2.0	3.500749350286658
2023-04-01	37.5	34.77486433427097
2023-04-01	37.5	33.54899362141555
2023-04-01	29.0	17.018025722958477
2023-04-01	37.5	33.953494785531696
2023-04-01	2.0	11.214086260659911
2023-04-01	23.0	19.828878383073416
2023-04-01	0.0	0.33587455123860505
2023-04-01	8.0	0.8534955834016147
2023-04-01	7.0	3.5369829619436635
2023-04-01	3.0	3.154791633161147
2023-04-01	0.0	0.25998107234323997
2023-04-01	9.0	8.960290449224658
2023-04-01	37.5	27.51278702641841
2023-04-01	4.0	4.953654469198648
2023-04-01	1.0	0.4008219017388106
2023-04-01	37.5	37.16485840740819
2023-04-01	37.5	14.564565981767661
2023-04-01	0.0	0.41582557942864085
2023-04-01	37.5	35.215679745318965
2023-04-01	16.0	14.937561698032823
2023-04-01	37.5	37.429966517608825
2023-04-01	2.0	2.3858752877001237
2023-04-01	37.5	36.404300835402594
2023-04-01	37.5	32.700059985811656
2023-04-01	14.0	31.2933052789635
2023-04-01	1.0	11.40678615634856
2023-04-01	37.5	31.1087528870856
2023-04-01	37.5	35.4128432639032
2023-04-01	12.0	16.225946572909812
2023-04-01	2.0	5.306701533246677
2023-04-01	37.5	33.95394011723467
2023-04-01	4.0	0.31960384636004946
2023-04-01	37.5	30.596792736102785
2023-04-01	37.0	32.01658309043984
2023-04-01	37.5	31.216243978589667
2023-04-01	8.0	35.72122328687702
2023-04-01	3.0	3.7702472683216555
2023-04-01	5.0	3.5552709148302406
2023-04-01	37.5	17.73921624622235
2023-04-01	1.0	2.6406878805002854
2023-04-01	0.0	11.538037904687274
2023-04-01	37.5	36.18230167304415
2023-04-01	0.0	12.146581760937579
2023-04-01	1.0	2.9187181023872073
2023-04-01	19.0	8.332953364794989
2023-04-01	37.5	31.91185898210992
2023-04-01	10.0	3.0795556347819955
2023-04-01	37.5	35.10986971826524
2023-04-01	37.5	35.575276105573025
2023-04-01	0.0	0.06511383789626683
2023-04-01	0.0	0.3736210366343313
2023-04-01	37.5	29.40135246414406
2023-04-01	1.0	2.7003647783976934
2023-04-01	7.0	2.1494850354501334
2023-04-01	7.0	3.387102356928481
2023-04-01	3.0	8.078706578118366
2023-04-01	37.5	36.50496440605963
2023-04-01	10.0	16.45471274976222
2023-04-01	13.0	5.995200855516784
2023-04-01	7.0	13.405635530887942
2023-04-01	0.0	4.320894545946647
2023-04-01	16.0	21.011724172173757
2023-04-01	0.0	0.15808638646038992
2023-04-01	37.5	34.17708802721825
2023-04-01	5.0	10.58103864835749
2023-04-01	32.0	17.006971761016388
2023-04-01	1.0	3.1787123867851172
2023-04-01	0.0	0.04749125143439469
2023-04-01	16.0	35.09374927198737
2023-04-01	37.5	34.33149289645669
2023-04-01	37.5	36.06021540565377
2023-04-01	2.0	4.135787624862526
2023-04-01	37.5	22.296557670752485
2023-04-01	1.0	5.992841677527814
2023-04-01	15.0	13.779078856355039
2023-04-01	3.0	13.866867676071392
2023-04-01	32.0	30.477618683639612
2023-04-01	37.5	26.618437350628085
2023-04-01	1.0	5.731309412626077
2023-04-01	37.5	36.650400827478876
2023-04-01	6.0	3.0464313684905746
2023-04-01	37.5	33.73568534865933
2023-04-01	37.0	22.611278308718543
2023-04-01	37.5	33.88788205345725
2023-04-01	37.5	35.606630658098254
2023-04-01	37.5	36.520188522442176
2023-04-01	37.5	32.759475007286554
2023-04-01	34.0	26.87903008085875
2023-04-01	0.0	0.5267901406180753
2023-04-01	37.5	33.634924389650216
2023-04-01	0.0	0.7663991447304872
2023-04-01	37.5	28.23003572911161
2023-04-01	10.0	8.544079068546035
2023-04-01	37.5	33.68441811193757
2023-04-01	37.5	37.05984125732796
2023-04-01	37.5	35.60930926409661
2023-04-01	0.0	0.1911515868624704
2023-04-01	14.0	30.153267711582863
2023-04-01	0.0	0.4010196776414747
2023-04-01	10.0	21.758772861319986
2023-04-01	17.0	17.345854143968896
2023-04-01	19.0	31.13251063827099
2023-04-01	37.5	35.531736150375664
2023-04-01	1.0	3.6276259706428693
2023-04-01	37.5	33.936645062026365
2023-04-01	2.0	4.1122970691001495
2023-04-01	37.5	19.211687442084177
2023-04-01	37.5	33.62881905002338
2023-04-01	0.0	22.146194579001985
2023-04-01	37.5	35.72846080134164
2023-04-01	37.5	36.29133152567862
2023-04-01	10.0	4.140444932692979
2023-04-01	35.0	24.140067477360088
2023-04-01	1.0	0.33050992068058505
2023-04-01	37.0	20.74884881386805
2023-04-01	6.0	4.007664230825093
2023-04-01	1.0	0.556439114279595
2023-04-01	0.0	0.49720202947904046
2023-04-01	1.0	0.7373370583156298
2023-04-01	10.0	9.718087427032502
2023-04-01	3.0	6.678151677009174
2023-04-01	4.0	29.42085783945618
2023-04-01	37.5	36.00624789337367
2023-04-01	37.5	36.48039118277155
2023-04-01	37.5	26.633614479459922
2023-04-01	9.0	9.902603755564769
2023-04-01	37.5	36.54320290222851
2023-04-01	37.5	32.87966763276151
2023-04-01	8.0	3.5432699015707074
2023-04-01	2.0	3.2842817975378695
2023-04-01	8.0	9.160940340968786
2023-04-01	9.0	26.896213390111214
2023-04-01	37.5	28.82874172731299
2023-04-01	37.5	32.381902642270646
2023-04-01	37.5	36.69947165629187
2023-04-01	22.0	26.58975131124683
2023-04-01	9.0	8.38030318353726
2023-04-01	0.0	1.0215103022552703
2023-04-01	1.0	3.5859042970755763
2023-04-01	5.0	8.095373481324081
2023-04-01	37.5	32.15322249129411
2023-04-01	37.5	29.881379838373086
2023-04-01	37.5	34.141511735076506
2023-04-01	31.0	34.48239168003137
2023-04-01	37.5	35.40031251852822
2023-04-01	37.5	34.15580469071536
2023-04-01	1.0	3.2772804795558175
2023-04-01	15.0	10.250454646631557
2023-04-01	37.5	35.706463169767204
2023-04-01	10.0	7.617426932697939
2023-04-01	37.5	35.19754633875523
2023-04-01	37.5	32.28352783126047
2023-04-01	11.0	15.835272051172403
2023-04-01	8.0	10.7139232967309
2023-04-01	37.5	33.0649751802835
2023-04-01	0.0	0.018893154443480147
2023-04-01	37.5	34.909979450028565
2023-04-01	4.0	14.138709292372397
2023-04-01	37.5	34.37865322558923
2023-04-01	0.0	2.2806701912502225
2023-04-01	11.0	19.138906987297652
2023-04-01	13.0	22.08952576973243
2023-04-01	3.0	5.2858785437925055
2023-04-01	37.5	36.404685839050245
2023-04-01	0.0	0.18600057790472022
2023-04-01	37.5	37.5676734949656
2023-04-01	0.0	1.181659011862006
2023-04-01	0.0	0.18286900152255853
2023-04-01	13.0	10.925499961732257
2023-04-01	2.0	3.9844061578748016
2023-04-01	37.5	29.87371067675052
2023-04-01	2.0	7.222546236894954
2023-04-01	37.5	32.23083312908001
2023-04-01	1.0	0.713206089666849
2023-04-01	37.5	34.995735987328956
2023-04-01	37.5	30.523009941835255
2023-04-01	9.0	14.673989633462863
2023-04-01	0.0	7.678669041763564
2023-04-01	37.5	33.64886835060415
2023-04-01	37.5	30.906473425424686
2023-04-01	5.0	4.362079840939593
2023-04-01	3.0	16.304099557692844
2023-04-01	0.0	0.16461599776552718
2023-04-01	31.0	4.973484255313616
2023-04-01	37.5	35.8928512649515
2023-04-01	32.0	31.04624176569248
2023-04-01	37.5	29.291107901186106
2023-04-01	0.0	0.7354966419490868
2023-04-01	37.5	37.547531314005866
2023-04-01	4.0	6.827705663192083
2023-04-01	37.5	36.87290300749067
2023-04-01	37.5	24.094365592508225
2023-04-01	8.0	14.664519613423574
2023-04-01	5.0	5.032006912644311
2023-04-01	22.0	6.309371847501292
2023-04-01	6.0	7.794858482442793
2023-04-01	0.0	0.5690048965004746
2023-04-01	37.5	31.666179142690254
2023-04-01	27.0	25.22630726256652
2023-04-01	9.0	28.495778209808794
2023-04-01	37.5	30.696607234799593
2023-04-01	30.0	19.053138146995337
2023-04-01	37.5	31.515259841724287
2023-04-01	37.5	37.26372544990726
2023-04-01	8.0	6.2783604860727795
2023-04-01	7.0	13.486418623110747
2023-04-01	21.0	23.43670406126318
2023-04-01	37.5	36.10473436193056
2023-04-01	2.0	5.981223134245365
2023-04-01	2.0	5.505000323104795
2023-04-01	37.5	32.670990510455695
2023-04-01	1.0	3.1601839010374393
2023-04-01	4.0	14.351832829960095
2023-04-01	0.0	3.2372699879351146
2023-04-01	37.5	34.97938311519349
2023-04-01	37.5	31.045366981250822
2023-04-01	2.0	4.442675136779019
2023-04-01	0.0	0.8247864621339199
2023-04-01	37.5	30.181006930032193
2023-04-01	0.0	0.18692524385666331
2023-04-01	28.0	12.65612687985002
2023-04-01	37.5	35.41633225429251
2023-04-01	2.0	3.664772731420923
2023-04-01	4.0	14.84455862085678
2023-04-01	37.5	32.28564871423766
2023-04-01	3.0	3.9388554681087897
2023-04-01	0.0	0.34317341170302196
2023-04-01	9.0	18.983122959066954
2023-04-01	0.0	0.8073922552235928
2023-04-01	8.0	11.956368706427286
2023-04-01	5.0	5.3054724707332666
2023-04-01	15.0	10.641551828479482
2023-04-01	24.0	15.136242810975315
2023-04-01	14.0	15.74191271517523
2023-04-01	37.5	33.251421200137166
2023-04-01	37.5	36.56016529725793
2023-04-01	0.0	0.006230661169907382
2023-04-01	4.0	10.030392715287915
2023-04-01	11.0	8.93307713252628
2023-04-01	23.0	21.74468099564364
2023-04-01	3.0	5.159670735416732
2023-04-01	37.5	18.068593034741326
2023-04-01	37.5	33.03197028622084
2023-04-01	16.0	4.402130853287938
2023-04-01	37.5	37.48764532748446
2023-04-01	37.5	35.15020961462574
2023-04-01	37.5	34.82064075184486
2023-04-01	5.0	8.511913296827007
2023-04-01	0.0	0.18180346009429413
2023-04-01	31.0	19.040798614656964
2023-04-01	37.5	34.009619486552275
2023-04-01	0.0	0.6967289737112117
2023-04-01	18.0	30.762230300318095
2023-04-01	37.5	13.848819065204783
2023-04-01	37.5	37.397843646157284
2023-04-01	37.5	24.504094037608898
2023-04-01	37.5	30.175698241230897
2023-04-01	37.5	34.60003619119509
2023-04-01	37.5	35.4419330812767
2023-04-01	37.5	34.840911675639944
2023-04-01	37.5	35.20336683957705
2023-04-01	37.5	36.798094935218145
2023-04-01	37.5	34.2078261094262
2023-04-01	7.0	21.65522972303372
2023-04-01	15.0	18.648252091117968
2023-04-01	0.0	0.1748017544141762
2023-04-01	37.5	35.13566939949079
2023-04-01	37.5	34.065133309278565
2023-04-01	3.0	12.217379223787159
2023-04-01	37.5	30.812786601998898
2023-04-01	37.5	33.02127520441656
2023-04-01	2.0	3.9034489132993486
2023-04-01	37.5	29.080124419384006
2023-04-01	37.5	35.827581615392106
2023-04-01	7.0	4.224038470117691
2023-04-01	37.5	34.52103785535713
2023-04-01	37.5	34.93995653343132
2023-04-01	37.5	34.0139902687004
2023-04-01	37.0	23.748137207462317
2023-04-01	37.5	35.94526362844679
2023-04-01	37.5	32.79772690670373
2023-04-01	37.5	35.96200699235775
2023-04-01	0.0	0.15776999871041225
2023-04-01	28.0	16.497616412571364
2023-04-01	37.5	35.91328488120311
2023-04-01	5.0	23.47317560972049
2023-04-01	18.0	17.195809842249414
2023-04-01	37.5	33.365787079340535
2023-04-01	14.0	32.93379157544338
2023-04-01	37.5	32.32821009105386
2023-04-01	0.0	0.3040712295939673
2023-04-01	0.0	0.16268884877584372
2023-04-01	35.0	4.923254087522153
2023-04-01	37.5	28.236371448248367
2023-04-01	1.0	7.598074895779283
2023-04-01	13.0	27.312125955055144
2023-04-01	4.0	2.173536175609974
2023-04-01	1.0	4.994495675272711
2023-04-01	37.5	35.83412118399066
2023-04-01	37.5	36.032747992936315
2023-04-01	37.5	37.529654245951996
2023-04-01	6.0	13.624654499843098
2023-04-01	3.0	5.403737726232441
2023-04-01	37.5	12.447154833358924
2023-04-01	37.5	37.20073829500773
2023-04-01	1.0	3.2000911702587036
2023-04-01	37.5	35.54082962487942
2023-04-01	11.0	9.445847635045169
2023-04-01	19.0	11.14987708941697
2023-04-01	37.5	36.67704718741083
2023-04-01	5.0	7.0232747058466405
2023-04-01	5.0	24.89331656548955
2023-04-01	33.0	15.479985394566082
2023-04-01	29.0	3.304754199638934
2023-04-01	1.0	2.992071215338722
2023-04-01	0.0	0.006079537978422029
2023-04-01	2.0	4.573338742183124
2023-04-01	37.5	28.499716667266654
2023-04-01	2.0	3.377877064734305
2023-04-01	3.0	10.81820468822736
2023-04-01	0.0	3.716562093485534
2023-04-01	37.5	32.09543948536398
2023-04-01	5.0	8.344138338757952
2023-04-01	12.0	12.731173226776688
2023-04-01	37.5	33.98631380869591
2023-04-01	2.0	3.354922950201552
2023-04-01	6.0	22.74273243889249
2023-04-01	37.5	36.288197896435115
2023-04-01	37.5	35.09001424336397
2023-04-01	37.5	34.72982467112643
2023-04-01	37.5	35.40452543744033
2023-04-01	37.5	36.358247818576494
2023-04-01	25.0	16.752294878927113
2023-04-01	37.5	22.62397627757982
2023-04-01	4.0	3.124145426190797
2023-04-01	3.0	10.385385286258536
2023-04-01	37.5	33.35470701263567
2023-04-01	0.0	0.32822247688392436
2023-04-01	37.5	32.982159383813645
2023-04-01	37.5	36.53319091389993
2023-04-01	0.0	0.5092056591222618
2023-04-01	2.0	11.567118200584682
2023-04-01	37.5	28.692532266002452
2023-04-01	37.5	16.306327274696507
2023-04-01	30.0	17.966376156060146
2023-04-01	37.5	36.084799920970134
2023-04-01	11.0	12.822482272769545
2023-04-01	37.5	34.70767069272839
2023-04-01	3.0	6.166214115568733
2023-04-01	0.0	0.15614613649165013
2023-04-01	7.0	13.722944580717938
2023-04-01	0.0	0.15715472937445826
2023-04-01	37.5	33.40031678077521
2023-04-01	1.0	4.314034074024874
2023-04-01	25.0	18.3803568525825
2023-04-01	0.0	0.8979951175752243
2023-04-01	0.0	0.005837501316390257
2023-04-01	37.5	36.92236067420289
2023-04-01	37.5	36.162991880531536
2023-04-01	3.0	3.0962600349497924
2023-04-01	0.0	0.5211864012273099
2023-04-01	37.5	29.372084383261047
2023-04-01	1.0	5.09697326647556
2023-04-01	37.5	36.514454679162576
2023-04-01	37.5	33.43658451817863
2023-04-01	2.0	0.6950492187215126
2023-04-01	2.0	6.469925290480015
2023-04-01	37.5	36.41392685906948
2023-04-01	37.5	37.470253285651985
2023-04-01	8.0	16.593030199669073
2023-04-01	23.0	20.18704314556466
2023-04-01	5.0	4.726449190325927
2023-04-01	37.5	28.103988366646156
2023-04-01	37.5	29.899782531355118
2023-04-01	37.5	35.734654380440354
2023-04-01	13.0	9.866106311753361
2023-04-01	5.0	9.303176661959116
2023-04-01	37.5	33.63529535215626
2023-04-01	2.0	2.6175921826482833
2023-04-01	37.5	28.806286999982632
2023-04-01	37.5	35.3864254111979
2023-04-01	37.5	35.862728959484556
2023-04-01	37.5	37.13341584150584
2023-04-01	0.0	0.23067406200966858
2023-04-01	37.5	36.38746426720331
2023-04-01	13.0	11.240551540508584
2023-04-01	19.0	17.004982763941726
2023-04-01	4.0	8.772292883568173
2023-04-01	37.5	36.147474919765706
2023-04-01	0.0	0.69748476541351
2023-04-01	0.0	0.4812350583958272
2023-04-01	37.5	28.90993230210977
2023-04-01	37.5	32.97631921529414
2023-04-01	15.0	12.094222276737945
2023-04-01	5.0	4.5276439022653925
2023-04-01	0.0	11.319189144481719
2023-04-01	19.0	11.745267494357176
2023-04-01	37.5	30.640373694353478
2023-04-01	37.5	33.724220072051196
2023-04-01	35.0	16.332043887052535
2023-04-01	37.5	35.55847179899335
2023-04-01	37.5	35.13900679621495
2023-04-01	37.5	35.54819418832365
2023-04-01	11.0	9.796820939913987
2023-04-01	19.0	5.436889859528741
2023-04-01	24.0	31.608890669465282
2023-04-01	1.0	4.542431111601079
2023-04-01	37.5	25.575884573164146
2023-04-01	37.5	36.63162356548882
2023-04-01	37.5	33.16404434258248
2023-04-01	9.0	8.380951767069938
2023-04-01	37.5	34.33606871888037
2023-04-01	37.5	33.935580645032566
2023-04-01	37.5	35.920503550082806
2023-04-01	31.0	1.04246034812562
2023-04-01	37.5	29.365452737871053
2023-04-01	37.5	33.46422589975919
2023-04-01	22.0	15.190808988094298
2023-04-01	37.5	32.60984449781162
2023-04-01	28.0	24.021547768056067
2023-04-01	1.0	6.941118565230637
2023-04-01	1.0	11.646395746496772
2023-04-01	3.0	2.3525685283610747
2023-04-01	10.0	23.666334460740707
2023-04-01	37.5	34.708704469580674
2023-04-01	6.0	6.525919775048048
2023-04-01	37.5	30.373984956082204
2023-04-01	3.0	3.9197394435810393
2023-04-01	37.5	33.271359884630655
2023-04-01	4.0	11.20108097465819
2023-04-01	29.0	27.405390536129882
2023-04-01	37.5	32.322916058498606
2023-04-01	2.0	3.757956869862993
2023-04-01	3.0	7.526574912099682
2023-04-01	0.0	0.17772483721016843
2023-04-01	37.5	27.40577701177959
2023-04-01	1.0	9.22842767300091
2023-04-01	6.0	3.161241589162529
2023-04-01	37.5	35.68090832461621
2023-04-01	6.0	18.82222302605717
2023-04-01	37.5	33.996551192771065
2023-04-01	37.5	35.49002728776816
2023-04-01	37.5	35.48520023839504
2023-04-01	2.0	4.259967051791572
2023-04-01	6.0	15.430217876713403
2023-04-01	4.0	2.0832077480036792
2023-04-01	10.0	18.70787632517513
2023-04-01	37.5	32.4414215065524
2023-04-01	37.5	32.70168029276782
2023-04-01	37.5	29.84473747182218
2023-04-01	2.0	7.488253082117514
2023-04-01	17.0	9.327414754546828
2023-04-01	37.5	32.72848857740358
2023-04-01	3.0	17.272792937663773
2023-04-01	2.0	4.1444045787890875
2023-04-01	37.5	37.35561863105501
2023-04-01	0.0	0.15638208718227714
2023-04-01	37.5	35.02710408931757
2023-04-01	9.0	14.275894620412425
2023-04-01	27.0	36.28309617030739
2023-04-01	11.0	6.007513176305342
2023-04-01	3.0	10.95906644145211
2023-04-01	1.0	3.1958694547596678
2023-04-01	25.0	26.12650581615526
2023-04-01	16.0	32.21477992220919
2023-04-01	7.0	2.860443767762055
2023-04-01	37.5	35.12568515264287
2023-04-01	0.0	0.48095582482971183
2023-04-01	0.0	1.1481420426915319
2023-04-01	33.0	19.386057058177737
2023-04-01	3.0	6.082256292145714
2023-04-01	37.5	33.933748573674876
2023-04-01	0.0	0.2584704300633261
2023-04-01	37.5	34.07734485784596
2023-04-01	37.5	33.52308758036192
2023-04-01	0.0	0.19044534892661671
2023-04-01	0.0	0.47425965041993323
2023-04-01	37.5	37.84152432534219
2023-04-01	7.0	26.158921932404898
2023-04-01	11.0	7.50410490220414
2023-04-01	23.0	16.01003256665266
2023-04-01	37.5	34.745321708783585
2023-04-01	37.5	9.19891651098167
2023-04-01	3.0	4.526916520251891
2023-04-01	0.0	0.1739718017805495
2023-04-01	37.5	35.23153667296474
2023-04-01	37.5	27.08092640766667
2023-04-01	7.0	5.226708408960357
2023-04-01	37.5	37.08223449187139
2023-04-01	14.0	20.379111532644192
2023-04-01	37.5	32.66897987666226
2023-04-01	27.0	29.960874470589633
2023-04-01	9.0	8.402387531693902
2023-04-01	37.5	32.10432689665185
2023-04-01	5.0	5.641799631741381
2023-04-01	37.5	32.62463947916808
2023-04-01	3.0	2.989684455108909
2023-04-01	37.5	24.131010619135637
2023-04-01	2.0	3.7348441607241663
2023-04-01	37.5	32.33854739977194
2023-04-01	37.5	28.64559174457882
2023-04-01	5.0	14.803890437383727
2023-04-01	1.0	2.8810506416591015
2023-04-01	3.0	4.935378456757857
2023-04-01	37.5	25.279489370538624
2023-04-01	1.0	11.407937779220296
2023-04-01	37.5	36.72429311208919
2023-04-01	37.5	37.96138402595728
2023-04-01	0.0	1.0625742016466542
2023-04-01	8.0	8.489884138805502
2023-04-01	37.5	33.11099066514757
2023-04-01	0.0	0.41358472349815956
2023-04-01	0.0	0.41582557942864085
2023-04-01	5.0	9.730466590572139
2023-04-01	37.5	30.928782398423795
2023-04-01	16.0	12.027291076094581
2023-04-01	19.0	13.589226626520187
2023-04-01	18.0	6.0303599581253255
2023-04-01	12.0	9.450362016167594
2023-04-01	37.5	32.63200274118414
2023-04-01	2.0	2.725870548981069
2023-04-01	37.5	23.190166126086893
2023-04-01	37.5	34.182734634011204
2023-04-01	8.0	16.97196460451353
2023-04-01	3.0	5.961297627598746
2023-04-01	37.5	31.467210369633126
2023-04-01	37.5	29.94652135656571
2023-04-01	1.0	7.561799036385149
2023-04-01	19.0	10.366399043161003
2023-04-01	37.5	26.57067687192335
2023-04-01	37.5	35.7967460888853
2023-04-01	0.0	0.3721940942609834
2023-04-01	0.0	0.32489954280301847
2023-04-01	37.5	36.59877169399563
2023-04-01	37.5	28.47409480371814
2023-04-01	5.0	4.101812007558455
2023-04-01	16.0	11.703680850082192
2023-04-01	37.5	30.891990576802357
2023-04-01	7.0	14.113946566783916
2023-04-01	37.5	31.55729936462073
2023-04-01	0.0	0.47272500292387887
2023-04-01	11.0	5.246298218224231
2023-04-01	11.0	12.84306948221708
2023-04-01	37.5	33.150574646567755
2023-04-01	3.0	6.348368854059656
2023-04-01	1.0	4.220206768080418
2023-04-01	37.5	32.58941603287654
2023-04-01	1.0	12.200424392016789
2023-04-01	4.0	8.968918990847468
2023-04-01	37.5	36.69845523616716
2023-04-01	37.5	28.08785883010146
2023-04-01	37.5	31.868432057093333
2023-04-01	2.0	7.365112212554281
2023-04-01	7.0	10.984754838565543
2023-04-01	37.5	27.160475917058243
2023-04-01	12.0	11.583422758350817
2023-04-01	37.5	32.68205539323873
2023-04-01	37.5	33.9946466677654
2023-04-01	0.0	0.44863175396444227
2023-04-01	37.5	35.03256078816756
2023-04-01	37.5	37.498709730489935
2023-04-01	37.5	22.450679162177796
2023-04-01	37.5	32.53973446662861
2023-04-01	3.0	0.4812350583958272
2023-04-01	0.0	0.2649264119531856
2023-04-01	7.0	9.232668907944593
2023-04-01	37.5	31.66502184646925
2023-04-01	37.5	37.311678171958214
2023-04-01	0.0	0.913374720933275
2023-04-01	1.0	2.734373269489518
2023-04-01	12.0	9.649804767740841
2023-04-01	2.0	8.363121097286898
2023-04-01	5.0	4.548902124241972
2023-04-01	31.0	11.47460467717179
2023-04-01	37.5	34.17876894629618
2023-04-01	11.0	17.435013675389378
2023-04-01	12.0	13.533256179004802
2023-04-01	37.5	33.81122833013921
2023-04-01	37.5	30.927691704884225
2023-04-01	37.5	31.32048065056904
2023-04-01	1.0	4.833504661381538
2023-04-01	37.5	27.383975099064312
2023-04-01	2.0	3.252632321820924
2023-04-01	37.5	32.465921174973715
2023-04-01	37.5	7.4434068758330065
2023-04-01	6.0	7.658755308173698
2023-04-01	37.5	37.23933528513185
2023-04-01	12.0	9.305746608084808
2023-04-01	4.0	5.181653455696134
2023-04-01	37.5	31.691254995580202
2023-04-01	1.0	7.115542711980154
2023-04-01	37.5	34.929558392824276
2023-04-01	0.0	0.6963020924164594
2023-04-01	1.0	5.1845204437168935
2023-04-01	11.0	0.4599325980378687
2023-04-01	6.0	2.007053824437306
2023-04-01	37.5	36.09884279902298
2023-04-01	37.5	32.618726207508445
2023-04-01	37.5	32.18225985554844
2023-04-01	27.0	25.013168054507652
2023-04-01	2.0	8.29471528707464
2023-04-01	37.5	36.09467159135096
2023-04-01	17.0	10.98237126814832
2023-04-01	37.5	35.63041308915125
2023-04-01	3.0	6.466569240241965
2023-04-01	37.5	33.28929965717618
2023-04-01	4.0	5.6016559127101075
2023-04-01	3.0	4.968833929767195
2023-04-01	8.0	17.85703338159736
2023-04-01	1.0	14.969515902581442
2023-04-01	1.0	2.324126042132984
2023-04-01	37.5	27.926194366790476
2023-04-01	18.0	13.413970026153079
2023-04-01	24.0	10.325807123006369
2023-04-01	37.5	37.37965480968985
2023-04-01	37.5	36.0455296266545
2023-04-01	21.0	8.98181008947659
2023-04-01	7.0	1.5881802452337404
2023-04-01	0.0	2.132409192429836
2023-04-01	37.5	29.759032756096296
2023-04-01	2.0	3.0421056715858157
2023-04-01	0.0	0.7190468242027823
2023-04-01	30.0	8.480167091403782
2023-04-01	37.5	29.939386794683987
2023-04-01	37.5	30.176842179446673
2023-04-01	18.0	24.755500338108202
2023-04-01	37.5	31.01868581491199
2023-04-01	5.0	6.462199791495674
2023-04-01	16.0	35.211730847561334
2023-04-01	0.0	0.1595722545966386
2023-04-01	16.0	7.92314292698065
2023-04-01	0.0	0.3219540561819384
2023-04-01	28.0	22.32127190948094
2023-04-01	9.0	11.17678840951966
2023-05-01	37.5	35.73445761387262
2023-05-01	37.5	32.38558755369173
2023-05-01	29.0	25.883309942809007
2023-05-01	0.0	0.0708403717988182
2023-05-01	37.5	36.61633727879824
2023-05-01	20.0	32.345888724788125
2023-05-01	4.0	2.733797315863413
2023-05-01	37.5	34.632092957985535
2023-05-01	37.5	10.478765089284938
2023-05-01	0.0	0.01712738874919038
2023-05-01	37.5	36.33203307572131
2023-05-01	37.5	37.76508929666825
2023-05-01	34.0	34.98395458381491
2023-05-01	0.0	0.08832144708903486
2023-05-01	4.0	20.90249922230571
2023-05-01	25.0	24.87305863536787
2023-05-01	3.0	4.462583941897343
2023-05-01	20.0	33.42432957024457
2023-05-01	6.0	9.83620810237617
2023-05-01	4.0	6.403151912518379
2023-05-01	1.0	5.440345597386494
2023-05-01	37.5	32.02203221963621
2023-05-01	37.5	33.54842637917161
2023-05-01	7.0	8.533433329911915
2023-05-01	37.5	32.38825800075389
2023-05-01	6.0	10.344464984624631
2023-05-01	0.0	0.4769084231055755
2023-05-01	37.5	37.3733424574736
2023-05-01	0.0	2.883950594155392
2023-05-01	0.0	0.018035805126241707
2023-05-01	14.0	25.126232811992736
2023-05-01	18.0	29.255325237669233
2023-05-01	2.0	13.86365781453423
2023-05-01	37.5	36.63403290528334
2023-05-01	12.0	11.943192654010545
2023-05-01	37.5	37.13041296735099
2023-05-01	1.0	2.9498486664042485
2023-05-01	37.5	34.53659626443284
2023-05-01	0.0	0.01802862890853773
2023-05-01	3.0	7.130202474900057
2023-05-01	5.0	10.575103766393372
2023-05-01	8.0	6.145450493949803
2023-05-01	37.5	37.66409714840538
2023-05-01	0.0	0.020141710491636364
2023-05-01	37.5	36.892179921977934
2023-05-01	13.0	31.71901174762731
2023-05-01	13.0	10.196921003117382
2023-05-01	23.0	29.34035249154693
2023-05-01	10.0	23.53675142604166
2023-05-01	37.5	17.18361094699683
2023-05-01	30.0	34.42669211201679
2023-05-01	37.5	37.50494767216644
2023-05-01	37.5	37.19642638986576
2023-05-01	37.5	36.193444729886096
2023-05-01	11.0	11.800812836166667
2023-05-01	5.0	9.020543633773196
2023-05-01	8.0	5.086715074496514
2023-05-01	37.5	35.38404694371417
2023-05-01	1.0	4.063250801173636
2023-05-01	0.0	0.055641830306733524
2023-05-01	0.0	3.8857044673785133
2023-05-01	7.0	8.984867613587737
2023-05-01	22.0	4.635859682684242
2023-05-01	0.0	0.42987920176089
2023-05-01	18.0	22.448303941091268
2023-05-01	28.0	31.530786293573566
2023-05-01	12.0	9.575132390623963
2023-05-01	21.0	28.13088638006966
2023-05-01	37.5	35.85643236882312
2023-05-01	37.5	21.85971417825185
2023-05-01	0.0	0.021245921326578744
2023-05-01	3.0	4.616124834953153
2023-05-01	0.0	0.06782782179504768
2023-05-01	8.0	15.817611892321196
2023-05-01	3.0	28.772770470369462
2023-05-01	37.5	31.62024756026048
2023-05-01	3.0	8.652265893555876
2023-05-01	37.5	36.87729724261172
2023-05-01	1.0	5.585841743231224
2023-05-01	37.5	31.949431301525735
2023-05-01	37.5	33.16403685455718
2023-05-01	5.0	7.796672114450316
2023-05-01	4.0	2.9689134143107285
2023-05-01	37.5	34.95059598363234
2023-05-01	1.0	1.099215066876909
2023-05-01	1.0	2.2372403428546876
2023-05-01	0.0	0.05489650434777318
2023-05-01	27.0	8.611204937963269
2023-05-01	0.0	0.21434839815886084
2023-05-01	0.0	1.227980985796659
2023-05-01	14.0	11.796591441581306
2023-05-01	0.0	0.664299823288752
2023-05-01	0.0	0.07662104685657506
2023-05-01	37.5	33.17349221478383
2023-05-01	1.0	5.223093930139948
2023-05-01	37.5	33.31135444636001
2023-05-01	3.0	6.895263868324735
2023-05-01	14.0	29.573375300246795
2023-05-01	2.0	4.148756611882872
2023-05-01	37.5	36.202747077880474
2023-05-01	37.5	34.29312314758702
2023-05-01	12.0	30.31398085957727
2023-05-01	0.0	0.0077871716852186594
2023-05-01	37.5	1.8243112307258302
2023-05-01	25.0	36.529883642026086
2023-05-01	37.5	26.249564639751384
2023-05-01	11.0	32.60297382779878
2023-05-01	37.5	33.55516434312973
2023-05-01	32.0	34.092623700208186
2023-05-01	37.5	35.78573360458006
2023-05-01	0.0	2.1072425439602607
2023-05-01	1.0	4.126731859094383
2023-05-01	1.0	4.83968991199719
2023-05-01	36.0	24.705218519327175
2023-05-01	37.5	35.639336335531425
2023-05-01	12.0	8.289412086450014
2023-05-01	37.5	32.9674394165595
2023-05-01	0.0	0.008929385514149813
2023-05-01	37.5	36.53975276089235
2023-05-01	3.0	4.693385578299556
2023-05-01	37.5	36.73492216335372
2023-05-01	37.5	35.51373388525113
2023-05-01	37.5	35.16304624349731
2023-05-01	7.0	30.759907899543656
2023-05-01	0.0	0.36212023760138706
2023-05-01	1.0	6.604284119623738
2023-05-01	37.5	29.93388463521732
2023-05-01	11.0	7.212192387644679
2023-05-01	0.0	0.018035399087531975
2023-05-01	2.0	4.1550483777196305
2023-05-01	37.5	34.87616659166433
2023-05-01	0.0	0.018035805126241707
2023-05-01	37.5	35.407186820275534
2023-05-01	0.0	1.0090358502652985
2023-05-01	37.5	35.37590456204331
2023-05-01	30.0	35.619591997244676
2023-05-01	32.0	36.4111462659221
2023-05-01	0.0	0.01813836922880581
2023-05-01	15.0	19.071183742680727
2023-05-01	37.5	37.37939096659882
2023-05-01	20.0	11.15086566484494
2023-05-01	37.5	35.768238441202485
2023-05-01	0.0	0.13321142188869822
2023-05-01	0.0	0.7067411770349352
2023-05-01	0.0	0.31111944414073783
2023-05-01	11.0	19.28116086344811
2023-05-01	37.5	34.954058173934236
2023-05-01	8.0	12.745255985124398
2023-05-01	27.0	24.662471172432838
2023-05-01	37.5	36.52984835184514
2023-05-01	37.5	32.63002459277917
2023-05-01	37.5	31.108475284959937
2023-05-01	0.0	4.017757379796284
2023-05-01	37.5	31.541074587871428
2023-05-01	3.0	2.904490489540422
2023-05-01	37.5	35.06455430602567
2023-05-01	37.5	34.628510889343566
2023-05-01	26.0	33.07849861322451
2023-05-01	4.0	11.770693075422281
2023-05-01	0.0	4.5491605172846095
2023-05-01	37.5	31.64281176136328
2023-05-01	1.0	4.0020619617173505
2023-05-01	12.0	8.327964738173648
2023-05-01	37.5	34.3757693954477
2023-05-01	37.5	36.88079187851868
2023-05-01	6.0	6.157386146716826
2023-05-01	4.0	4.579597813323982
2023-05-01	9.0	9.690780908703543
2023-05-01	0.0	0.21418841863058524
2023-05-01	37.5	32.98237489222855
2023-05-01	37.5	34.18419103808168
2023-05-01	0.0	0.006874123507960824
2023-05-01	2.0	3.0878367634911372
2023-05-01	37.5	30.720736536635236
2023-05-01	12.0	11.822414666242256
2023-05-01	0.0	0.007339047992465897
2023-05-01	31.0	9.196534329985099
2023-05-01	4.0	7.803843174721551
2023-05-01	37.5	36.92270851373361
2023-05-01	37.5	32.64213759217272
2023-05-01	8.0	8.146805473818873
2023-05-01	2.0	4.448704081656352
2023-05-01	37.5	30.67245865016874
2023-05-01	29.0	36.263116303790575
2023-05-01	37.5	33.73088772962002
2023-05-01	37.0	28.149608301374528
2023-05-01	15.0	24.6388323503669
2023-05-01	19.0	23.269907265367088
2023-05-01	37.5	25.394292735146607
2023-05-01	37.5	32.671844238356826
2023-05-01	0.0	0.4976893267956005
2023-05-01	10.0	5.2606218065815415
2023-05-01	0.0	0.26844109207230366
2023-05-01	37.5	37.827417147562244
2023-05-01	37.5	33.22181591076893
2023-05-01	12.0	15.481744411334205
2023-05-01	0.0	0.03153311921066067
2023-05-01	0.0	0.9861829394204137
2023-05-01	0.0	0.9262923239679307
2023-05-01	0.0	0.051972002623638824
2023-05-01	10.0	7.990756165832733
2023-05-01	10.0	12.502930294629566
2023-05-01	0.0	0.10870276094391292
2023-05-01	37.5	33.168678196852234
2023-05-01	3.0	4.253954929187209
2023-05-01	25.0	21.455448172461768
2023-05-01	37.5	37.60466146288503
2023-05-01	37.5	36.832524475456125
2023-05-01	1.0	3.8974645573980684
2023-05-01	37.5	37.00589169071661
2023-05-01	1.0	6.418457238322436
2023-05-01	11.0	34.85376230197256
2023-05-01	33.0	34.151658683549535
2023-05-01	35.0	25.40766416031026
2023-05-01	37.5	34.58219340337881
2023-05-01	37.5	35.447205572426924
2023-05-01	5.0	9.144770817981053
2023-05-01	4.0	4.777910242457995
2023-05-01	37.5	34.80440549705519
2023-05-01	14.0	8.914616686965154
2023-05-01	0.0	0.10803168123062556
2023-05-01	37.5	29.190140115645285
2023-05-01	37.5	22.903944920453675
2023-05-01	37.5	36.091817164080574
2023-05-01	0.0	0.019683853714040602
2023-05-01	11.0	3.7645908748752372
2023-05-01	5.0	15.26353745858374
2023-05-01	2.0	5.608365635544484
2023-05-01	0.0	5.723767963408198
2023-05-01	37.5	35.43109379232504
2023-05-01	15.0	19.718531713940845
2023-05-01	37.5	33.53886583344093
2023-05-01	37.5	37.501408618207385
2023-05-01	14.0	13.285960195540678
2023-05-01	8.0	11.265519562513576
2023-05-01	37.5	36.53984490752736
2023-05-01	5.0	6.578570685950188
2023-05-01	0.0	0.33698909984938186
2023-05-01	37.5	34.74991999878104
2023-05-01	37.5	35.997742566378584
2023-05-01	4.0	2.04038721739767
2023-05-01	37.5	35.77898438902368
2023-05-01	37.5	18.567426532915277
2023-05-01	37.5	32.888852673210074
2023-05-01	37.5	37.433032793903436
2023-05-01	2.0	2.4707877936857576
2023-05-01	3.0	3.5254682140221085
2023-05-01	37.5	27.849376632160286
2023-05-01	37.5	33.07384430802376
2023-05-01	37.5	34.66663556471042
2023-05-01	36.0	31.87066910189121
2023-05-01	18.0	11.261444384196878
2023-05-01	1.0	0.2922060039015121
2023-05-01	0.0	0.04532234689410363
2023-05-01	8.0	7.048579584272414
2023-05-01	1.0	3.2853806300771833
2023-05-01	37.5	37.09919405912649
2023-05-01	1.0	8.0545399727906
2023-05-01	14.0	35.0681347935567
2023-05-01	8.0	6.701798097364755
2023-05-01	37.5	36.36667567171307
2023-05-01	37.5	37.43197135312489
2023-05-01	33.0	34.29556459756355
2023-05-01	9.0	6.388704963683009
2023-05-01	37.5	34.43912830500227
2023-05-01	1.0	2.1083091520995905
2023-05-01	0.0	0.018888577203074988
2023-05-01	37.5	36.2696751465728
2023-05-01	0.0	0.14017692032735793
2023-05-01	37.5	36.07673189237063
2023-05-01	7.0	12.034001145747617
2023-05-01	3.0	9.025756164817334
2023-05-01	3.0	2.820678701250194
2023-05-01	37.5	36.38685961950365
2023-05-01	7.0	18.81031721724861
2023-05-01	37.5	36.44805271856566
2023-05-01	0.0	0.08317486074858893
2023-05-01	0.0	0.17873725874588733
2023-05-01	37.5	35.32919808046559
2023-05-01	37.5	25.33902350417904
2023-05-01	15.0	24.783553937720825
2023-05-01	0.0	0.45918928878296794
2023-05-01	24.0	29.356922461605723
2023-05-01	37.5	33.590295696049
2023-05-01	26.0	24.74721363332467
2023-05-01	1.0	2.464776684622246
2023-05-01	1.0	2.3874129907365966
2023-05-01	0.0	0.02894425967881842
2023-05-01	37.5	27.369119668435793
2023-05-01	1.0	2.2642861776036423
2023-05-01	37.5	23.653919081205718
2023-05-01	37.5	33.9945256847339
2023-05-01	33.0	10.398119377759262
2023-05-01	3.0	10.287915826786135
2023-05-01	37.5	33.78911142545252
2023-05-01	37.5	34.98157599892613
2023-05-01	6.0	10.486601335762845
2023-05-01	5.0	7.351810839894565
2023-05-01	4.0	8.039416101371838
2023-05-01	2.0	0.277295732753622
2023-05-01	1.0	4.075556725107546
2023-05-01	16.0	33.38695460265517
2023-05-01	3.0	3.45946421088116
2023-05-01	0.0	1.255387740469343
2023-05-01	11.0	31.669196428041527
2023-05-01	0.0	0.06568576237939228
2023-05-01	37.5	37.67321066221491
2023-05-01	1.0	2.1911239270688476
2023-05-01	1.0	10.360842779856334
2023-05-01	9.0	2.164051012248555
2023-05-01	9.0	4.384690436115307
2023-05-01	0.0	15.496230342775801
2023-05-01	37.5	32.481257972730546
2023-05-01	37.5	36.539640861394055
2023-05-01	3.0	4.156357668039359
2023-05-01	37.5	34.552583678393844
2023-05-01	0.0	0.285075409072711
2023-05-01	29.0	33.49325696154615
2023-05-01	11.0	28.124651034686217
2023-05-01	11.0	8.4225278134604
2023-05-01	37.5	31.785864683841293
2023-05-01	37.5	29.80790410537614
2023-05-01	12.0	18.919150748458378
2023-05-01	10.0	10.944398546309609
2023-05-01	13.0	13.499413426749637
2023-05-01	30.0	27.687377802568847
2023-05-01	0.0	0.019631154447319915
2023-05-01	37.5	36.00708696657238
2023-05-01	37.5	32.36941504851586
2023-05-01	37.5	23.252579787912932
2023-05-01	3.0	2.7266104872589088
2023-05-01	1.0	5.1726433684494735
2023-05-01	4.0	7.694244163115349
2023-05-01	28.0	27.37813699439827
2023-05-01	4.0	27.870825818576325
2023-05-01	4.0	9.31210658551786
2023-05-01	15.0	24.0278762111899
2023-05-01	37.5	33.446480784553025
2023-05-01	0.0	0.018035805126241707
2023-05-01	37.5	36.59024714441914
2023-05-01	0.0	0.0014626202551727965
2023-05-01	37.5	33.222939881180274
2023-05-01	9.0	13.735562897081872
2023-05-01	0.0	0.058312767152472154
2023-05-01	37.5	36.330586390894545
2023-05-01	17.0	36.90765907684927
2023-05-01	3.0	5.082002229408853
2023-05-01	37.5	32.755655870671525
2023-05-01	2.0	3.424419158335934
2023-05-01	11.0	28.973166130065977
2023-05-01	37.5	35.58803539112978
2023-05-01	37.5	33.681991228265424
2023-05-01	37.5	16.671585585547618
2023-05-01	37.5	32.132839650526584
2023-05-01	23.0	33.84316950817938
2023-05-01	0.0	0.09905351322325648
2023-05-01	1.0	2.6752122449407616
2023-05-01	3.0	2.7154917483414946
2023-05-01	25.0	17.93971680458032
2023-05-01	37.5	38.02456268994802
2023-05-01	8.0	4.209576092019804
2023-05-01	11.0	6.612951002757075
2023-05-01	0.0	1.2582471847551822
2023-05-01	0.0	0.2384020599463379
2023-05-01	21.0	9.67502789345833
2023-05-01	9.0	11.610587420118689
2023-05-01	0.0	0.016963294167319225
2023-05-01	12.0	10.503060321156894
2023-05-01	0.0	0.00741306097561843
2023-05-01	37.5	37.8862424025001
2023-05-01	20.0	24.11028225667772
2023-05-01	37.5	30.61327086676068
2023-05-01	11.0	8.751333356263316
2023-05-01	2.0	3.6264697884612556
2023-05-01	0.0	0.09902996296946324
2023-05-01	1.0	3.8696565332769275
2023-05-01	37.5	35.10907529811325
2023-05-01	11.0	20.38282757136504
2023-05-01	0.0	0.04398664301569569
2023-05-01	34.0	30.34571846106106
2023-05-01	22.0	26.268477151465774
2023-05-01	13.0	26.18946451412479
2023-05-01	16.0	6.560301971825469
2023-05-01	37.5	37.18598491735456
2023-05-01	11.0	22.787151268588644
2023-05-01	24.0	32.902473043789705
2023-05-01	37.5	33.63691293913469
2023-05-01	9.0	18.913200768409258
2023-05-01	19.0	4.337019390340306
2023-05-01	1.0	2.5446670213873026
2023-05-01	7.0	9.02328056130914
2023-05-01	37.5	30.97347786784265
2023-05-01	2.0	3.9886890602729865
2023-05-01	0.0	0.4417366232150495
2023-05-01	37.5	33.49273208957794
2023-05-01	37.5	32.289184526373326
2023-05-01	9.0	16.238863914846043
2023-05-01	37.5	31.317277250385853
2023-05-01	12.0	7.657096128238153
2023-05-01	37.5	36.13708052543252
2023-05-01	37.5	28.147052032217847
2023-05-01	0.0	0.05489650434777318
2023-05-01	4.0	3.49845951937977
2023-05-01	33.0	31.499735542973347
2023-05-01	7.0	7.166551385755834
2023-05-01	37.5	37.053755907305764
2023-05-01	37.5	37.24437057691799
2023-05-01	37.5	32.48273735874654
2023-05-01	30.0	13.288570444013004
2023-05-01	37.5	35.981895341231976
2023-05-01	4.0	5.016228841348791
2023-05-01	2.0	8.11522630398162
2023-05-01	6.0	12.158614118095365
2023-05-01	37.5	33.95137243793523
2023-05-01	5.0	11.65058351282611
2023-05-01	0.0	0.09828509560926288
2023-05-01	28.0	34.92960216546719
2023-05-01	11.0	9.836360465683658
2023-05-01	5.0	4.778126452857196
2023-05-01	11.0	18.944262635069993
2023-05-01	0.0	5.097813045598691
2023-05-01	37.5	33.79601351730565
2023-05-01	34.0	33.719987657570115
2023-05-01	37.5	37.27103581116602
2023-05-01	37.5	27.820609025468958
2023-05-01	37.5	29.809921355149783
2023-05-01	0.0	0.018035805126241707
2023-05-01	16.0	20.855342255677545
2023-05-01	26.0	30.438259338371758
2023-05-01	37.5	27.634197545407446
2023-05-01	37.5	27.633294050762814
2023-05-01	37.5	35.57764917176924
2023-05-01	37.5	36.57243829169755
2023-05-01	4.0	4.2098321708692374
2023-05-01	36.0	35.38673062220367
2023-05-01	0.0	0.0724359283548232
2023-05-01	9.0	6.466395494299006
2023-05-01	10.0	3.7996004543524933
2023-05-01	24.0	6.584161142361672
2023-05-01	0.0	2.770662374294144
2023-05-01	8.0	8.269709000573794
2023-05-01	32.0	28.848484359657796
2023-05-01	37.5	35.326182621438335
2023-05-01	37.5	37.129152084224714
2023-05-01	3.0	9.075027833618597
2023-05-01	37.5	35.2709629639559
2023-05-01	4.0	7.221350616214038
2023-05-01	0.0	0.016661308205017863
2023-05-01	37.5	36.962638147896755
2023-05-01	37.5	34.65681163468499
2023-05-01	37.5	27.386890919981468
2023-05-01	37.5	32.199814170189605
2023-05-01	37.5	37.044308645593176
2023-05-01	37.5	29.834993661430996
2023-05-01	35.0	30.317459725799587
2023-05-01	16.0	13.151660644048889
2023-05-01	37.5	25.544695967544072
2023-05-01	26.0	13.490298992462202
2023-05-01	37.5	36.74911776263139
2023-05-01	37.5	36.29341268553241
2023-05-01	17.0	20.782326626067306
2023-05-01	37.5	36.58579197248136
2023-05-01	37.5	8.726991559229518
2023-05-01	11.0	13.056391426493121
2023-05-01	37.5	36.90033448073234
2023-05-01	37.5	31.345182677642217
2023-05-01	1.0	1.9302550887138452
2023-05-01	2.0	5.633749978982102
2023-05-01	37.0	32.68209964301269
2023-05-01	0.0	0.005609095812151269
2023-05-01	37.5	27.294114365882574
2023-05-01	0.0	0.018035399087531975
2023-05-01	37.5	36.755158852509204
2023-05-01	13.0	8.762124569508803
2023-05-01	37.5	35.8622600815792
2023-05-01	0.0	0.15481604121453932
2023-05-01	0.0	0.10867712566866411
2023-05-01	0.0	0.6568111958431928
2023-05-01	37.5	31.6431150611967
2023-05-01	37.5	6.826346279707403
2023-05-01	0.0	0.01827148210599579
2023-05-01	0.0	0.09442494431004807
2023-05-01	37.5	33.777689393952805
2023-05-01	37.5	27.10375389595896
2023-05-01	37.5	32.9383170052653
2023-05-01	9.0	5.439677679263562
2023-05-01	5.0	10.91214218724496
2023-05-01	5.0	4.919846773769079
2023-05-01	21.0	20.131235025360596
2023-05-01	3.0	4.042397545121504
2023-05-01	31.0	31.408682177048007
2023-05-01	37.5	35.77638510007354
2023-05-01	0.0	8.860222486159419
2023-05-01	37.5	35.36409033503929
2023-05-01	0.0	0.01918646845720233
2023-05-01	37.5	37.66513749014155
2023-05-01	37.5	37.17924431184895
2023-05-01	15.0	35.575109565654486
2023-05-01	37.5	33.911042902693545
2023-05-01	37.5	31.811424299751987
2023-05-01	0.0	0.09912964153750292
2023-05-01	0.0	0.4785407070150598
2023-05-01	0.0	0.018035805126241707
2023-05-01	8.0	4.9589884887800215
2023-05-01	14.0	29.241104085309495
2023-05-01	6.0	11.533537847887295
2023-05-01	37.5	36.48735938576786
2023-05-01	4.0	11.15250286756359
2023-05-01	23.0	21.87947767603229
2023-05-01	5.0	4.993169692240766
2023-05-01	3.0	5.24725881515111
2023-05-01	2.0	4.698423958925266
2023-05-01	1.0	9.666209712062468
2023-05-01	20.0	35.15483243572383
2023-05-01	34.0	16.753180376707668
2023-05-01	37.5	34.561065998628436
2023-05-01	37.5	33.145218563698506
2023-05-01	0.0	14.22821727376584
2023-05-01	37.5	32.79687501893305
2023-05-01	37.5	32.80600537576561
2023-05-01	7.0	19.76948467156323
2023-05-01	37.5	32.69174669258879
2023-05-01	0.0	0.02068295370935629
2023-05-01	7.0	6.835282655854695
2023-05-01	0.0	0.2700851676315257
2023-05-01	10.0	5.0211807431961235
2023-05-01	37.5	32.18091754753763
2023-05-01	37.5	24.76088252347847
2023-05-01	2.0	3.312140352001035
2023-05-01	28.0	24.146062312870743
2023-05-01	6.0	33.74823117976617
2023-05-01	0.0	0.002292137563656549
2023-05-01	3.0	9.147223775766511
2023-05-01	37.5	32.0909249252346
2023-05-01	28.0	33.775732838415934
2023-05-01	37.5	31.66710942857758
2023-05-01	37.5	34.344247234522086
2023-05-01	0.0	0.3380924485055521
2023-05-01	13.0	20.312021439338203
2023-05-01	2.0	7.055491003283811
2023-05-01	22.0	37.21345961148076
2023-05-01	9.0	2.8834734235522452
2023-05-01	7.0	8.316868347722975
2023-05-01	3.0	2.658709496654507
2023-05-01	9.0	6.676384677724137
2023-05-01	37.5	36.74018306684371
2023-05-01	7.0	6.24254860263869
2023-05-01	33.0	6.441081449759084
2023-05-01	1.0	4.02542034885893
2023-05-01	8.0	13.42468505668753
2023-05-01	2.0	2.888692698855876
2023-05-01	7.0	3.1574523771109866
2023-05-01	2.0	4.8140283434676965
2023-05-01	4.0	6.6203821876989934
2023-05-01	37.0	35.71195570584296
2023-05-01	4.0	3.7836548522561486
2023-05-01	15.0	5.885580208214458
2023-05-01	37.5	29.417754844604403
2023-05-01	37.5	35.6655167795001
2023-05-01	34.0	28.129503172835218
2023-05-01	19.0	28.448858969308304
2023-05-01	2.0	33.51808010868468
2023-05-01	14.0	8.568348218256647
2023-05-01	9.0	7.2834878242475645
2023-05-01	0.0	1.062991918976422
2023-05-01	18.0	26.492933108132917
2023-05-01	1.0	2.6611680080629068
2023-05-01	13.0	34.008461758788506
2023-05-01	37.5	36.02883315219699
2023-05-01	37.5	33.92219124120334
2023-05-01	16.0	12.488261710904435
2023-05-01	10.0	12.392910501131656
2023-05-01	10.0	33.298717656116885
2023-05-01	12.0	12.058651571739155
2023-05-01	5.0	18.928268454532933
2023-05-01	9.0	12.557918238277344
2023-05-01	2.0	4.237128420131347
2023-05-01	6.0	7.154840483559925
2023-05-01	7.0	16.748682225926643
2023-05-01	4.0	4.083878989201202
2023-05-01	37.5	23.95618514379737
2023-05-01	14.0	14.948190067195402
2023-05-01	37.5	37.192946991431214
2023-05-01	37.5	33.26674161858631
2023-05-01	37.5	35.66175761043309
2023-05-01	3.0	11.119714796539675
2023-05-01	37.5	36.43680409050219
2023-05-01	0.0	14.136120450876648
2023-05-01	13.0	8.638588256970706
2023-05-01	0.0	0.04715819227531165
2023-05-01	37.5	30.73232735890551
2023-05-01	37.5	32.87548755693394
2023-05-01	37.5	36.16722163137432
2023-05-01	13.0	26.239797756627087
2023-05-01	7.0	13.595094305561393
2023-05-01	37.5	37.87762270170831
2023-05-01	17.0	33.32236419673335
2023-05-01	33.0	35.700257501674216
2023-05-01	1.0	4.97305168970116
2023-05-01	2.0	2.7213686239708985
2023-05-01	37.5	37.06131801746193
2023-05-01	16.0	24.626485650285844
2023-05-01	9.0	36.35556395398899
2023-05-01	7.0	6.312782891568544
2023-05-01	37.5	37.050987177967336
2023-05-01	36.0	9.984732636685992
2023-05-01	0.0	0.11221958547786202
2023-05-01	0.0	18.906943438097944
2023-05-01	1.0	5.515214135110482
2023-05-01	37.5	31.367690630046063
2023-05-01	37.5	36.75861152710956
2023-05-01	3.0	11.598232985827075
2023-05-01	16.0	9.43162837991584
2023-05-01	9.0	20.711859761530363
2023-05-01	5.0	5.5229970426135155
2023-05-01	33.0	32.12248667538695
2023-05-01	25.0	33.65112485873549
2023-05-01	37.5	33.24014235355928
2023-05-01	37.5	32.587441883676284
2023-05-01	15.0	26.597977080684252
2023-05-01	37.5	35.29712618991618
2023-05-01	3.0	2.94669891969203
2023-05-01	3.0	15.660796651507804
2023-05-01	0.0	0.6225071326253517
2023-05-01	8.0	3.2998493740892796
2023-05-01	2.0	4.160590945469936
2023-05-01	0.0	0.11265538121550574
2023-05-01	37.5	34.09106231541113
2023-05-01	3.0	4.054883477694798
2023-05-01	0.0	0.31339723927528595
2023-05-01	10.0	22.66661853594355
2023-05-01	0.0	0.30655930814271626
2023-05-01	0.0	1.5571451185223355
2023-05-01	29.0	8.884915321946153
2023-05-01	2.0	14.60942160507228
2023-05-01	37.5	32.90918450106062
2023-05-01	9.0	7.762716018982619
2023-05-01	29.0	17.894683333318795
2023-05-01	5.0	18.540443340185863
2023-05-01	37.5	37.37087497358508
2023-05-01	1.0	15.056793033918954
2023-05-01	37.5	27.420644632875636
2023-05-01	21.0	34.41211275859969
2023-05-01	31.0	32.46176236415292
2023-05-01	1.0	1.4469037571923453
2023-06-01	3.0	6.0445058203355
2023-06-01	10.0	27.446995634763287
2023-06-01	0.0	0.05916431189291763
2023-06-01	10.0	13.68254270061412
2023-06-01	10.0	3.716128503423854
2023-06-01	5.0	8.731395145444473
2023-06-01	5.0	17.48856995901326
2023-06-01	3.0	2.1258440351472396
2023-06-01	13.0	10.520836701224939
2023-06-01	7.0	24.93305589608944
2023-06-01	37.5	24.528972529277556
2023-06-01	10.0	14.275190175739256
2023-06-01	0.0	0.024268465935003238
2023-06-01	4.0	2.8348845634594415
2023-06-01	2.0	4.636239017713712
2023-06-01	11.0	32.802532669196566
2023-06-01	2.0	1.7207784852815384
2023-06-01	2.0	2.983607810567369
2023-06-01	0.0	0.7236856437066516
2023-06-01	0.0	0.002602281148756784
2023-06-01	7.0	27.30146189379466
2023-06-01	10.0	6.053399731023304
2023-06-01	7.0	24.824675793197176
2023-06-01	0.0	0.22332205804504254
2023-06-01	6.0	4.717599661042372
2023-06-01	1.0	1.5424598182228155
2023-06-01	0.0	3.592818692374462
2023-06-01	0.0	3.6317825490749076
2023-06-01	1.0	2.4394718175047654
2023-06-01	37.5	31.013722199818098
2023-06-01	0.0	0.002441465128723218
2023-06-01	37.5	31.49091541444807
2023-06-01	2.0	11.995152822806194
2023-06-01	2.0	7.85974882932533
2023-06-01	0.0	0.013854019007575004
2023-06-01	0.0	0.2955357007873294
2023-06-01	0.0	0.003098520989916741
2023-06-01	37.5	25.158400566191133
2023-06-01	0.0	0.01480328887840882
2023-06-01	10.0	24.746242729681533
2023-06-01	37.5	31.845213950090347
2023-06-01	4.0	2.6102243036802397
2023-06-01	23.0	28.39869353938191
2023-06-01	0.0	1.05549750796422
2023-06-01	4.0	8.510548398636706
2023-06-01	0.0	0.02783711045740141
2023-06-01	2.0	2.4361988914537043
2023-06-01	37.5	32.43973302928478
2023-06-01	28.0	25.538388252976
2023-06-01	2.0	3.0517872767876626
2023-06-01	11.0	25.137160360271803
2023-06-01	1.0	1.4901444325660418
2023-06-01	1.0	5.205840148566871
2023-06-01	0.0	2.568945778861037
2023-06-01	0.0	0.028356659935990583
2023-06-01	2.0	5.857220160658938
2023-06-01	37.5	27.121233474830042
2023-06-01	0.0	0.004067031842453241
2023-06-01	7.0	21.506627029104425
2023-06-01	7.0	12.287409083934099
2023-06-01	37.5	34.1658516670603
2023-06-01	0.0	0.07712921243880387
2023-06-01	0.0	0.017540685532164067
2023-06-01	0.0	0.3191377836489278
2023-06-01	1.0	2.3670812253055793
2023-06-01	32.0	25.609744362049604
2023-06-01	6.0	32.797409878044206
2023-06-01	0.0	0.0487425825516377
2023-06-01	4.0	2.319635957968793
2023-06-01	7.0	4.295568655440405
2023-06-01	6.0	5.795663015767301
2023-06-01	1.0	12.492770481133858
2023-06-01	3.0	15.101124019933284
2023-06-01	13.0	15.626320652395815
2023-06-01	1.0	7.3440874369956965
2023-06-01	6.0	3.7190404973818616
2023-06-01	0.0	0.06744546047939962
2023-06-01	19.0	28.38074094128051
2023-06-01	0.0	0.08258822443782798
2023-06-01	1.0	3.4549475963936453
2023-06-01	6.0	23.607590293244165
2023-06-01	37.5	27.53006051280328
2023-06-01	1.0	3.1606155162497345
2023-06-01	22.0	23.69882030157383
2023-06-01	2.0	4.320815915511279
2023-06-01	1.0	3.1789096522427096
2023-06-01	26.0	26.95932128693087
2023-06-01	10.0	26.585478353268975
2023-06-01	0.0	0.3051189072368616
2023-06-01	0.0	21.32038965089001
2023-06-01	0.0	0.013164789174050472
2023-06-01	1.0	6.976258732663568
2023-06-01	0.0	0.002327550776011551
2023-06-01	1.0	2.235624386224187
2023-06-01	15.0	22.448968268836172
2023-06-01	19.0	24.95625591837318
2023-06-01	0.0	0.03369239801590837
2023-06-01	6.0	26.609522185147004
2023-06-01	37.5	26.03531466219947
2023-06-01	1.0	2.5477278718426417
2023-06-01	4.0	11.89189565448754
2023-06-01	1.0	14.402239090142176
2023-06-01	4.0	25.605419472993063
2023-06-01	14.0	31.351621502539366
2023-06-01	0.0	0.03570922076000221
2023-06-01	1.0	3.262738436690498
2023-06-01	0.0	0.3476831753094429
2023-06-01	0.0	1.0264873922380788
2023-06-01	4.0	10.139864555525369
2023-06-01	31.0	25.0463394060285
2023-06-01	7.0	6.999324836851917
2023-06-01	0.0	0.0013486842658709244
2023-06-01	37.5	25.19157663415979
2023-06-01	37.5	35.63737593598812
2023-06-01	0.0	0.001241382676883379
2023-06-01	21.0	32.59016741728059
2023-06-01	4.0	8.972930962200188
2023-06-01	2.0	2.3350124963926775
2023-06-01	1.0	5.167017058590505
2023-06-01	0.0	0.0014095325609948172
2023-06-01	7.0	25.035656136359457
2023-06-01	30.0	31.680621989348133
2023-06-01	9.0	5.8326548732500445
2023-06-01	3.0	4.745655651119009
2023-06-01	1.0	4.024143810674469
2023-06-01	0.0	0.047073919733819594
2023-06-01	0.0	0.4629923151584181
2023-06-01	37.5	32.37858282980481
2023-06-01	1.0	8.755095001756366
2023-06-01	0.0	0.002464839373741118
2023-06-01	17.0	19.020077151177745
2023-06-01	0.0	0.0023916282837033783
2023-06-01	8.0	31.751357067234668
2023-06-01	37.5	26.22985159382994
2023-06-01	4.0	2.7227788509172623
2023-06-01	1.0	8.455785019666656
2023-06-01	37.5	33.397179784781976
2023-06-01	20.0	28.486666071483413
2023-06-01	8.0	5.048866948461497
2023-06-01	0.0	0.42671894546142314
2023-06-01	3.0	11.009373034650618
2023-06-01	1.0	2.242857735197592
2023-06-01	1.0	1.8098375495628327
2023-06-01	6.0	12.34084306881142
2023-06-01	37.5	23.640510575920686
2023-06-01	0.0	0.0014693690692864328
2023-06-01	19.0	8.035844531352542
2023-06-01	0.0	0.2463326016954672
2023-06-01	1.0	1.822715191118426
2023-06-01	2.0	1.4298763476162502
2023-06-01	0.0	0.025519239872919274
2023-06-01	2.0	4.526274928186041
2023-06-01	17.0	21.4448255294629
2023-06-01	4.0	15.861492783970474
2023-06-01	6.0	4.277815398170184
2023-06-01	6.0	5.588183650170335
2023-06-01	7.0	7.13483959680453
2023-06-01	24.0	30.790593413536225
2023-06-01	37.5	30.576731799632434
2023-06-01	2.0	1.8218194984644027
2023-06-01	10.0	11.120587266741406
2023-06-01	0.0	0.0013486842658709244
2023-06-01	0.0	0.5042761668568021
2023-06-01	6.0	27.949888847455075
2023-06-01	9.0	24.925075356501477
2023-06-01	0.0	0.6941901707010463
2023-06-01	0.0	0.01382193530013366
2023-06-01	0.0	0.02534842833325801
2023-06-01	0.0	0.0022705236162528417
2023-06-01	13.0	21.864053824866854
2023-06-01	16.0	25.004653920514667
2023-06-01	0.0	0.012355516478537984
2023-06-01	1.0	3.940836361566163
2023-06-01	37.5	26.466324412235892
2023-06-01	1.0	1.8781813434906782
2023-06-01	8.0	26.927888395794806
2023-06-01	1.0	2.6306039637130443
2023-06-01	1.0	3.2585227479650483
2023-06-01	0.0	0.02847395784130781
2023-06-01	22.0	29.93312359634029
2023-06-01	1.0	4.051371271195954
2023-06-01	37.5	29.18271396691237
2023-06-01	12.0	18.605677735678295
2023-06-01	0.0	0.00554830384187859
2023-06-01	22.0	28.31290048456702
2023-06-01	12.0	30.748137245071707
2023-06-01	15.0	20.674080042369727
2023-06-01	0.0	0.10206718021998099
2023-06-01	0.0	0.0013133163378529046
2023-06-01	37.5	28.261195701246617
2023-06-01	1.0	2.7397008227179453
2023-06-01	5.0	4.835296083611206
2023-06-01	37.5	25.856662088395925
2023-06-01	6.0	10.367034258489547
2023-06-01	0.0	0.42368230712833976
2023-06-01	4.0	4.184668493089651
2023-06-01	13.0	7.149295617865972
2023-06-01	1.0	4.3130941649536405
2023-06-01	6.0	21.92979444184092
2023-06-01	1.0	2.484875296764728
2023-06-01	2.0	7.6424495339737994
2023-06-01	37.5	33.05551039129907
2023-06-01	2.0	3.6001185236628537
2023-06-01	2.0	6.014038571605171
2023-06-01	7.0	11.986117072093723
2023-06-01	4.0	10.744398396376944
2023-06-01	5.0	5.860222676282089
2023-06-01	37.5	29.366981151837226
2023-06-01	4.0	32.98461891872836
2023-06-01	23.0	32.32239657740417
2023-06-01	2.0	4.250181025826314
2023-06-01	0.0	0.004312792374057441
2023-06-01	18.0	17.344195438742577
2023-06-01	37.5	31.168100649199207
2023-06-01	1.0	8.980257420344266
2023-06-01	0.0	1.3650052741727705
2023-06-01	2.0	3.3710933996455577
2023-06-01	37.5	36.7225294603557
2023-06-01	37.5	36.1792114926148
2023-06-01	2.0	10.082089991945013
2023-06-01	4.0	2.8798739845767374
2023-06-01	13.0	22.941659033720995
2023-06-01	0.0	1.5832728969589962
2023-06-01	0.0	0.15252335335251072
2023-06-01	0.0	0.28076225151662526
2023-06-01	0.0	0.3831160527225218
2023-06-01	9.0	30.073633343319823
2023-06-01	37.5	28.984527439844605
2023-06-01	1.0	1.6673595493749063
2023-06-01	0.0	0.04484227243774901
2023-06-01	37.5	35.794277892519744
2023-06-01	4.0	6.630364145407862
2023-06-01	37.5	32.088368442787896
2023-06-01	11.0	7.750439267990162
2023-06-01	0.0	0.002327550776011551
2023-06-01	2.0	23.857652761864898
2023-06-01	32.0	31.917094551652248
2023-06-01	32.0	26.862375310024227
2023-06-01	2.0	2.1261882125220186
2023-06-01	0.0	0.021003953507372046
2023-06-01	26.0	30.612714319588896
2023-06-01	13.0	14.310476708155493
2023-06-01	0.0	0.0043110074119044935
2023-06-01	33.0	30.415294242536522
2023-06-01	7.0	31.990592060752725
2023-06-01	0.0	0.2461411848157449
2023-06-01	0.0	0.0013486842658709244
2023-06-01	9.0	5.735981813239472
2023-06-01	0.0	3.364113001255958
2023-06-01	0.0	1.4540575055130613
2023-06-01	7.0	8.198751893959173
2023-06-01	6.0	11.968290044501076
2023-06-01	33.0	26.2066424783735
2023-06-01	7.0	27.088141271595415
2023-06-01	1.0	4.040316241928391
2023-06-01	0.0	0.28927065296361576
2023-06-01	16.0	27.92482344697984
2023-06-01	7.0	5.56809224620729
2023-06-01	0.0	1.3305756207092077
2023-06-01	0.0	0.013190957430526108
2023-06-01	37.5	33.707188905283225
2023-06-01	0.0	0.05058399038955072
2023-06-01	37.5	28.840466226490566
2023-06-01	0.0	0.0010387504992752504
2023-06-01	18.0	23.408025548976276
2023-06-01	0.0	0.0014693690692864328
2023-06-01	2.0	12.72027827140898
2023-06-01	37.5	32.31863519744779
2023-06-01	35.0	26.529618775845627
2023-06-01	1.0	4.299128849527879
2023-06-01	6.0	3.7176700417661794
2023-06-01	0.0	0.016123774294319895
2023-06-01	37.5	37.68495267355664
2023-06-01	0.0	0.18114090161844965
2023-06-01	0.0	0.0026987381144750766
2023-06-01	0.0	0.15834093992411702
2023-06-01	9.0	24.56863832159128
2023-06-01	0.0	0.005951901368753221
2023-06-01	16.0	22.384624192205017
2023-06-01	1.0	2.7120175645825095
2023-06-01	20.0	30.776407990518834
2023-06-01	0.0	0.015539853233206051
2023-06-01	37.5	25.128923425737348
2023-06-01	37.5	33.77797911431328
2023-06-01	0.0	0.01273745008070463
2023-06-01	0.0	0.02615939348384797
2023-06-01	12.0	24.044566800792186
2023-06-01	1.0	3.2464197951884644
2023-06-01	0.0	0.6993661516098332
2023-06-01	7.0	22.428529326209606
2023-06-01	37.5	35.38680328690867
2023-06-01	37.5	31.23477475907669
2023-06-01	37.5	29.588623503972418
2023-06-01	0.0	1.7222258220182154
2023-06-01	0.0	0.16673896119400197
2023-06-01	1.0	1.50454461084499
2023-06-01	37.5	29.085751774080347
2023-06-01	37.5	34.751655045611464
2023-06-01	1.0	1.787362237239098
2023-06-01	0.0	0.01517723580514991
2023-06-01	28.0	27.232376498822656
2023-06-01	1.0	0.6699837881191957
2023-06-01	0.0	0.0013486842658709244
2023-06-01	3.0	5.356568277972114
2023-06-01	8.0	13.81549063230144
2023-06-01	1.0	3.0691023428583204
2023-06-01	4.0	7.9654620635364255
2023-06-01	0.0	4.3121683469681935
2023-06-01	1.0	2.214677380757573
2023-06-01	1.0	5.107915763064856
2023-06-01	0.0	0.002810021667814597
2023-06-01	0.0	0.04376598996582099
2023-06-01	37.5	32.83010156768003
2023-06-01	37.5	30.68063526407976
2023-06-01	2.0	4.699262250438576
2023-06-01	10.0	12.089194736569297
2023-06-01	16.0	28.846430129152314
2023-06-01	2.0	3.1387947535153415
2023-06-01	9.0	12.136000838855297
2023-06-01	37.5	30.471027903494665
2023-06-01	0.0	0.0013482782271611923
2023-06-01	37.5	37.513043375036304
2023-06-01	1.0	1.8088739869616348
2023-06-01	2.0	4.8562408404856585
2023-06-01	1.0	3.871718853685072
2023-06-01	34.0	30.041178491206455
2023-06-01	0.0	0.35296654435594227
2023-06-01	37.5	28.994957454639597
2023-06-01	1.0	2.5119149022616454
2023-06-01	0.0	0.0027140192416917467
2023-06-01	0.0	0.018462484016733005
2023-06-01	37.5	30.998942660920232
2023-06-01	2.0	2.3260875196877073
2023-06-01	31.0	29.230656004810694
2023-06-01	37.5	28.18924953159054
2023-06-01	0.0	0.07680826073639403
2023-06-01	0.0	0.06781197902321331
2023-06-01	0.0	0.0017727928707673146
2023-06-01	0.0	3.549525479805758
2023-06-01	1.0	2.4304696662113168
2023-06-01	6.0	11.774104470434027
2023-06-01	0.0	0.2625889624562347
2023-06-01	0.0	0.00276814432159538
2023-06-01	2.0	1.6276072901586112
2023-06-01	25.0	20.558507919245155
2023-06-01	0.0	0.0006690787343466075
2023-06-01	0.0	0.0058420025898697145
2023-06-01	31.0	27.587620402227884
2023-06-01	1.0	3.630806719150895
2023-06-01	2.0	2.875670663065192
2023-06-01	5.0	4.696919377689448
2023-06-01	10.0	7.524836906318716
2023-06-01	19.0	14.324954660869766
2023-06-01	1.0	2.0196585434404186
2023-06-01	13.0	12.012557734058072
2023-06-01	2.0	5.770525772563687
2023-06-01	11.0	28.53184397500567
2023-06-01	5.0	9.326235467778748
2023-06-01	5.0	5.121153698124963
2023-06-01	6.0	15.464276597328631
2023-06-01	0.0	0.077151314649756
2023-06-01	37.5	26.064276133776538
2023-06-01	12.0	14.823483833170863
2023-06-01	17.0	30.52190562490442
2023-06-01	3.0	6.060336256343173
2023-06-01	9.0	7.867319543025437
2023-06-01	10.0	32.070237465026764
2023-06-01	3.0	5.007781291166926
2023-06-01	8.0	12.37386013066712
2023-06-01	37.5	15.28774550177148
2023-06-01	2.0	4.254202984456089
2023-06-01	0.0	0.2563066489735859
2023-06-01	0.0	0.3988935339064563
2023-06-01	0.0	0.0036936931360594047
2023-06-01	34.0	28.260324525996996
2023-06-01	3.0	2.9782350127693555
2023-06-01	14.0	11.283404408762989
2023-06-01	11.0	12.405142628767157
2023-06-01	2.0	2.919449735141892
2023-06-01	0.0	0.1521999351601766
2023-06-01	2.0	4.25539576748344
2023-06-01	3.0	5.223525968524016
2023-06-01	6.0	10.189423404107266
2023-06-01	18.0	25.62119937285751
2023-06-01	0.0	0.054876966674188704
2023-06-01	0.0	0.002676190913351834
2023-06-01	2.0	2.9732698801243886
2023-06-01	0.0	0.04298826808603799
2023-06-01	37.5	31.855935804680605
2023-06-01	10.0	14.443036473047783
2023-06-01	2.0	3.7583570939342708
2023-06-01	4.0	7.570095177308383
2023-06-01	32.0	30.660153710503042
2023-06-01	10.0	25.97899696359621
2023-06-01	16.0	22.033799850156573
2023-06-01	2.0	5.3043253523286245
2023-06-01	2.0	4.157663976814943
2023-06-01	12.0	10.968645710813457
2023-06-01	3.0	6.447890493689803
2023-06-01	6.0	6.133365824441414
2023-06-01	36.0	35.79936295646158
2023-06-01	30.0	24.68459402220728
2023-06-01	22.0	29.03494354894682
2023-06-01	10.0	21.70155525047673
2023-06-01	0.0	0.7988979511930111
2023-06-01	4.0	4.625026160203391
2023-06-01	12.0	22.53431451695776
2023-06-01	28.0	14.08109536256366
2023-06-01	2.0	0.7894869978716064
2023-06-01	0.0	0.00215297540873564
2023-06-01	1.0	4.4039115827499735
2023-06-01	16.0	21.470459589702376
2023-06-01	0.0	0.023982979879393213
2023-06-01	2.0	10.48833386008794
2023-06-01	0.0	11.843517140450453
2023-06-01	37.5	34.316461376927506
2023-06-01	3.0	3.716340160040221
2023-06-01	18.0	29.30528556536295
2023-06-01	3.0	6.127204314245813
2023-06-01	11.0	5.603112903813285
2023-06-01	3.0	7.58806722109475
2023-06-01	0.0	0.001451248368435027
2023-06-01	32.0	16.984077870755335
2023-06-01	0.0	0.1302712809341125
2023-06-01	1.0	9.212463435000105
2023-06-01	28.0	30.28747063684411
2023-06-01	4.0	6.750128688188565
2023-06-01	3.0	10.711663048719084
2023-06-01	0.0	2.771047557972157
2023-06-01	37.5	27.53020237657237
2023-06-01	1.0	6.495625088397176
2023-06-01	20.0	32.96196861626785
2023-06-01	7.0	13.2715874728127
2023-06-01	37.5	27.69115611587302
2023-06-01	0.0	0.004420589863221669
2023-06-01	7.0	9.805668902579477
2023-06-01	37.5	35.801138949515305
2023-06-01	4.0	11.527725086530639
2023-06-01	0.0	0.005298132794857746
2023-06-01	20.0	20.218832000982236
2023-06-01	2.0	2.2138605627951287
2023-06-01	3.0	19.58322281382931
2023-06-01	0.0	0.006783938904649366
2023-06-01	37.5	36.5636980202714
2023-06-01	2.0	2.8532606226733868
2023-06-01	19.0	24.43971815528203
2023-06-01	12.0	24.41255411141161
2023-06-01	1.0	2.6455634287407643
2023-06-01	0.0	0.1702834222584227
2023-06-01	0.0	0.12179706597539425
2023-06-01	2.0	2.120588444245307
2023-06-01	37.5	32.266300642595226
2023-06-01	30.0	24.88216129120783
2023-06-01	0.0	0.015478744293966805
2023-06-01	6.0	28.971580321767348
2023-06-01	28.0	25.924088096040364
2023-06-01	7.0	25.663848526477025
2023-06-01	0.0	1.498374950324595
2023-06-01	1.0	1.8816941042231825
2023-06-01	37.5	37.561354145652956
2023-06-01	3.0	6.094600754037647
2023-06-01	0.0	0.08211871329431303
2023-06-01	1.0	2.0487060660111824
2023-06-01	0.0	3.670969200113258
2023-06-01	0.0	0.077101496551976
2023-06-01	27.0	34.2837256344488
2023-06-01	6.0	4.984337544633282
2023-06-01	0.0	0.0032571340380713777
2023-06-01	0.0	0.0019351687205350254
2023-06-01	27.0	17.413802516854638
2023-06-01	0.0	0.005584950120325106
2023-06-01	37.5	29.083914561115254
2023-06-01	37.5	31.221141733211255
2023-06-01	18.0	26.97255651231185
2023-06-01	0.0	0.002575993856116399
2023-06-01	3.0	2.7389429188707552
2023-06-01	37.5	31.761993796714066
2023-06-01	1.0	2.592920883431973
2023-06-01	14.0	25.49416956755878
2023-06-01	37.5	32.54667351706307
2023-06-01	3.0	6.549155854450323
2023-06-01	0.0	0.0016412850105214816
2023-06-01	37.5	33.315105669064735
2023-06-01	0.0	0.008055256525993947
2023-06-01	0.0	0.10594600654375959
2023-06-01	5.0	8.949254163465536
2023-06-01	6.0	10.544253873115554
2023-06-01	1.0	12.384258151158566
2023-06-01	1.0	5.649345043756384
2023-06-01	0.0	0.004420589863221669
2023-06-01	14.0	11.027800324174843
2023-06-01	1.0	2.6590801593293794
2023-06-01	13.0	7.166738062723228
2023-06-01	37.5	27.30877650734484
2023-06-01	15.0	22.527168007148834
2023-06-01	11.0	26.65059968918218
2023-06-01	37.5	31.061913560358327
2023-06-01	36.0	33.14527385065442
2023-06-01	0.0	0.01943063153963832
2023-06-01	1.0	10.970073938544429
2023-06-01	37.5	34.301699471828016
2023-06-01	2.0	4.014610257757177
2023-06-01	37.5	32.37193442362217
2023-06-01	37.5	31.235551014832932
2023-06-01	6.0	27.598395526218873
2023-06-01	0.0	0.0013482782271611923
2023-06-01	5.0	6.369764958854753
2023-06-01	27.0	27.974474626814732
2023-06-01	0.0	0.17105163899450493
2023-06-01	2.0	4.0153530739158985
2023-06-01	34.0	26.1309453229504
2023-06-01	28.0	25.13501233104546
2023-06-01	0.0	0.09749877304999519
2023-06-01	27.0	30.351359135771872
2023-06-01	10.0	20.208568820839858
2023-06-01	4.0	3.358990009343119
2023-06-01	3.0	31.073707624769412
2023-06-01	37.5	35.726705930127316
2023-06-01	26.0	30.4043117111335
2023-06-01	14.0	7.379151150247182
2023-06-01	0.0	0.003278166910831687
2023-06-01	9.0	31.73277960845717
2023-06-01	1.0	1.922660513777876
2023-06-01	16.0	24.62822528456722
2023-06-01	1.0	4.149070982738521
2023-06-01	2.0	4.282202560349021
2023-06-01	0.0	0.007105679586233685
2023-06-01	1.0	1.5818718117041024
2023-06-01	37.5	33.77907866893373
2023-06-01	2.0	2.750355538133799
2023-06-01	0.0	0.004589652619056703
2023-06-01	4.0	13.976887141435071
2023-06-01	5.0	5.77366445341926
2023-06-01	1.0	1.4580508790782423
2023-06-01	2.0	3.889258666258969
2023-06-01	11.0	9.845364402690091
2023-06-01	0.0	0.004924742826669347
2023-06-01	37.5	36.936743301721336
2023-06-01	6.0	4.610989409310188
2023-06-01	0.0	0.011738381009046207
2023-06-01	15.0	14.901634144206705
2023-06-01	2.0	4.186268116121799
2023-06-01	1.0	2.725501959405038
2023-06-01	0.0	5.615823458062
2023-06-01	17.0	21.329979427329555
2023-06-01	2.0	11.200401365927549
2023-06-01	34.0	24.02218262151229
2023-06-01	5.0	17.302357014577677
2023-06-01	2.0	4.824390009416131
2023-06-01	2.0	7.078828667802021
2023-06-01	5.0	7.369109013919974
2023-06-01	0.0	0.13364689493393284
2023-06-01	7.0	13.072698404371469
2023-06-01	4.0	8.984244863384045
2023-06-01	21.0	25.783477095236584
2023-06-01	23.0	12.734214599626881
2023-06-01	37.5	35.729329913759344
2023-06-01	10.0	12.091664542282404
2023-06-01	8.0	5.660335918747499
2023-06-01	0.0	0.010060673313353117
2023-06-01	4.0	26.12681616637601
2023-06-01	0.0	0.9577885635389084
2023-06-01	0.0	0.004958539143867114
2023-06-01	0.0	0.015539853233206051
2023-06-01	1.0	5.020786787619807
2023-06-01	2.0	2.2659721014055205
2023-06-01	37.5	20.84152473625087
2023-06-01	3.0	4.82673630301966
2023-06-01	0.0	0.0025769446080835924
2023-06-01	0.0	0.003310476033651258
2023-06-01	3.0	5.606853174050535
2023-06-01	1.0	7.156161098768159
2023-06-01	7.0	10.942392016926862
2023-06-01	17.0	30.148868385982137
2023-06-01	11.0	23.5235132571329
2023-06-01	0.0	2.656388221153249
2023-06-01	1.0	5.515116342980018
2023-06-01	2.0	4.367871845950587
2023-06-01	0.0	0.0013486842658709244
2023-06-01	37.5	25.06324279954507
2023-06-01	6.0	17.205406584483402
2023-06-01	31.0	17.436977939844816
2023-06-01	0.0	0.2642226483099903
2023-06-01	31.0	26.85323337222307
2023-06-01	0.0	0.4029192450460652
2023-06-01	3.0	5.232549925724214
2023-06-01	37.5	27.855304769674806
2023-06-01	3.0	14.357575576264889
2023-06-01	0.0	0.10318697940690588
2023-06-01	37.5	24.120244095740695
2023-06-01	23.0	13.08130540800952
2023-06-01	1.0	7.188676690867868
2023-06-01	0.0	0.006762672707776108
2023-06-01	3.0	2.5639078272924527
2023-06-01	18.0	19.990151085555322
2023-06-01	1.0	1.954011465193822
2023-06-01	0.0	0.06051125350826218
2023-06-01	1.0	3.663170936403855
2023-06-01	26.0	20.124885706017643
2023-06-01	37.5	32.36307035264629
2023-06-01	0.0	0.053452703445751204
2023-06-01	0.0	0.0036260458779145566
2023-06-01	5.0	6.101487229644515
2023-06-01	5.0	5.806766868087618
2023-06-01	0.0	0.0013486842658709244
2023-06-01	0.0	0.616549103828557
2023-06-01	11.0	26.929800357501808
2023-06-01	0.0	6.905835271005541
2023-06-01	18.0	20.027386765030386
2023-06-01	0.0	6.309449131182738
2023-06-01	0.0	0.5658082150937394
2023-06-01	0.0	0.0014140706876607009
2023-06-01	37.5	37.97460429214538
2023-06-01	3.0	2.39781727793505
2023-06-01	6.0	7.30360410960206
2023-06-01	11.0	20.240730095029313
2023-06-01	1.0	2.743006242047481
2023-06-01	20.0	26.776594932019616
2023-06-01	9.0	23.053556196184267
2023-06-01	0.0	0.006809190157931992
2023-06-01	0.0	0.13058771173854586
2023-06-01	13.0	7.234545067906239
2023-06-01	1.0	11.549963466224293
2023-06-01	0.0	0.3079283996022572
2023-06-01	37.5	36.435313923388165
2023-06-01	3.0	4.636687250109653
2023-06-01	1.0	7.079650211870129
2023-06-01	13.0	6.295233456709909
2023-06-01	34.0	27.646171112544778
2023-06-01	8.0	15.480872774970994
2023-06-01	0.0	2.6537932821843535
2023-06-01	15.0	17.541098625755488
2023-06-01	33.0	29.628384981346297
2023-06-01	3.0	4.209627651681949
2023-06-01	22.0	31.067987793617434
2023-06-01	37.5	24.0533408102789
2023-06-01	5.0	5.866832759024655
2023-06-01	0.0	0.001526409287888338
2023-06-01	8.0	25.487757401577667
2023-06-01	13.0	17.879380220291782
2023-06-01	37.5	33.05330737464077
2023-06-01	2.0	6.121701468374267
2023-06-01	3.0	10.38296046889554
2023-06-01	0.0	0.0011182997879258638
2023-06-01	1.0	2.622412211915906
2023-07-01	0.0	0.002215490032153563
2023-07-01	0.0	0.3797959983306376
2023-07-01	37.5	15.157360737189467
2023-07-01	25.0	35.227257722064714
2023-07-01	13.0	25.15795402844585
2023-07-01	0.0	0.5177944659778853
2023-07-01	0.0	0.005678021083857637
2023-07-01	1.0	2.287258962452038
2023-07-01	11.0	15.316671681081136
2023-07-01	0.0	0.0038449509300235852
2023-07-01	5.0	4.420974416192795
2023-07-01	0.0	0.002218427698513837
2023-07-01	1.0	1.3667043449651135
2023-07-01	8.0	10.374546806746544
2023-07-01	16.0	27.391672268807692
2023-07-01	0.0	0.01936438733479983
2023-07-01	0.0	0.006171606627250461
2023-07-01	2.0	3.837882258641886
2023-07-01	0.0	0.5828659926464779
2023-07-01	1.0	5.138149626132924
2023-07-01	2.0	2.501772256660437
2023-07-01	11.0	4.888088050073872
2023-07-01	2.0	5.60363127328885
2023-07-01	37.5	27.60831363996469
2023-07-01	3.0	2.145217543907691
2023-07-01	1.0	1.6470601336804227
2023-07-01	0.0	0.036684221594964664
2023-07-01	0.0	1.434235803426487
2023-07-01	0.0	0.009331210230450138
2023-07-01	0.0	0.006818137641382839
2023-07-01	0.0	0.026288542066989926
2023-07-01	1.0	2.0446798303601135
2023-07-01	0.0	0.0012489208926773658
2023-07-01	28.0	32.64174796377458
2023-07-01	1.0	1.8385444395248678
2023-07-01	0.0	0.00229711505607111
2023-07-01	35.0	34.18521023794065
2023-07-01	0.0	0.8967281690838408
2023-07-01	1.0	16.499611339208986
2023-07-01	0.0	0.08680369687506147
2023-07-01	22.0	29.985181526833976
2023-07-01	1.0	7.336133493927491
2023-07-01	23.0	24.159072335295583
2023-07-01	0.0	0.0038915991907538558
2023-07-01	0.0	0.2215990683355733
2023-07-01	0.0	0.0012485148539676336
2023-07-01	8.0	13.073142885400062
2023-07-01	0.0	0.21305647562672836
2023-07-01	3.0	1.9726875451500963
2023-07-01	0.0	0.0049137842475012175
2023-07-01	0.0	0.004863943497904349
2023-07-01	7.0	19.9849894504259
2023-07-01	0.0	0.00330384290948597
2023-07-01	8.0	10.464848497999002
2023-07-01	0.0	0.003378598176916643
2023-07-01	0.0	0.0028293009182094007
2023-07-01	37.5	28.0542192294603
2023-07-01	0.0	0.008775654654609754
2023-07-01	1.0	2.265800521111236
2023-07-01	2.0	1.5495986149548484
2023-07-01	0.0	0.01643083627427464
2023-07-01	2.0	3.2975208933597733
2023-07-01	2.0	3.9229309656338405
2023-07-01	2.0	2.653273899044321
2023-07-01	8.0	7.318082127372307
2023-07-01	0.0	0.0034807755564245264
2023-07-01	3.0	7.273884252288534
2023-07-01	37.5	29.144319858329524
2023-07-01	0.0	0.030985955631498238
2023-07-01	1.0	1.854926126092935
2023-07-01	1.0	1.965819621468392
2023-07-01	0.0	0.03220982378965204
2023-07-01	0.0	0.004620110729661514
2023-07-01	1.0	3.056251182168947
2023-07-01	0.0	0.08618416622650008
2023-07-01	1.0	1.8907676291228193
2023-07-01	5.0	6.432186752287057
2023-07-01	0.0	0.0026925194345122495
2023-07-01	0.0	0.0012274856790628983
2023-07-01	0.0	0.4795978144219212
2023-07-01	1.0	1.2387228205421672
2023-07-01	12.0	11.480346635600679
2023-07-01	37.5	22.559336578423526
2023-07-01	0.0	0.0012274856790628983
2023-07-01	0.0	0.0017471577174345305
2023-07-01	0.0	0.003595870318398398
2023-07-01	2.0	3.9924206008867706
2023-07-01	1.0	1.9581980834790496
2023-07-01	22.0	9.369530705578745
2023-07-01	14.0	8.177977710365703
2023-07-01	0.0	0.02614140589238788
2023-07-01	0.0	0.5139818908975138
2023-07-01	3.0	6.159089476130218
2023-07-01	1.0	3.399193960570967
2023-07-01	7.0	11.606115704276643
2023-07-01	0.0	0.15206072189963982
2023-07-01	0.0	2.191747313040743
2023-07-01	0.0	0.040984712754625265
2023-07-01	0.0	0.029325571286141574
2023-07-01	0.0	0.15007730879662803
2023-07-01	0.0	0.25642657818035575
2023-07-01	0.0	0.012489775683598988
2023-07-01	1.0	2.691023717708499
2023-07-01	3.0	2.9159793040220965
2023-07-01	0.0	0.05766117514790736
2023-07-01	1.0	3.45225753458719
2023-07-01	0.0	0.1381409619551542
2023-07-01	0.0	2.098525696811949
2023-07-01	4.0	10.209675777939415
2023-07-01	3.0	3.1807996265009297
2023-07-01	1.0	2.7079852030902654
2023-07-01	2.0	2.2294741440796684
2023-07-01	1.0	3.0254461867819686
2023-07-01	5.0	2.5597099458735046
2023-07-01	4.0	24.35705782821774
2023-07-01	7.0	3.703161844022987
2023-07-01	0.0	0.0013514849952414687
2023-07-01	0.0	0.008670609430747885
2023-07-01	0.0	0.016563671523178725
2023-07-01	0.0	0.06806405755940188
2023-07-01	4.0	12.715664864190595
2023-07-01	0.0	0.0022819168734384697
2023-07-01	3.0	4.497947140159184
2023-07-01	0.0	0.030447548953402973
2023-07-01	1.0	2.0749136623380005
2023-07-01	7.0	6.828102401280864
2023-07-01	1.0	5.144591667616105
2023-07-01	21.0	23.767672960346385
2023-07-01	0.0	0.007895422180560274
2023-07-01	1.0	5.472579241294056
2023-07-01	20.0	5.727573305874934
2023-07-01	0.0	0.02383829182767598
2023-07-01	2.0	11.242526463720665
2023-07-01	1.0	14.496475295910727
2023-07-01	1.0	2.6317306537021543
2023-07-01	1.0	2.640564022458632
2023-07-01	0.0	0.06414146880052327
2023-07-01	9.0	6.3117540227027416
2023-07-01	0.0	3.6684397977240812
2023-07-01	1.0	2.964132789130983
2023-07-01	1.0	2.030104892545684
2023-07-01	0.0	0.07450096450756312
2023-07-01	0.0	0.19504291693179573
2023-07-01	7.0	5.804851127355894
2023-07-01	0.0	25.928433028838096
2023-07-01	0.0	0.00126399947131692
2023-07-01	0.0	0.025655798360496637
2023-07-01	0.0	0.004360949513309508
2023-07-01	19.0	20.99317969957065
2023-07-01	0.0	0.004287357988842478
2023-07-01	0.0	0.004868826548115142
2023-07-01	0.0	0.0009671853234921694
2023-07-01	0.0	0.09392917464725203
2023-07-01	0.0	0.014546482470961731
2023-07-01	0.0	0.1724055773688771
2023-07-01	0.0	0.1988806144914112
2023-07-01	3.0	3.3916147261774565
2023-07-01	0.0	0.6538092680626117
2023-07-01	0.0	0.059351057677346934
2023-07-01	0.0	0.022036099576223826
2023-07-01	0.0	0.010796766754993413
2023-07-01	2.0	24.82782591184441
2023-07-01	0.0	0.7397313174195443
2023-07-01	0.0	0.001952818058388414
2023-07-01	0.0	3.5835278330603435
2023-07-01	1.0	0.037042931105108784
2023-07-01	4.0	7.327286360962748
2023-07-01	1.0	2.8279628698906683
2023-07-01	4.0	28.1138089363769
2023-07-01	0.0	0.004253979447142231
2023-07-01	11.0	11.161079780981177
2023-07-01	5.0	7.334760947309517
2023-07-01	1.0	10.305789704184702
2023-07-01	0.0	0.5777718313236371
2023-07-01	1.0	2.2780912431934564
2023-07-01	0.0	0.0012489208926773658
2023-07-01	8.0	6.614499193458103
2023-07-01	0.0	0.10918293415035593
2023-07-01	3.0	4.80214064103919
2023-07-01	3.0	25.22885168195788
2023-07-01	1.0	1.7509645626006956
2023-07-01	0.0	0.0012173558140563163
2023-07-01	0.0	0.009894432460621543
2023-07-01	8.0	22.846300264931287
2023-07-01	7.0	11.838134741002548
2023-07-01	0.0	1.9148509044930235
2023-07-01	37.5	32.552946552736394
2023-07-01	0.0	0.028379652636822086
2023-07-01	0.0	0.02150963917322627
2023-07-01	0.0	0.02177973707268946
2023-07-01	2.0	5.72794632101852
2023-07-01	1.0	5.504546277941786
2023-07-01	5.0	10.948400399944996
2023-07-01	0.0	0.13216964296028505
2023-07-01	5.0	3.821932573621954
2023-07-01	37.5	30.33105821044411
2023-07-01	1.0	4.3399648758078095
2023-07-01	37.5	22.70836371688377
2023-07-01	0.0	0.07143715072642552
2023-07-01	3.0	6.420082588033862
2023-07-01	37.5	25.27488263586523
2023-07-01	8.0	10.26050141159338
2023-07-01	0.0	0.4601897234347551
2023-07-01	0.0	0.0012485148539676336
2023-07-01	0.0	0.15108749297956012
2023-07-01	0.0	0.05078908973533883
2023-07-01	37.5	35.76085296634403
2023-07-01	0.0	0.0012485148539676336
2023-07-01	9.0	13.280933806840032
2023-07-01	0.0	0.002890035895614442
2023-07-01	0.0	0.005041111699083073
2023-07-01	0.0	0.007551853357260815
2023-07-01	0.0	0.06611143179759386
2023-07-01	0.0	0.04686403007086186
2023-07-01	9.0	16.876782620977387
2023-07-01	1.0	1.7038784800715205
2023-07-01	2.0	4.195118531877718
2023-07-01	37.5	33.83993604463569
2023-07-01	1.0	1.6307771762192491
2023-07-01	37.5	36.296220273935894
2023-07-01	0.0	0.01357290976461634
2023-07-01	2.0	3.978335459117046
2023-07-01	0.0	0.026904254785824734
2023-07-01	0.0	0.0012260776854605315
2023-07-01	1.0	2.8235476551856387
2023-07-01	0.0	0.040615574179658456
2023-07-01	0.0	0.032252488915481166
2023-07-01	0.0	0.0012489208926773658
2023-07-01	26.0	24.70463452149137
2023-07-01	0.0	0.28375645103757496
2023-07-01	0.0	0.004705311693671722
2023-07-01	0.0	0.060889588236165
2023-07-01	1.0	5.121649693806036
2023-07-01	0.0	2.1670395938414706
2023-07-01	2.0	1.5026307243347965
2023-07-01	0.0	0.004463115553292204
2023-07-01	0.0	0.18529224840724745
2023-07-01	0.0	0.01915369671571634
2023-07-01	1.0	5.713464884102521
2023-07-01	0.0	0.014163295320639119
2023-07-01	0.0	0.0007553609889692906
2023-07-01	0.0	0.00576715687437114
2023-07-01	2.0	10.851632096738719
2023-07-01	1.0	1.2098238479151515
2023-07-01	8.0	11.235391456195705
2023-07-01	7.0	6.3641432360245815
2023-07-01	8.0	11.006934207105296
2023-07-01	3.0	3.6190867546491976
2023-07-01	0.0	0.0027331547769422013
2023-07-01	0.0	0.0075791552741452635
2023-07-01	37.5	33.178678757253955
2023-07-01	0.0	0.0012489208926773658
2023-07-01	4.0	8.707631676607944
2023-07-01	0.0	0.07151675626807091
2023-07-01	4.0	2.1037974511585595
2023-07-01	1.0	1.7376385102324265
2023-07-01	0.0	0.01863805851410648
2023-07-01	0.0	1.2005366798219335
2023-07-01	1.0	3.446061341250707
2023-07-01	1.0	5.350768036945482
2023-07-01	6.0	4.949476049776037
2023-07-01	5.0	5.80256065780925
2023-07-01	2.0	1.8157663234373738
2023-07-01	1.0	2.3095699241839127
2023-07-01	3.0	4.270777341472199
2023-07-01	3.0	6.033829346558246
2023-07-01	7.0	13.713710895944782
2023-07-01	0.0	0.05354966995520339
2023-07-01	0.0	0.002090680750877139
2023-07-01	0.0	0.16943614219687203
2023-07-01	1.0	4.7284018298394015
2023-07-01	0.0	2.2519311446519596
2023-07-01	6.0	21.553024281128263
2023-07-01	11.0	11.600979145584636
2023-07-01	10.0	6.697847070684114
2023-07-01	2.0	6.682269507885408
2023-07-01	0.0	0.4820349889946779
2023-07-01	6.0	9.199882199014793
2023-07-01	0.0	0.013494548886537368
2023-07-01	2.0	4.398765843382662
2023-07-01	14.0	15.499772810251763
2023-07-01	0.0	0.009325036836167975
2023-07-01	1.0	4.863485831735664
2023-07-01	0.0	0.084708342335154
2023-07-01	7.0	13.271399554178629
2023-07-01	4.0	3.564485362411837
2023-07-01	0.0	0.048577709615322096
2023-07-01	4.0	5.399652060039245
2023-07-01	0.0	0.015299184089904633
2023-07-01	0.0	2.484603299435765
2023-07-01	0.0	0.009043416937964925
2023-07-01	14.0	23.590409076270962
2023-07-01	0.0	0.007302071401949004
2023-07-01	0.0	0.0022625717009511106
2023-07-01	0.0	0.24799108366103023
2023-07-01	0.0	0.09953189747100635
2023-07-01	26.0	33.94043522424321
2023-07-01	0.0	0.08017676609992129
2023-07-01	37.5	33.004517276464384
2023-07-01	0.0	0.0011858569702763823
2023-07-01	1.0	3.72886632231181
2023-07-01	1.0	2.8326423107087484
2023-07-01	37.5	26.623742286634567
2023-07-01	0.0	0.0010321246998850043
2023-07-01	3.0	5.698672247773026
2023-07-01	1.0	4.185817274195677
2023-07-01	37.5	31.135148577810305
2023-07-01	2.0	1.4911493131008713
2023-07-01	6.0	11.445997155542532
2023-07-01	0.0	0.0012538214536996668
2023-07-01	1.0	2.3578795371628707
2023-07-01	2.0	4.0553110299586095
2023-07-01	1.0	1.0866265164329825
2023-07-01	0.0	0.2676798345571926
2023-07-01	1.0	1.8539958391246918
2023-07-01	2.0	6.859957706520506
2023-07-01	0.0	0.01541926034366118
2023-07-01	2.0	4.071800512834856
2023-07-01	0.0	0.018458843549150245
2023-07-01	1.0	1.5561887071746234
2023-07-01	0.0	0.8628132638407005
2023-07-01	30.0	27.60731177964136
2023-07-01	20.0	29.32756663832506
2023-07-01	2.0	1.6895345285120051
2023-07-01	37.5	27.10620546704549
2023-07-01	0.0	2.8088392961397695
2023-07-01	28.0	21.624745258354174
2023-07-01	0.0	0.006055997316432655
2023-07-01	0.0	0.0037428687192706356
2023-07-01	0.0	1.4110378554639427
2023-07-01	2.0	3.9931767754959155
2023-07-01	0.0	0.988062035837411
2023-07-01	0.0	0.0012381375130006442
2023-07-01	4.0	4.307660038651433
2023-07-01	0.0	2.087619172398323
2023-07-01	11.0	23.48665542766244
2023-07-01	5.0	3.3891110204805157
2023-07-01	0.0	1.5173525849069815
2023-07-01	1.0	4.740832456888885
2023-07-01	1.0	4.088083349934031
2023-07-01	0.0	0.22262482669323302
2023-07-01	4.0	2.584137569714855
2023-07-01	0.0	2.7946628320951823
2023-07-01	3.0	3.20644422074592
2023-07-01	1.0	2.0369880439690253
2023-07-01	34.0	23.264309212149918
2023-07-01	0.0	0.0036611028871562016
2023-07-01	2.0	2.046801368234493
2023-07-01	0.0	0.02584256917256903
2023-07-01	2.0	9.760354225188417
2023-07-01	0.0	0.05344622386024287
2023-07-01	0.0	0.0012489208926773658
2023-07-01	10.0	11.397988270712053
2023-07-01	1.0	3.0023587473987283
2023-07-01	0.0	3.058226863179099
2023-07-01	37.5	28.037471985653454
2023-07-01	0.0	0.08752007267895189
2023-07-01	0.0	0.392959982260834
2023-07-01	4.0	11.895135846468426
2023-07-01	1.0	2.4921303800177035
2023-07-01	0.0	0.43739435337826515
2023-07-01	0.0	0.012145956532045192
2023-07-01	8.0	23.478095739624436
2023-07-01	1.0	0.7589353530700066
2023-07-01	1.0	0.15131245038055863
2023-07-01	1.0	1.5284559142152903
2023-07-01	0.0	0.04192631051061517
2023-07-01	12.0	24.102819846505845
2023-07-01	3.0	3.9584339286980783
2023-07-01	33.0	24.469319055496786
2023-07-01	3.0	3.492179606453992
2023-07-01	5.0	2.450204123363778
2023-07-01	0.0	0.4335822767707266
2023-07-01	0.0	1.4826313606429378
2023-07-01	1.0	4.417748147799981
2023-07-01	37.5	27.840815207687967
2023-07-01	0.0	0.848987982783011
2023-07-01	0.0	0.039831589179204804
2023-07-01	2.0	4.199083783450174
2023-07-01	0.0	0.001231160618646405
2023-07-01	1.0	2.0611506857559267
2023-07-01	1.0	11.160772413046251
2023-07-01	1.0	2.182393415543738
2023-07-01	0.0	0.0033474756257495307
2023-07-01	0.0	0.011949306993073845
2023-07-01	0.0	0.666684064965726
2023-07-01	0.0	0.0956126691307726
2023-07-01	37.5	29.00668920843127
2023-07-01	14.0	29.045077636109287
2023-07-01	0.0	0.0029845529425655795
2023-07-01	15.0	24.68416338689085
2023-07-01	2.0	2.707856984247533
2023-07-01	0.0	0.1255284569759626
2023-07-01	0.0	0.0032618430452671697
2023-07-01	5.0	21.609193193677562
2023-07-01	0.0	0.008180500865677997
2023-07-01	6.0	8.43839502050287
2023-07-01	1.0	1.510769582481208
2023-07-01	1.0	3.9820074513356194
2023-07-01	1.0	2.628679880899268
2023-07-01	0.0	0.0012436915886930848
2023-07-01	1.0	4.972132060735471
2023-07-01	0.0	0.10795717931751247
2023-07-01	2.0	3.7409431588572213
2023-07-01	3.0	3.2543687548674956
2023-07-01	5.0	5.059785165000932
2023-07-01	11.0	23.377944515812324
2023-07-01	37.5	22.456337439534146
2023-07-01	0.0	0.009534861385140897
2023-07-01	2.0	2.756007742093093
2023-07-01	0.0	0.002352715743106664
2023-07-01	0.0	0.03726430862468178
2023-07-01	0.0	0.18126189656639885
2023-07-01	37.5	35.852269995002274
2023-07-01	0.0	0.40511073535530306
2023-07-01	0.0	0.08878797633818347
2023-07-01	3.0	6.667120973539835
2023-07-01	0.0	0.19214764543422652
2023-07-01	0.0	0.004211991344989021
2023-07-01	0.0	0.001949779275753175
2023-07-01	1.0	4.974841135375888
2023-07-01	0.0	0.0026908032088144734
2023-07-01	0.0	0.0078019503037526985
2023-07-01	1.0	1.7296595115773101
2023-07-01	19.0	10.854928292925045
2023-07-01	0.0	0.01391651294058422
2023-07-01	1.0	10.890515950779786
2023-07-01	0.0	0.44206717629530506
2023-07-01	1.0	5.047696104081673
2023-07-01	3.0	5.135399257830031
2023-07-01	2.0	2.536009249704267
2023-07-01	0.0	0.5269788682538119
2023-07-01	1.0	5.867397866497795
2023-07-01	12.0	20.44695142787382
2023-07-01	0.0	0.008779510309140514
2023-07-01	6.0	3.400605575043332
2023-07-01	0.0	0.0025693682466946532
2023-07-01	0.0	0.011707301975964672
2023-07-01	0.0	0.0012341574241098129
2023-07-01	22.0	21.08601755410194
2023-07-01	2.0	2.359618435517728
2023-07-01	0.0	0.08524236173671482
2023-07-01	2.0	1.4481020046866626
2023-07-01	0.0	0.009009642808251327
2023-07-01	0.0	0.5194383857851141
2023-07-01	23.0	5.8672302916665515
2023-07-01	1.0	2.486346177965852
2023-07-01	0.0	0.17829012373720285
2023-07-01	0.0	0.007021864325916881
2023-07-01	0.0	0.024200456868730753
2023-07-01	1.0	2.061976320520118
2023-07-01	0.0	0.001952818058388414
2023-07-01	0.0	0.002336023053828151
2023-07-01	8.0	5.071118321747745
2023-07-01	8.0	6.40536011905624
2023-07-01	0.0	0.0035835127321176352
2023-07-01	0.0	0.010191425048275308
2023-07-01	0.0	0.002483247800690425
2023-07-01	3.0	3.178173407302478
2023-07-01	1.0	4.4511829272827095
2023-07-01	6.0	4.84634075555886
2023-07-01	16.0	11.536521241478724
2023-07-01	0.0	0.061688539305246905
2023-07-01	0.0	0.06223250015093265
2023-07-01	0.0	0.004141615677784906
2023-07-01	0.0	0.017885776257458352
2023-07-01	0.0	0.006387756893806624
2023-07-01	18.0	25.69132577104736
2023-07-01	0.0	0.1786460854178712
2023-07-01	2.0	2.5302697628408897
2023-07-01	1.0	5.203213987338008
2023-07-01	4.0	5.118219592793555
2023-07-01	0.0	0.01400552292512823
2023-07-01	0.0	1.5662710969437335
2023-07-01	4.0	4.6439899285033
2023-07-01	37.5	29.733127663871883
2023-07-01	0.0	0.18875808151890386
2023-07-01	0.0	0.019610846014577035
2023-07-01	0.0	0.010633109848931165
2023-07-01	5.0	7.342682888491839
2023-07-01	0.0	0.0018981567836867117
2023-07-01	3.0	3.271484779568281
2023-07-01	0.0	0.0225453477729233
2023-07-01	13.0	10.10679038969992
2023-07-01	37.5	31.98084757582334
2023-07-01	0.0	0.9062748664026277
2023-07-01	12.0	25.461036462923655
2023-07-01	7.0	20.23066266575386
2023-07-01	0.0	0.00215230450217692
2023-07-01	0.0	0.4176692770188076
2023-07-01	1.0	1.389432635670246
2023-07-01	0.0	0.019270685081598557
2023-07-01	8.0	6.772038716936676
2023-07-01	12.0	23.42313092273227
2023-07-01	0.0	0.26769964208047065
2023-07-01	5.0	7.185708238733424
2023-07-01	0.0	1.9671049231626938
2023-07-01	0.0	0.011321345991337337
2023-07-01	2.0	2.5027407933198087
2023-07-01	0.0	0.013918626619503422
2023-07-01	1.0	5.1159362697898345
2023-07-01	0.0	0.0058674733078053305
2023-07-01	0.0	0.07346643942687733
2023-07-01	14.0	23.760920018655305
2023-07-01	37.5	25.999312692523528
2023-07-01	0.0	0.0012622458185460096
2023-07-01	2.0	3.4135220765464815
2023-07-01	1.0	19.556265188488112
2023-07-01	7.0	4.619787565026264
2023-07-01	0.0	17.585485452146997
2023-07-01	1.0	2.6929876482213677
2023-07-01	0.0	5.956352985966435
2023-07-01	0.0	0.014713668787823021
2023-07-01	29.0	23.876718713146673
2023-07-01	1.0	2.306089033698452
2023-07-01	1.0	2.3970668880271777
2023-07-01	2.0	1.483621414434234
2023-07-01	0.0	0.0012173558140563163
2023-07-01	3.0	7.797922263364192
2023-07-01	0.0	0.002379465375039405
2023-07-01	37.5	36.45236598363068
2023-07-01	3.0	3.0313154568291587
2023-07-01	0.0	0.19785602373382494
2023-07-01	0.0	0.08600947797247963
2023-07-01	37.5	36.414440820558504
2023-07-01	6.0	9.516990172123737
2023-07-01	5.0	6.792837047067403
2023-07-01	0.0	0.008960770930544064
2023-07-01	0.0	0.063750818794708
2023-07-01	0.0	0.0012489208926773658
2023-07-01	9.0	15.401300814483628
2023-07-01	12.0	25.813808458947026
2023-07-01	1.0	5.759596701633841
2023-07-01	11.0	4.426773325072547
2023-07-01	3.0	5.2319989314693895
2023-07-01	2.0	3.2887955273196963
2023-07-01	0.0	0.0035449401076880016
2023-07-01	0.0	0.05156201462942737
2023-07-01	0.0	0.0012274856790628983
2023-07-01	11.0	10.11519314305962
2023-07-01	0.0	1.639221056175334
2023-07-01	1.0	2.988588446386908
2023-07-01	0.0	0.5538787314156405
2023-07-01	0.0	0.006675568634363884
2023-07-01	2.0	7.533398952207319
2023-07-01	0.0	0.8008685456344791
2023-07-01	9.0	10.207965873853553
2023-07-01	10.0	10.322243142729052
2023-07-01	1.0	3.7012068074454287
2023-07-01	1.0	2.7051259545177433
2023-07-01	0.0	0.0012485148539676336
2023-07-01	0.0	0.008960587469855414
2023-07-01	1.0	1.7424611461497637
2023-07-01	7.0	11.38133399503192
2023-07-01	0.0	0.00126399947131692
2023-07-01	1.0	2.9487186392011866
2023-07-01	6.0	20.68140948315418
2023-07-01	2.0	1.9598979322977657
2023-07-01	37.5	23.595935463515417
2023-07-01	1.0	0.16507574989885473
2023-07-01	13.0	8.705135038047551
2023-07-01	2.0	4.265929990972077
2023-07-01	2.0	0.4230588685987633
2023-07-01	7.0	7.445965244620821
2023-07-01	0.0	0.007915579423617454
2023-07-01	8.0	4.709630041055932
2023-07-01	1.0	2.301164625104946
2023-07-01	3.0	5.713999292292899
2023-07-01	2.0	2.0079091788877226
2023-07-01	3.0	3.360589521690835
2023-07-01	0.0	0.05898912888917568
2023-07-01	0.0	0.002111872431422557
2023-07-01	0.0	0.3281171892327748
2023-07-01	0.0	0.010989215641398611
2023-07-01	0.0	0.0014213423758555627
2023-07-01	0.0	0.271172826641818
2023-07-01	1.0	2.2197863373345896
2023-07-01	25.0	30.800866996418762
2023-07-01	0.0	1.3315211895108412
2023-07-01	0.0	0.17328208580810114
2023-07-01	0.0	0.03076594664780083
2023-07-01	3.0	3.6761916120267353
2023-07-01	1.0	1.610542482105386
2023-07-01	0.0	0.03863988028801899
2023-07-01	2.0	5.456704843703638
2023-07-01	4.0	3.4870387177201128
2023-07-01	1.0	2.1126836857321885
2023-07-01	19.0	24.904099663163386
2023-07-01	0.0	1.0393143284456883
2023-07-01	25.0	24.84839319022714
2023-07-01	0.0	0.17481366548389032
2023-07-01	1.0	2.081255215512048
2023-07-01	37.5	29.81286017307908
2023-07-01	1.0	1.6224946520675014
2023-07-01	37.5	28.23786960526445
2023-07-01	2.0	2.9185848159155086
2023-07-01	0.0	0.09327125492343981
2023-07-01	0.0	0.8293480088764004
2023-07-01	1.0	1.4649465260145837
2023-07-01	1.0	2.062370045710616
2023-07-01	13.0	22.612656585515396
2023-07-01	0.0	0.7715703680347212
2023-07-01	10.0	12.460179492353602
2023-07-01	0.0	3.7434288610749062
2023-07-01	10.0	5.1779307401922186
2023-07-01	9.0	11.97326830441091
2023-07-01	0.0	0.00501300711765754
2023-07-01	0.0	4.5078520947139635
2023-07-01	0.0	0.5963222254618854
2023-07-01	2.0	10.367359422482648
2023-07-01	1.0	2.137495459118429
2023-07-01	0.0	0.0745498393115945
2023-07-01	0.0	0.47726435910696846
2023-07-01	0.0	0.08530374366306231
2023-07-01	6.0	11.259736906373636
2023-07-01	0.0	2.504947319913799
2023-07-01	0.0	0.04655897764552922
2023-07-01	0.0	0.09180082390994462
2023-07-01	0.0	0.010404472339183882
2023-07-01	0.0	0.0019636611818822985
2023-07-01	1.0	9.1419486920231
2023-07-01	0.0	1.8251292826073633
2023-07-01	1.0	4.37849031900727
2023-07-01	0.0	0.012538551595371615
2023-07-01	0.0	0.0020889807208785186
2023-07-01	5.0	2.3111171402842308
2023-07-01	37.5	29.105192534760754
2023-07-01	1.0	2.2146295025693683
2023-07-01	1.0	2.118536502869927
2023-07-01	0.0	0.11661381644166469
2023-07-01	2.0	3.7533519495984966
2023-07-01	0.0	0.0012489208926773658
2023-07-01	2.0	7.925634984816429
2023-07-01	0.0	0.15551314510113917
2023-07-01	0.0	0.0016733006087674288
2023-07-01	1.0	1.9771985815789794
2023-07-01	1.0	3.7582589078176447
2023-07-01	0.0	0.03083433695340671
2023-07-01	1.0	1.3905724457291964
2023-07-01	0.0	0.013998442789194473
2023-07-01	4.0	5.623327841472162
2023-07-01	1.0	2.6236616266771673
2023-07-01	0.0	0.038108321994479076
2023-07-01	0.0	0.020824691316376005
2023-07-01	0.0	0.0007735888192344111
2023-08-01	6.0	2.561508791067949
2023-08-01	0.0	0.058839406273882074
2023-08-01	0.0	0.36107991238551834
2023-08-01	0.0	1.0228220766210625
2023-08-01	1.0	2.3406911930642598
2023-08-01	0.0	0.0466088630524797
2023-08-01	3.0	0.12491730607153412
2023-08-01	0.0	0.010379633741298622
2023-08-01	0.0	0.16684607996084055
2023-08-01	0.0	0.029466535958299376
2023-08-01	0.0	0.04624156889317379
2023-08-01	37.5	32.7076901450132
2023-08-01	1.0	2.022216305186174
2023-08-01	2.0	5.5105884726602365
2023-08-01	0.0	0.25164318650230477
2023-08-01	0.0	0.0688433998797216
2023-08-01	0.0	0.009317601156995767
2023-08-01	3.0	3.2499431953998204
2023-08-01	0.0	0.05037850760031251
2023-08-01	0.0	0.006411569669260056
2023-08-01	0.0	0.04048886090525914
2023-08-01	4.0	4.45731882699228
2023-08-01	0.0	0.6656063798725689
2023-08-01	0.0	0.5693630872538061
2023-08-01	6.0	10.219276415629723
2023-08-01	5.0	5.893273931450878
2023-08-01	0.0	0.10038574534001021
2023-08-01	0.0	0.0020540845700078056
2023-08-01	37.5	29.96037243182844
2023-08-01	0.0	0.011983145347388506
2023-08-01	0.0	0.2061065036626552
2023-08-01	3.0	4.359290585056333
2023-08-01	37.5	36.92102455749338
2023-08-01	0.0	0.05371288977253157
2023-08-01	0.0	0.0021570142295812902
2023-08-01	0.0	0.07029662475060952
2023-08-01	1.0	1.2303272580218614
2023-08-01	1.0	2.5792011142225406
2023-08-01	1.0	2.8497210914992057
2023-08-01	0.0	0.17826969634139517
2023-08-01	1.0	0.1584715996960103
2023-08-01	0.0	0.05437765097794033
2023-08-01	0.0	0.009534907847577111
2023-08-01	1.0	3.762381478489437
2023-08-01	0.0	0.0012260776854605315
2023-08-01	9.0	12.397666944521337
2023-08-01	2.0	2.3205943770805555
2023-08-01	0.0	0.002191910557208428
2023-08-01	8.0	4.329964067362411
2023-08-01	0.0	0.0052833210336336945
2023-08-01	0.0	0.001952818058388414
2023-08-01	0.0	0.0012485148539676336
2023-08-01	2.0	3.098373978028088
2023-08-01	4.0	5.057441252215661
2023-08-01	0.0	0.022212026556302056
2023-08-01	0.0	0.0011858569702763823
2023-08-01	0.0	0.0014213423758555627
2023-08-01	1.0	2.3165375419188
2023-08-01	0.0	0.23650502747274738
2023-08-01	0.0	0.17772866916717522
2023-08-01	0.0	0.003571108443302896
2023-08-01	0.0	0.19042131437434426
2023-08-01	0.0	0.20438888608726616
2023-08-01	0.0	0.10239976067602512
2023-08-01	1.0	2.1277261358731896
2023-08-01	0.0	0.02744971055462024
2023-08-01	0.0	0.01610086621229907
2023-08-01	4.0	8.48869904296988
2023-08-01	2.0	3.1288954735192025
2023-08-01	1.0	1.704363710120163
2023-08-01	0.0	0.035921107937214924
2023-08-01	0.0	0.10564132124219576
2023-08-01	0.0	1.1498710420364544
2023-08-01	31.0	34.97196646528697
2023-08-01	1.0	2.15117589436447
2023-08-01	1.0	1.764836902519924
2023-08-01	5.0	4.482335946948654
2023-08-01	0.0	0.06665893449882242
2023-08-01	0.0	0.05024041867168301
2023-08-01	0.0	0.048865263747497605
2023-08-01	0.0	0.048215287825246075
2023-08-01	0.0	0.009972064759826154
2023-08-01	0.0	0.003000557127702811
2023-08-01	1.0	4.2049132974550965
2023-08-01	0.0	0.27314769012327
2023-08-01	0.0	1.7942954917690082
2023-08-01	15.0	5.708627121351683
2023-08-01	1.0	2.2452046583789365
2023-08-01	0.0	0.022016827793685217
2023-08-01	0.0	0.12751581546887147
2023-08-01	0.0	0.14795538959572976
2023-08-01	1.0	1.987157670030982
2023-08-01	7.0	6.517618235676183
2023-08-01	0.0	0.005161911446383707
2023-08-01	0.0	0.5126223442893973
2023-08-01	0.0	0.0020394463887797296
2023-08-01	22.0	7.903842701517097
2023-08-01	0.0	0.017866612158199253
2023-08-01	12.0	10.066363322362596
2023-08-01	3.0	0.00791287341995256
2023-08-01	0.0	0.3386623105658834
2023-08-01	0.0	0.005401294162252572
2023-08-01	5.0	10.105770196255728
2023-08-01	0.0	0.09666601995171405
2023-08-01	2.0	2.75883456550952
2023-08-01	0.0	0.04277736885099274
2023-08-01	0.0	0.011893646999579576
2023-08-01	3.0	3.8450010170048787
2023-08-01	0.0	0.001241338636263658
2023-08-01	5.0	0.4548632615743226
2023-08-01	25.0	29.912667854813023
2023-08-01	5.0	7.334798045205373
2023-08-01	3.0	5.0056162313682355
2023-08-01	2.0	3.430361607914592
2023-08-01	0.0	0.003780716016228148
2023-08-01	0.0	0.05031784775582347
2023-08-01	4.0	0.1325462301864101
2023-08-01	0.0	0.029951308077085972
2023-08-01	1.0	2.9108794266434233
2023-08-01	6.0	2.95833414183359
2023-08-01	0.0	0.714044216094953
2023-08-01	0.0	0.011286734217198297
2023-08-01	0.0	0.08477856007407286
2023-08-01	6.0	0.12271179415291993
2023-08-01	0.0	0.07435096648847336
2023-08-01	2.0	2.9676166742655363
2023-08-01	8.0	6.395910854519147
2023-08-01	1.0	1.6356152841140843
2023-08-01	4.0	1.7402472297632239
2023-08-01	7.0	11.684494124996725
2023-08-01	0.0	0.010846510856495165
2023-08-01	3.0	8.085420677668607
2023-08-01	0.0	0.0013514849952414687
2023-08-01	0.0	0.009710168052977941
2023-08-01	3.0	6.634849969353207
2023-08-01	0.0	0.002297426192131828
2023-08-01	1.0	1.6274336989083316
2023-08-01	2.0	0.10048495386645681
2023-08-01	2.0	2.172955666918892
2023-08-01	8.0	6.6765919446186945
2023-08-01	0.0	0.15291117810725324
2023-08-01	3.0	3.6186310656768583
2023-08-01	0.0	0.01121848610480699
2023-08-01	0.0	0.09442211589782537
2023-08-01	1.0	2.545848967228547
2023-08-01	3.0	3.9896413320496276
2023-08-01	0.0	0.03595154052090138
2023-08-01	0.0	0.01596764995549287
2023-08-01	2.0	1.8555674573305545
2023-08-01	0.0	0.05853065114021365
2023-08-01	3.0	3.6513600155717723
2023-08-01	0.0	0.10175704836449054
2023-08-01	5.0	4.35750823743331
2023-08-01	0.0	0.025273664325587718
2023-08-01	3.0	8.118545215188943
2023-08-01	16.0	30.869730079433733
2023-08-01	1.0	2.12250015966103
2023-08-01	0.0	0.0760733751367818
2023-08-01	3.0	2.7036884501304552
2023-08-01	1.0	2.2804215598991906
2023-08-01	0.0	0.01158100083706691
2023-08-01	0.0	0.14517355326076806
2023-08-01	24.0	34.697701440835104
2023-08-01	0.0	0.053538282450991084
2023-08-01	0.0	0.09781927479160442
2023-08-01	2.0	2.829177333302506
2023-08-01	0.0	0.010134981688031529
2023-08-01	0.0	0.001520835307139687
2023-08-01	2.0	2.3517075241990484
2023-08-01	0.0	0.04240866771717515
2023-08-01	0.0	0.19588996497821637
2023-08-01	0.0	0.009761754231449794
2023-08-01	0.0	5.196564739281328
2023-08-01	26.0	30.645412631083577
2023-08-01	1.0	2.2190341214278515
2023-08-01	7.0	11.936716653320937
2023-08-01	3.0	2.608764889453708
2023-08-01	2.0	3.377207054903703
2023-08-01	2.0	7.567647374840814
2023-08-01	5.0	3.7064368655122126
2023-08-01	5.0	5.6285820318789925
2023-08-01	0.0	0.01302534055180902
2023-08-01	1.0	2.769688443998695
2023-08-01	22.0	30.012737669884636
2023-08-01	0.0	1.1472117455390092
2023-08-01	0.0	0.7666255165889396
2023-08-01	1.0	2.408965064242863
2023-08-01	0.0	0.010432097966933269
2023-08-01	0.0	0.09253440700600016
2023-08-01	1.0	2.4849211744600535
2023-08-01	2.0	0.8370709000413156
2023-08-01	0.0	0.005753920344722708
2023-08-01	11.0	10.927342403932816
2023-08-01	11.0	0.017603311802445974
2023-08-01	24.0	23.901919987401953
2023-08-01	0.0	0.7258089050440764
2023-08-01	3.0	2.523153378391527
2023-08-01	5.0	1.974113856753437
2023-08-01	0.0	0.013023548610500034
2023-08-01	6.0	3.075699211519418
2023-08-01	13.0	15.483704656326536
2023-08-01	0.0	2.188611643405864
2023-08-01	0.0	0.16789978830196245
2023-08-01	4.0	4.811112531000779
2023-08-01	0.0	0.29465911271312584
2023-08-01	1.0	1.9990279025393511
2023-08-01	3.0	2.2008058406596436
2023-08-01	0.0	0.12477988329632105
2023-08-01	3.0	3.5321399664589
2023-08-01	0.0	0.8106980391236476
2023-08-01	0.0	0.013219586090890169
2023-08-01	1.0	2.2584406509128145
2023-08-01	0.0	0.004629860586700634
2023-08-01	0.0	0.004622240981059964
2023-08-01	2.0	3.8846330420552615
2023-08-01	0.0	0.466528544385312
2023-08-01	0.0	0.005127447352336296
2023-08-01	0.0	0.23387059296890061
2023-08-01	0.0	0.05260226557467714
2023-08-01	27.0	15.558285632126925
2023-08-01	0.0	0.02990692423359997
2023-08-01	0.0	0.028230630268646077
2023-08-01	4.0	4.163464059152373
2023-08-01	0.0	0.951045304475105
2023-08-01	37.5	26.496181280021013
2023-08-01	1.0	1.5939254252986244
2023-08-01	0.0	0.007843832882157363
2023-08-01	0.0	0.29142679946700056
2023-08-01	0.0	0.20036836360980792
2023-08-01	2.0	1.2711626063136738
2023-08-01	0.0	0.4311376970652773
2023-08-01	5.0	7.087590291936163
2023-08-01	0.0	0.3138819019402419
2023-08-01	0.0	0.1273951603540642
2023-08-01	3.0	5.15619566456865
2023-08-01	1.0	2.542320593719057
2023-08-01	1.0	0.002228531035773465
2023-08-01	0.0	0.7167984348053767
2023-08-01	1.0	1.1096381770573798
2023-08-01	0.0	0.010842889575781835
2023-08-01	0.0	0.0012489208926773658
2023-08-01	0.0	0.0012489208926773658
2023-08-01	0.0	0.008712100866844196
2023-08-01	0.0	0.04953500466309965
2023-08-01	1.0	1.687099216683998
2023-08-01	0.0	0.04861968610373668
2023-08-01	37.5	33.016117890071314
2023-08-01	37.5	14.77138831601142
2023-08-01	0.0	0.021588773050255056
2023-08-01	0.0	0.010171042321869928
2023-08-01	0.0	0.0019227314438730874
2023-08-01	2.0	1.582197374665444
2023-08-01	0.0	0.009250771439624186
2023-08-01	0.0	0.013945247410372548
2023-08-01	17.0	30.160400216133826
2023-08-01	6.0	4.805790368163479
2023-08-01	0.0	0.001231160618646405
2023-08-01	0.0	0.02427799141859798
2023-08-01	0.0	0.1964506421934919
2023-08-01	3.0	3.214647129828566
2023-08-01	0.0	0.8784950809625817
2023-08-01	0.0	0.008589780988259773
2023-08-01	0.0	0.15312804348601336
2023-08-01	0.0	0.2297648358062585
2023-08-01	2.0	2.5368062556839472
2023-08-01	0.0	0.7713390892455462
2023-08-01	0.0	0.028361869505128964
2023-08-01	0.0	0.05109628125448129
2023-08-01	1.0	6.3790725442330976
2023-08-01	1.0	5.290925795218296
2023-08-01	0.0	0.005846433068016688
2023-08-01	1.0	0.009992716165289888
2023-08-01	1.0	1.8900619802005592
2023-08-01	1.0	2.7688587996328935
2023-08-01	0.0	0.008534082501300496
2023-08-01	0.0	0.10896529987133886
2023-08-01	0.0	0.007472428796617601
2023-08-01	1.0	2.6883056372635257
2023-08-01	0.0	0.029376694706092596
2023-08-01	2.0	2.7014646219137526
2023-08-01	0.0	0.015375701434672456
2023-08-01	2.0	1.654180362008712
2023-08-01	0.0	16.563306356744647
2023-08-01	1.0	0.08094120632062388
2023-08-01	14.0	31.284406627634887
2023-08-01	6.0	6.648486926568679
2023-08-01	0.0	0.7985489636459573
2023-08-01	0.0	0.005352419676056394
2023-08-01	0.0	0.0012274856790628983
2023-08-01	2.0	2.5666387395543846
2023-08-01	3.0	2.0631648551321655
2023-08-01	0.0	0.1505937814868859
2023-08-01	0.0	0.0012489208926773658
2023-08-01	13.0	10.74994398247254
2023-08-01	2.0	5.853501235486885
2023-08-01	0.0	0.0502006181188616
2023-08-01	0.0	0.6132251415846895
2023-08-01	37.5	36.541698203911565
2023-08-01	0.0	0.14052797506207582
2023-08-01	1.0	1.8914292246965545
2023-08-01	0.0	0.0012485148539676336
2023-08-01	0.0	0.1515692616397732
2023-08-01	8.0	5.476443611230078
2023-08-01	0.0	0.046415594968578215
2023-08-01	1.0	2.3784608562488883
2023-08-01	0.0	0.007159018166000947
2023-08-01	0.0	0.011004759315767632
2023-08-01	1.0	1.625512121413042
2023-08-01	2.0	1.7603580809682557
2023-08-01	1.0	2.3033208655804884
2023-08-01	37.0	31.138738560768893
2023-08-01	2.0	3.1072687032147472
2023-08-01	0.0	0.4422964229343391
2023-08-01	0.0	0.6669671838044138
2023-08-01	1.0	5.261442622585424
2023-08-01	1.0	2.5143008207214734
2023-08-01	0.0	0.328129109122442
2023-08-01	0.0	0.48660242150614436
2023-08-01	1.0	0.07332627282635695
2023-08-01	3.0	4.631121101558105
2023-08-01	2.0	0.6110065740598611
2023-08-01	0.0	0.0012489208926773658
2023-08-01	0.0	0.4045198797055718
2023-08-01	0.0	0.08028567278628154
2023-08-01	0.0	0.006242945685918108
2023-08-01	0.0	0.25971863478342705
2023-08-01	0.0	0.3533725876788005
2023-08-01	1.0	2.221781182860933
2023-08-01	0.0	0.031203483329054187
2023-08-01	0.0	0.006713347021227317
2023-08-01	3.0	2.475095593109075
2023-08-01	0.0	0.05224680749969972
2023-08-01	1.0	2.5907707482940285
2023-08-01	0.0	0.002191910557208428
2023-08-01	0.0	0.3189715434659297
2023-08-01	8.0	8.14451550518549
2023-08-01	5.0	2.5938752603765542
2023-08-01	1.0	2.61241130533821
2023-08-01	5.0	8.362354237693904
2023-08-01	0.0	0.3278098012654245
2023-08-01	0.0	0.14659969729027925
2023-08-01	1.0	0.013934997693943456
2023-08-01	0.0	0.6067538973201247
2023-08-01	0.0	0.06912546809737419
2023-08-01	4.0	5.026432333934902
2023-08-01	24.0	14.743862539026072
2023-08-01	2.0	3.7859956533995884
2023-08-01	0.0	0.11750768161072869
2023-08-01	0.0	1.1407005026816788
2023-08-01	10.0	4.784148687321482
2023-08-01	11.0	8.148529511241113
2023-08-01	0.0	0.028398534279522818
2023-08-01	2.0	2.302498447750366
2023-08-01	0.0	0.014424505355426071
2023-08-01	0.0	0.008442444845239209
2023-08-01	17.0	23.19393146999185
2023-08-01	0.0	0.17861937182683613
2023-08-01	1.0	2.368700622613522
2023-08-01	0.0	0.017367636500645843
2023-08-01	24.0	28.364893667631733
2023-08-01	10.0	4.709307945832245
2023-08-01	29.0	21.90339307426109
2023-08-01	0.0	0.0012485148539676336
2023-08-01	0.0	0.12716954987990356
2023-08-01	0.0	0.15984320264913787
2023-08-01	6.0	3.875627046855322
2023-08-01	0.0	0.04458292128785732
2023-08-01	1.0	2.058238825153818
2023-08-01	37.0	25.486488396672808
2023-08-01	0.0	0.05569100969980458
2023-08-01	1.0	3.0677482521999186
2023-08-01	1.0	4.9738168933659725
2023-08-01	0.0	0.8325362381304113
2023-08-01	1.0	0.08155026080735232
2023-08-01	1.0	2.9689685626904807
2023-08-01	2.0	2.2911991732508215
2023-08-01	2.0	1.8134216819913502
2023-08-01	0.0	0.0023503640860032013
2023-08-01	1.0	1.3768803178857418
2023-08-01	0.0	0.0012201432934390009
2023-08-01	0.0	2.8355295323440086
2023-08-01	0.0	0.009335538551971253
2023-08-01	0.0	0.023704784093287315
2023-08-01	2.0	0.037764835350242054
2023-08-01	0.0	0.004550081611037235
2023-08-01	0.0	0.004055178764279513
2023-08-01	0.0	0.004344535174817818
2023-08-01	0.0	0.0012489208926773658
2023-08-01	0.0	0.0293533023575728
2023-08-01	1.0	0.002845553216884801
2023-08-01	0.0	0.008041503041797097
2023-08-01	0.0	0.001598449431108872
2023-08-01	0.0	0.0037615786951006873
2023-08-01	0.0	0.00993280583724957
2023-08-01	9.0	4.2568783114139865
2023-08-01	0.0	0.1513751134028482
2023-08-01	25.0	31.162201423550826
2023-08-01	0.0	0.12869269641028644
2023-08-01	8.0	3.440161095866398
2023-08-01	11.0	2.9434732856750045
2023-08-01	0.0	0.17069193278844547
2023-08-01	0.0	0.08294144996094681
2023-08-01	4.0	3.751021288240183
2023-08-01	2.0	3.4414244562894654
2023-08-01	0.0	0.06171400951368973
2023-08-01	0.0	0.012387755516774422
2023-08-01	0.0	0.11572114237683094
2023-08-01	0.0	0.3782619628855588
2023-08-01	0.0	0.10428413093780892
2023-08-01	28.0	32.185309331407815
2023-08-01	0.0	0.007672039527104948
2023-08-01	0.0	0.04114339593548548
2023-08-01	0.0	0.07200243833441873
2023-08-01	2.0	3.9092923368528014
2023-08-01	0.0	0.013212428538974055
2023-08-01	1.0	2.563300862874943
2023-08-01	3.0	9.855164856544286
2023-08-01	1.0	1.5729759089970194
2023-08-01	9.0	2.413056812029191
2023-08-01	2.0	2.491713523400122
2023-08-01	1.0	2.877054497561932
2023-08-01	0.0	0.12265454965660866
2023-08-01	0.0	0.009898314461218596
2023-08-01	0.0	0.0012489208926773658
2023-08-01	0.0	0.04432905712246985
2023-08-01	37.5	35.43469958265746
2023-08-01	2.0	4.366924387820941
2023-08-01	0.0	0.005142898651745606
2023-08-01	2.0	4.079572749220405
2023-08-01	5.0	10.102617068987417
2023-08-01	1.0	2.7334130553922114
2023-08-01	8.0	4.361222646178195
2023-08-01	7.0	6.945047710623153
2023-08-01	2.0	4.892756172271566
2023-08-01	1.0	3.5056837581626814
2023-08-01	1.0	2.7770700280946823
2023-08-01	2.0	3.8089610236993314
2023-08-01	0.0	0.0017463890520607686
2023-08-01	3.0	1.5989329792990274
2023-08-01	1.0	6.434970175618306
2023-08-01	3.0	4.104352125467459
2023-08-01	2.0	2.205065896778836
2023-08-01	1.0	0.19994831142414957
2023-08-01	6.0	3.029734417471137
2023-08-01	0.0	0.011407840677430656
2023-08-01	0.0	0.011799585811889265
2023-08-01	9.0	5.820216508954807
2023-08-01	0.0	0.07184834045974008
2023-08-01	2.0	0.24010599280040967
2023-08-01	0.0	0.09769819546801066
2023-08-01	0.0	0.05998786769611533
2023-08-01	0.0	0.004633536672247929
2023-08-01	1.0	2.316678944865167
2023-08-01	2.0	2.7455953470131638
2023-08-01	0.0	0.03270867892107563
2023-08-01	0.0	0.0023235314189087447
2023-08-01	0.0	0.646716214827489
2023-08-01	2.0	3.207633723066838
2023-08-01	0.0	0.03542030391067346
2023-08-01	0.0	0.07221205032461872
2023-08-01	0.0	0.10700715200716343
2023-08-01	0.0	0.07467513414278973
2023-08-01	0.0	0.1997200489562973
2023-08-01	0.0	0.010684130334459878
2023-08-01	35.0	23.63902776414819
2023-08-01	0.0	0.004114038607146895
2023-08-01	0.0	0.0012436915886930848
2023-08-01	1.0	2.59284414385328
2023-08-01	2.0	3.663941971467528
2023-08-01	2.0	4.420405059449405
2023-08-01	0.0	0.004430763721725745
2023-08-01	0.0	0.0015381314015765202
2023-08-01	1.0	3.0517869969245828
2023-08-01	7.0	5.645534640547317
2023-08-01	3.0	2.6969423499233702
2023-08-01	7.0	2.5667677330710728
2023-08-01	1.0	5.390765968040695
2023-08-01	0.0	1.2356844281609378
2023-08-01	20.0	13.68762679786498
2023-08-01	0.0	0.05003358102574429
2023-08-01	0.0	0.16501039777762036
2023-08-01	0.0	0.015274913463091639
2023-08-01	0.0	0.0019661212671099964
2023-08-01	4.0	15.595736025344495
2023-08-01	0.0	0.001985373815846496
2023-08-01	0.0	0.0049279617479103715
2023-08-01	2.0	2.2647642280347404
2023-08-01	0.0	0.19824933964652583
2023-08-01	0.0	0.04850845646658893
2023-08-01	1.0	1.453722225623053
2023-08-01	5.0	6.89171052817381
2023-08-01	0.0	0.3153306661117516
2023-08-01	11.0	4.297764339190281
2023-08-01	0.0	0.019289203925578473
2023-08-01	1.0	4.960148033215261
2023-08-01	0.0	0.15215735024385024
2023-08-01	3.0	1.3772301271488652
2023-08-01	0.0	0.31603574119581684
2023-08-01	0.0	0.23812320454488425
2023-08-01	1.0	2.5167908077598593
2023-08-01	0.0	0.005993216890050477
2023-08-01	1.0	3.3393201472592704
2023-08-01	1.0	6.8512596285706735
2023-08-01	0.0	0.004622240981059964
2023-08-01	0.0	0.25613226764358193
2023-08-01	2.0	1.5841398969171565
2023-08-01	0.0	0.08805942147951437
2023-08-01	2.0	1.5317345678254974
2023-08-01	0.0	0.2390340826189589
2023-08-01	1.0	2.559478278464642
2023-08-01	0.0	0.0015333627830555335
2023-08-01	6.0	7.633861546078091
2023-08-01	0.0	0.0051030051540917505
2023-08-01	13.0	10.825641063945941
2023-08-01	0.0	0.07575578838157639
2023-08-01	0.0	0.0042394532143294195
2023-08-01	1.0	4.1509406898887855
2023-08-01	0.0	0.21405700458685803
2023-08-01	1.0	2.0926528187051208
2023-08-01	37.5	37.29580692197149
2023-08-01	18.0	29.216801395594914
2023-08-01	7.0	6.228805599090926
2023-08-01	31.0	36.3091251917115
2023-08-01	0.0	0.113779109955579
2023-08-01	0.0	0.006500759788483037
2023-08-01	1.0	2.847117453914053
2023-08-01	0.0	0.05544266867642618
2023-08-01	0.0	0.0028266003377435023
2023-08-01	1.0	5.699818936731946
2023-08-01	25.0	33.35442815698811
2023-08-01	1.0	2.223185899662483
2023-08-01	2.0	3.8454147563713392
2023-08-01	0.0	0.0012485148539676336
2023-08-01	3.0	2.1986423136808533
2023-08-01	0.0	0.00709011835966435
2023-08-01	12.0	6.459866100466363
2023-08-01	0.0	4.283881554834236
2023-08-01	0.0	0.7238695420342282
2023-08-01	1.0	4.26316352945672
2023-08-01	0.0	0.0032787902328504717
2023-08-01	3.0	12.04048503541944
2023-08-01	1.0	3.4343560543608285
2023-08-01	0.0	0.015454752319285364
2023-08-01	0.0	0.014484305363041617
2023-08-01	26.0	26.71093009002709
2023-08-01	1.0	4.942194547224246
2023-08-01	0.0	0.1062384867647349
2023-08-01	0.0	0.0037312804585681856
2023-08-01	0.0	0.00126399947131692
2023-08-01	1.0	2.022113652270873
2023-08-01	1.0	1.9300911844391107
2023-08-01	13.0	13.500972769151051
2023-08-01	0.0	0.182812846004212
2023-08-01	0.0	0.0012260776854605315
2023-08-01	0.0	0.002992224221092148
2023-08-01	1.0	1.5144034725320903
2023-08-01	0.0	0.05144629577258506
2023-08-01	0.0	0.0037178711083936606
2023-08-01	0.0	0.013833127421220816
2023-08-01	0.0	0.017716769577480813
2023-08-01	0.0	5.859369740962963
2023-08-01	0.0	0.00262547590175675
2023-08-01	3.0	5.33777135284363
2023-08-01	0.0	0.017334088717290082
2023-08-01	0.0	0.3081619739709756
2023-08-01	0.0	0.20514494212388956
2023-08-01	1.0	3.268628690984876
2023-08-01	0.0	0.027810909987395036
2023-08-01	2.0	2.173576555616212
2023-08-01	0.0	0.06312262376255803
2023-08-01	0.0	0.15264870299147348
2023-08-01	0.0	0.03658297926694021
2023-08-01	0.0	0.0012489208926773658
2023-08-01	0.0	0.004748130866618534
2023-08-01	3.0	7.484336731218074
2023-08-01	0.0	0.004772865946181012
2023-08-01	0.0	0.2660194343370778
2023-08-01	2.0	2.360379235479275
2023-08-01	1.0	2.2894169250744665
2023-08-01	3.0	5.62425684380218
2023-08-01	0.0	0.09592024945002481
2023-08-01	3.0	2.9066095658785853
2023-08-01	0.0	0.0012732631437534136
2023-08-01	0.0	0.02159910298684071
2023-08-01	0.0	0.1095589745772394
2023-08-01	0.0	0.0015786022647720057
2023-08-01	4.0	3.278616512958909
2023-08-01	0.0	0.012021840338833443
2023-08-01	37.5	35.380102843867846
2023-08-01	0.0	0.1004401412633276
2023-08-01	0.0	0.016062831522940593
2023-08-01	18.0	30.627294548962762
2023-08-01	0.0	0.6307323412660302
2023-08-01	0.0	0.010337325554099677
2023-08-01	0.0	0.1340387858454727
2023-08-01	0.0	0.026090631511913466
2023-08-01	0.0	0.02017819287331728
2023-08-01	0.0	0.011765750842675173
2023-08-01	0.0	0.004580679527351527
2023-08-01	0.0	0.01950753546765078
2023-08-01	10.0	34.60873172428376
2023-08-01	0.0	0.22312184522629416
2023-08-01	1.0	2.601925378268969
2023-08-01	1.0	1.2103441955189216
2023-08-01	2.0	1.290660989277184
2023-08-01	0.0	0.010718001582897069
2023-08-01	0.0	0.08260329489991335
2023-08-01	1.0	3.4903735953933346
2023-08-01	0.0	0.1737526188816792
2023-08-01	3.0	4.574220593774402
2023-08-01	37.5	37.11607942919389
2023-08-01	0.0	0.008430750123542831
2023-08-01	1.0	2.660704552969879
2023-08-01	0.0	0.010276209064745754
2023-08-01	0.0	0.36926543407163726
2023-08-01	2.0	2.818464571107405
2023-08-01	0.0	0.018735444974399156
2023-08-01	3.0	3.5143076135853817
2023-08-01	0.0	0.001952818058388414
2023-08-01	4.0	5.1116543946420325
2023-08-01	5.0	5.539761480623897
2023-08-01	4.0	4.101858917418445
2023-08-01	0.0	0.1385555490881333
2023-08-01	2.0	4.296620026777054
2023-08-01	0.0	0.1471259506463667
2023-08-01	0.0	0.20024662633907847
2023-08-01	6.0	6.235568291526736
2023-08-01	0.0	0.0012485148539676336
2023-08-01	0.0	0.002191910557208428
2023-08-01	0.0	0.30896765389546627
2023-08-01	0.0	0.19322680567443584
2023-08-01	1.0	3.418041196468591
2023-08-01	20.0	29.005488225252442
2023-08-01	2.0	4.3128148543617355
2023-08-01	9.0	4.328311144970378
2023-08-01	0.0	0.0031895156287822767
2023-08-01	2.0	4.906529345091848
2023-08-01	0.0	0.038546961245305794
2023-08-01	0.0	0.09765303422740021
2023-08-01	33.0	31.954733397925306
2023-08-01	2.0	3.9811300787553465
2023-08-01	1.0	2.2295588078283544
2023-08-01	0.0	0.010825994415670994
2023-08-01	9.0	11.576858589313721
2023-08-01	0.0	0.08662285212263698
2023-09-01	2.0	4.346834566892005
2023-09-01	0.0	0.014585935382947978
2023-09-01	0.0	0.025291382825949494
2023-09-01	0.0	0.02661746931972074
2023-09-01	0.0	0.07040469611289768
2023-09-01	0.0	2.825059205066243
2023-09-01	37.5	36.16592326500933
2023-09-01	3.0	2.2802204586543535
2023-09-01	3.0	2.9770645679032657
2023-09-01	21.0	3.3261117165703484
2023-09-01	0.0	0.21550987656926332
2023-09-01	3.0	6.595089160392677
2023-09-01	0.0	0.006308954770238272
2023-09-01	2.0	7.0920870507333955
2023-09-01	8.0	8.18893962170349
2023-09-01	1.0	3.5320753581489686
2023-09-01	3.0	3.247909721324318
2023-09-01	0.0	0.003987774993877625
2023-09-01	0.0	0.007217566065663816
2023-09-01	0.0	0.005962404242287054
2023-09-01	0.0	0.02834686381359049
2023-09-01	0.0	0.030389615231534897
2023-09-01	0.0	0.007041038820131407
2023-09-01	1.0	3.267332864559963
2023-09-01	0.0	0.02353372176170926
2023-09-01	0.0	0.014494866028136608
2023-09-01	0.0	0.023947774822945772
2023-09-01	0.0	0.2754151857549858
2023-09-01	0.0	0.056624731633492555
2023-09-01	0.0	0.1519927157441678
2023-09-01	1.0	6.396327189199578
2023-09-01	10.0	11.361304171853124
2023-09-01	4.0	4.48270951479703
2023-09-01	1.0	2.9107815291594217
2023-09-01	0.0	0.12575596366432878
2023-09-01	0.0	0.1043906815194857
2023-09-01	20.0	20.06688426919939
2023-09-01	1.0	1.7279700732061265
2023-09-01	4.0	4.051625455291291
2023-09-01	1.0	2.4783497172620064
2023-09-01	0.0	0.43343744466861056
2023-09-01	0.0	0.00609676061257588
2023-09-01	0.0	0.038942517768544814
2023-09-01	0.0	0.5032938311856525
2023-09-01	1.0	2.1940706089767064
2023-09-01	0.0	0.0818684683348294
2023-09-01	0.0	0.01621448404796299
2023-09-01	1.0	2.8738964788819494
2023-09-01	0.0	0.20398549314024644
2023-09-01	11.0	6.675324628521267
2023-09-01	0.0	0.2747406458031199
2023-09-01	0.0	0.013949911787039705
2023-09-01	2.0	1.7042402375160324
2023-09-01	0.0	0.028567949076089255
2023-09-01	0.0	0.3362433615966051
2023-09-01	0.0	0.3078716196495278
2023-09-01	0.0	0.147851705775687
2023-09-01	0.0	0.027245555300204283
2023-09-01	7.0	9.100818961749512
2023-09-01	1.0	2.5535454927765615
2023-09-01	0.0	0.0014993713377822915
2023-09-01	0.0	0.008467774562169177
2023-09-01	0.0	0.023316722059644655
2023-09-01	0.0	0.08004637851440713
2023-09-01	0.0	0.14581968937158685
2023-09-01	0.0	0.004109882594743013
2023-09-01	0.0	0.005667558143674988
2023-09-01	2.0	3.6703626451803286
2023-09-01	0.0	0.337777600863429
2023-09-01	0.0	0.013316733665954504
2023-09-01	0.0	0.1935701252120099
2023-09-01	0.0	0.0098675945362902
2023-09-01	0.0	0.023673117722617203
2023-09-01	1.0	1.5386790111862565
2023-09-01	0.0	0.013048097708144562
2023-09-01	0.0	0.021711784570406296
2023-09-01	0.0	0.12975990563001116
2023-09-01	4.0	3.7676061099668656
2023-09-01	1.0	1.9033665821337244
2023-09-01	4.0	6.8696049108112245
2023-09-01	37.0	25.719884014605764
2023-09-01	2.0	4.016335332172375
2023-09-01	3.0	7.118424351435813
2023-09-01	0.0	0.08047320487700374
2023-09-01	0.0	0.14323914094682175
2023-09-01	0.0	0.009541910433165351
2023-09-01	0.0	0.015916342463104298
2023-09-01	0.0	0.39051619189697545
2023-09-01	1.0	4.340925917143244
2023-09-01	0.0	0.002619046631279924
2023-09-01	0.0	0.02690416479486826
2023-09-01	0.0	0.01065097356840616
2023-09-01	1.0	2.3325086291813983
2023-09-01	0.0	0.02810361262388321
2023-09-01	11.0	11.257837341369383
2023-09-01	0.0	0.009674344791119689
2023-09-01	1.0	3.994661855910121
2023-09-01	0.0	0.20180706381918145
2023-09-01	1.0	2.4263262730202837
2023-09-01	2.0	7.14352790689269
2023-09-01	0.0	0.004717813302607348
2023-09-01	0.0	0.0028086185322070867
2023-09-01	1.0	2.511545852449712
2023-09-01	0.0	0.0023544315181432147
2023-09-01	0.0	0.019140642049003915
2023-09-01	0.0	0.2551911197799424
2023-09-01	2.0	4.883141895363902
2023-09-01	0.0	0.09671001063234408
2023-09-01	0.0	0.10654201468904535
2023-09-01	0.0	0.12118222563494185
2023-09-01	3.0	4.783663711150392
2023-09-01	0.0	0.0909425219605731
2023-09-01	0.0	0.05635698432955602
2023-09-01	0.0	0.09326995349735687
2023-09-01	0.0	0.020087961238742458
2023-09-01	2.0	2.6293342827680073
2023-09-01	1.0	1.944220431840964
2023-09-01	2.0	2.319100469855829
2023-09-01	0.0	0.09283781317497669
2023-09-01	0.0	0.03439621227272331
2023-09-01	8.0	3.025673707581523
2023-09-01	0.0	0.06167778748021069
2023-09-01	0.0	0.0023544315181432147
2023-09-01	7.0	7.099500676569876
2023-09-01	11.0	8.702423989025064
2023-09-01	0.0	0.601878707276386
2023-09-01	0.0	0.08865675247532864
2023-09-01	37.5	37.44850429810118
2023-09-01	0.0	0.5243678920969965
2023-09-01	2.0	3.0148048208971123
2023-09-01	0.0	0.10087944370908214
2023-09-01	1.0	4.150544950004412
2023-09-01	0.0	0.10158995787176428
2023-09-01	2.0	3.5272817172070097
2023-09-01	0.0	0.041612963077232466
2023-09-01	0.0	0.041828949147648606
2023-09-01	6.0	6.579230550263477
2023-09-01	1.0	4.362395610501722
2023-09-01	0.0	0.06451093184671239
2023-09-01	1.0	3.523882473561241
2023-09-01	0.0	0.09371012576063124
2023-09-01	0.0	0.02034434777436352
2023-09-01	0.0	0.03116163549276595
2023-09-01	0.0	0.060714837063301566
2023-09-01	0.0	0.22476385160056445
2023-09-01	0.0	0.002445777415954863
2023-09-01	0.0	0.010496989233934481
2023-09-01	0.0	0.40542448486321986
2023-09-01	0.0	0.0038291155323837557
2023-09-01	5.0	10.536324279441601
2023-09-01	0.0	0.07099988537650137
2023-09-01	0.0	0.03798384285509135
2023-09-01	0.0	0.005991833481235431
2023-09-01	18.0	10.88325003750115
2023-09-01	4.0	3.32997167450348
2023-09-01	0.0	0.06144505813115433
2023-09-01	3.0	3.5237569366378723
2023-09-01	4.0	5.873182492237543
2023-09-01	0.0	0.42078882976639626
2023-09-01	8.0	28.317241017293803
2023-09-01	0.0	0.12663574601856872
2023-09-01	0.0	0.34275604977978796
2023-09-01	25.0	29.031458852864517
2023-09-01	1.0	1.8423996128739337
2023-09-01	0.0	0.09383121778306655
2023-09-01	2.0	5.504764002423814
2023-09-01	1.0	2.0533334094235873
2023-09-01	0.0	0.16448511906417057
2023-09-01	27.0	29.328693164696006
2023-09-01	1.0	6.094751306302033
2023-09-01	0.0	0.03949973053659254
2023-09-01	0.0	0.0052373047220477635
2023-09-01	0.0	0.06259995683684841
2023-09-01	0.0	0.009462185856859463
2023-09-01	0.0	0.014954858422096136
2023-09-01	6.0	6.5344263366653905
2023-09-01	0.0	0.024018887791128953
2023-09-01	7.0	3.918466079736377
2023-09-01	0.0	0.07701637764812676
2023-09-01	0.0	0.05063271640822844
2023-09-01	0.0	0.0036752093230048204
2023-09-01	5.0	9.917828248335077
2023-09-01	1.0	3.393258224489739
2023-09-01	0.0	0.005667558143674988
2023-09-01	1.0	2.0670713678354122
2023-09-01	2.0	6.813880329303657
2023-09-01	0.0	0.0780264395185272
2023-09-01	6.0	1.8808813753427207
2023-09-01	0.0	0.03490481095812972
2023-09-01	0.0	0.003965340897684493
2023-09-01	5.0	1.6786953888290703
2023-09-01	0.0	0.0016062787982669892
2023-09-01	0.0	0.09111460032882529
2023-09-01	0.0	0.007865162396608049
2023-09-01	0.0	0.01008230274701393
2023-09-01	2.0	2.5896775746523546
2023-09-01	2.0	5.5683513022114886
2023-09-01	0.0	0.02132504857837166
2023-09-01	0.0	0.007394467524908288
2023-09-01	1.0	4.834249572204691
2023-09-01	0.0	0.005945383821471408
2023-09-01	1.0	1.797870472962602
2023-09-01	2.0	2.8758785993038254
2023-09-01	0.0	0.01094739281144747
2023-09-01	0.0	0.008160819198285126
2023-09-01	1.0	3.0725529350353793
2023-09-01	0.0	0.021482061894493438
2023-09-01	0.0	0.11351262842672875
2023-09-01	0.0	0.7545237901494545
2023-09-01	2.0	3.1440647167469216
2023-09-01	0.0	0.009674344791119689
2023-09-01	0.0	0.6739795365697758
2023-09-01	0.0	0.053647060710698274
2023-09-01	0.0	0.010735871453221284
2023-09-01	5.0	4.876386692284548
2023-09-01	0.0	0.05022436086186416
2023-09-01	0.0	0.08591401992367978
2023-09-01	2.0	2.6356151021294547
2023-09-01	2.0	2.942663379673312
2023-09-01	1.0	3.2530433650833404
2023-09-01	0.0	0.2819084920020979
2023-09-01	0.0	0.0995678407729519
2023-09-01	2.0	6.20138852615521
2023-09-01	0.0	0.07087705533670141
2023-09-01	6.0	6.231789587799747
2023-09-01	0.0	0.0016058727595572569
2023-09-01	17.0	36.20528469073275
2023-09-01	0.0	0.4480593169025473
2023-09-01	3.0	5.134601569697219
2023-09-01	8.0	7.180990144709744
2023-09-01	1.0	2.6391565926791123
2023-09-01	0.0	0.010625362755463615
2023-09-01	1.0	2.0618830396831527
2023-09-01	9.0	19.013432348278002
2023-09-01	3.0	3.4793770430549347
2023-09-01	0.0	0.21336563911608336
2023-09-01	0.0	0.14003638563805282
2023-09-01	0.0	0.21768571975620482
2023-09-01	2.0	6.692176461791908
2023-09-01	1.0	2.965433142858622
2023-09-01	2.0	3.021560488427329
2023-09-01	0.0	0.012759041627591065
2023-09-01	0.0	0.0019392559833597473
2023-09-01	1.0	4.062120760309834
2023-09-01	0.0	0.007255772112290894
2023-09-01	5.0	3.762031165906154
2023-09-01	3.0	5.022727174797502
2023-09-01	0.0	0.031960046529487494
2023-09-01	2.0	2.218557433263129
2023-09-01	1.0	4.9926153928792365
2023-09-01	0.0	0.0948518971496255
2023-09-01	0.0	0.019823327730400082
2023-09-01	0.0	0.1793833647460003
2023-09-01	0.0	0.005657380126057735
2023-09-01	1.0	2.2605146223292665
2023-09-01	0.0	0.01526576375233258
2023-09-01	1.0	3.0823713589146307
2023-09-01	0.0	0.16433565204099182
2023-09-01	2.0	1.779130124126588
2023-09-01	0.0	0.39167097747257673
2023-09-01	3.0	2.8103243650500125
2023-09-01	0.0	0.027204220791518893
2023-09-01	1.0	2.0865700691291793
2023-09-01	1.0	1.8456637410078893
2023-09-01	0.0	0.010903744670469237
2023-09-01	0.0	1.19417060225497
2023-09-01	0.0	0.03369359210528871
2023-09-01	1.0	7.946699954012279
2023-09-01	0.0	0.01885875906359427
2023-09-01	37.5	38.00070417915513
2023-09-01	0.0	0.0017387106804239664
2023-09-01	0.0	0.04026611754752121
2023-09-01	0.0	0.005165124271011127
2023-09-01	0.0	0.15048332276891402
2023-09-01	0.0	0.00768098737115256
2023-09-01	0.0	0.03436838637459137
2023-09-01	0.0	0.9039770761863244
2023-09-01	4.0	3.7536087781683882
2023-09-01	0.0	0.004022337914724499
2023-09-01	0.0	0.5299191968162285
2023-09-01	0.0	0.01212815912642384
2023-09-01	0.0	0.02089870409554133
2023-09-01	11.0	15.940121085026245
2023-09-01	5.0	9.712186773600022
2023-09-01	24.0	19.857697345076588
2023-09-01	0.0	0.009159850148303235
2023-09-01	0.0	0.06688052695309021
2023-09-01	1.0	3.345067407798464
2023-09-01	1.0	5.577040937150972
2023-09-01	24.0	26.81947559069927
2023-09-01	1.0	2.103326654697454
2023-09-01	1.0	1.71848222863069
2023-09-01	1.0	2.8005859922026612
2023-09-01	2.0	2.6647979621567845
2023-09-01	1.0	2.6356373501851045
2023-09-01	0.0	1.0094811054047506
2023-09-01	1.0	1.7166581907261955
2023-09-01	0.0	0.0016062787982669892
2023-09-01	37.5	37.13120934104909
2023-09-01	0.0	0.059240013995407
2023-09-01	0.0	0.008388853350738776
2023-09-01	0.0	0.324731376081565
2023-09-01	0.0	0.006371451005304663
2023-09-01	1.0	2.774593954046211
2023-09-01	1.0	0.010502378593504842
2023-09-01	9.0	4.5456542696708695
2023-09-01	18.0	11.417443003563239
2023-09-01	0.0	3.151419951623103
2023-09-01	0.0	0.004796644711125779
2023-09-01	0.0	0.0982146066676686
2023-09-01	0.0	2.6001455437128107
2023-09-01	27.0	21.494302604002794
2023-09-01	9.0	19.86780410021429
2023-09-01	0.0	0.023147460397362193
2023-09-01	14.0	9.82036423704726
2023-09-01	0.0	0.0815530681000438
2023-09-01	6.0	3.084951426306308
2023-09-01	0.0	0.5469677892162227
2023-09-01	0.0	1.429078302412877
2023-09-01	0.0	0.044704531637312944
2023-09-01	1.0	1.8205264780976116
2023-09-01	0.0	0.03211033858687245
2023-09-01	7.0	1.8901883510947646
2023-09-01	4.0	6.8485247448159985
2023-09-01	4.0	2.658901741402136
2023-09-01	0.0	0.06631169711576639
2023-09-01	3.0	1.8363711907102631
2023-09-01	3.0	1.836851904756202
2023-09-01	3.0	2.8524337002691724
2023-09-01	0.0	0.5808439900674287
2023-09-01	10.0	4.956059188154301
2023-09-01	0.0	0.018418817705596863
2023-09-01	4.0	2.9679862331980402
2023-09-01	3.0	5.607367341114996
2023-09-01	0.0	0.18359239952984088
2023-09-01	1.0	4.140794115900954
2023-09-01	0.0	0.25618923328513643
2023-09-01	0.0	0.03756251471319981
2023-09-01	1.0	5.4725378836266305
2023-09-01	0.0	0.43317591528946486
2023-09-01	0.0	0.3144754709390509
2023-09-01	10.0	9.358157002661198
2023-09-01	0.0	0.025445953575344
2023-09-01	1.0	2.10754624779536
2023-09-01	0.0	0.21762049818802853
2023-09-01	0.0	0.008283560596074114
2023-09-01	0.0	0.010839093088255335
2023-09-01	0.0	0.08359170213372288
2023-09-01	0.0	0.471218430522621
2023-09-01	0.0	0.051416953355003306
2023-09-01	3.0	3.221854892620806
2023-09-01	18.0	21.543177727185565
2023-09-01	0.0	0.004268184608991291
2023-09-01	31.0	18.12209371944794
2023-09-01	3.0	8.127696156627874
2023-09-01	0.0	0.13231132177996935
2023-09-01	0.0	0.006055285771290064
2023-09-01	0.0	0.3934009852282614
2023-09-01	0.0	0.20346665421154633
2023-09-01	22.0	27.769394697661912
2023-09-01	0.0	0.010855162320857922
2023-09-01	17.0	21.753625248071657
2023-09-01	1.0	1.721465805083228
2023-09-01	5.0	8.429345484725932
2023-09-01	1.0	6.261616444280096
2023-09-01	0.0	1.5399883878874547
2023-09-01	0.0	0.010367604500871465
2023-09-01	1.0	3.1712925445318194
2023-09-01	0.0	0.052235324026497054
2023-09-01	0.0	0.8645680773640867
2023-09-01	10.0	2.8549477846787834
2023-09-01	0.0	0.00799471916152128
2023-09-01	0.0	0.11353947271267403
2023-09-01	0.0	0.17750167523314642
2023-09-01	4.0	2.480725085530925
2023-09-01	0.0	0.010036662168998334
2023-09-01	0.0	0.051725789913307334
2023-09-01	0.0	0.5648525332624561
2023-09-01	0.0	0.2242984403457074
2023-09-01	1.0	1.2523414286436554
2023-09-01	1.0	2.1618534795455338
2023-09-01	1.0	2.1525553638234536
2023-09-01	0.0	0.39261047474399136
2023-09-01	37.5	28.246247622925544
2023-09-01	0.0	0.011910828328709065
2023-09-01	0.0	0.00916370348036152
2023-09-01	0.0	0.05760772132949691
2023-09-01	2.0	3.119247599159755
2023-09-01	0.0	0.4249050814369787
2023-09-01	0.0	0.012556207303135251
2023-09-01	1.0	2.4142648052066344
2023-09-01	0.0	0.6437227951439277
2023-09-01	0.0	0.013768686923174515
2023-09-01	12.0	8.049389679008396
2023-09-01	0.0	0.3399682756274117
2023-09-01	0.0	0.30987742012578046
2023-09-01	0.0	0.01212815912642384
2023-09-01	2.0	0.011867707478789492
2023-09-01	0.0	0.0016058727595572569
2023-09-01	6.0	8.417500368826605
2023-09-01	0.0	0.03681540027867623
2023-09-01	0.0	0.02091904666623414
2023-09-01	0.0	0.004111693911871377
2023-09-01	0.0	0.009543751729437519
2023-09-01	0.0	0.4395815656175528
2023-09-01	1.0	2.2726158244344177
2023-09-01	0.0	0.09486182677687888
2023-09-01	2.0	7.026059452741847
2023-09-01	0.0	0.11535264128947455
2023-09-01	3.0	2.3140758227026392
2023-09-01	2.0	3.470434993954537
2023-09-01	0.0	0.05316045379338286
2023-09-01	0.0	0.05086059509668726
2023-09-01	0.0	0.7687097295309056
2023-09-01	4.0	2.4277988725064943
2023-09-01	0.0	0.01105325595822415
2023-09-01	3.0	2.625360243333424
2023-09-01	0.0	0.004306151165484163
2023-09-01	0.0	0.004385446306248818
2023-09-01	0.0	0.0016062787982669892
2023-09-01	5.0	5.87693514734845
2023-09-01	3.0	2.2803168092800883
2023-09-01	0.0	0.4512625064313528
2023-09-01	0.0	0.3766300239159679
2023-09-01	2.0	2.834763770742872
2023-09-01	37.5	27.025745395173576
2023-09-01	0.0	0.030723393482665853
2023-09-01	0.0	0.24808707989040646
2023-09-01	0.0	0.1525984106309652
2023-09-01	0.0	0.3910899361361664
2023-09-01	0.0	0.004974480734187218
2023-09-01	0.0	0.033775076448534905
2023-09-01	0.0	0.010068731751419162
2023-09-01	0.0	0.03280299259848943
2023-09-01	1.0	2.0910846329693693
2023-09-01	0.0	0.1409371100042275
2023-09-01	0.0	0.009774237918779082
2023-09-01	0.0	0.014585935382947978
2023-09-01	0.0	0.005816317648241757
2023-09-01	7.0	2.9868469244486473
2023-09-01	0.0	0.0016062787982669892
2023-09-01	0.0	0.007962743167333563
2023-09-01	10.0	4.407709298756758
2023-09-01	0.0	0.1705878458624438
2023-09-01	0.0	0.019551400191834874
2023-09-01	2.0	5.356970323785602
2023-09-01	0.0	0.006233472397568803
2023-09-01	0.0	0.003368979312734198
2023-09-01	1.0	2.4992700446602347
2023-09-01	2.0	4.799537315584153
2023-09-01	6.0	6.929659399172858
2023-09-01	33.0	34.42950392815991
2023-09-01	1.0	2.5786789171419664
2023-09-01	37.5	35.40972894796349
2023-09-01	9.0	5.858160264963592
2023-09-01	19.0	14.452952363545315
2023-09-01	0.0	0.009674344791119689
2023-09-01	0.0	0.011239673957594539
2023-09-01	4.0	27.191961446624315
2023-09-01	0.0	0.011077820406727414
2023-09-01	0.0	0.09625624784696948
2023-09-01	0.0	0.06165580127080077
2023-09-01	0.0	0.08475817755879615
2023-09-01	0.0	0.03151967243436119
2023-09-01	0.0	0.26860384161455414
2023-09-01	1.0	1.7209751725862588
2023-09-01	6.0	3.1737136687138934
2023-09-01	1.0	6.157365783023969
2023-09-01	0.0	0.08005566826077058
2023-09-01	0.0	0.012496034592107772
2023-09-01	0.0	0.0016058727595572569
2023-09-01	1.0	2.1452603560084094
2023-09-01	0.0	0.016467263168254857
2023-09-01	0.0	0.059291433835905794
2023-09-01	0.0	1.4948426857582002
2023-09-01	0.0	0.08217237231831609
2023-09-01	3.0	5.470314242575575
2023-09-01	0.0	0.008971113564589564
2023-09-01	27.0	13.60577613316072
2023-09-01	0.0	0.050469139100887406
2023-09-01	0.0	0.023856600841529716
2023-09-01	27.0	27.568027150091993
2023-09-01	1.0	3.836095498202562
2023-09-01	0.0	1.060731109848417
2023-09-01	1.0	1.8662317875978296
2023-09-01	0.0	0.0016062787982669892
2023-09-01	0.0	0.009548422301804672
2023-09-01	5.0	6.761926153699318
2023-09-01	6.0	9.89422738282903
2023-09-01	30.0	33.21280321053824
2023-09-01	4.0	5.120978785513558
2023-09-01	4.0	9.059097642074853
2023-09-01	0.0	0.004748569844179192
2023-09-01	0.0	0.05725061576878025
2023-09-01	2.0	2.2833058622558022
2023-09-01	3.0	3.8369480027832177
2023-09-01	0.0	0.032858202548822546
2023-09-01	1.0	1.8496215832541099
2023-09-01	0.0	0.10759476214166322
2023-09-01	3.0	1.9421024381500935
2023-09-01	2.0	2.6265418283347146
2023-09-01	0.0	0.1370430347914962
2023-09-01	0.0	0.05153476735034809
2023-09-01	0.0	0.05720741578618143
2023-09-01	1.0	3.5213599520241554
2023-09-01	24.0	11.508001105905143
2023-09-01	4.0	4.187432729573978
2023-09-01	1.0	2.0484483000874754
2023-09-01	1.0	3.285010644904019
2023-09-01	0.0	0.20886443364297336
2023-09-01	1.0	4.797188574378505
2023-09-01	1.0	1.6627661189808514
2023-09-01	15.0	23.459031350537302
2023-09-01	0.0	0.053817986526656494
2023-09-01	37.5	36.84253559932681
2023-09-01	37.5	25.50812534285913
2023-09-01	0.0	0.1111336307726232
2023-09-01	1.0	1.942232790351887
2023-09-01	0.0	0.09335350668026764
2023-09-01	0.0	0.010022124480661658
2023-09-01	0.0	0.013184242784255352
2023-09-01	0.0	0.4826029517171335
2023-09-01	0.0	0.1848374686113446
2023-09-01	4.0	5.910493398520016
2023-09-01	0.0	0.29135317877718026
2023-09-01	2.0	26.705937003992318
2023-09-01	1.0	1.8465675422166026
2023-09-01	17.0	18.08298216930663
2023-09-01	0.0	0.054959724795679454
2023-09-01	2.0	1.9348094408001217
2023-09-01	0.0	0.005657380126057735
2023-09-01	0.0	0.14930255508895293
2023-09-01	0.0	0.009718141351447296
2023-09-01	1.0	1.9505062299199931
2023-09-01	3.0	9.93325714664976
2023-09-01	17.0	28.44563389224837
2023-09-01	0.0	0.06120729115763853
2023-09-01	2.0	0.08503348818784165
2023-09-01	0.0	0.09074218449485087
2023-09-01	6.0	5.427723016459254
2023-09-01	0.0	0.004287179554447321
2023-09-01	0.0	0.004378333586871557
2023-09-01	0.0	0.008368449568019022
2023-09-01	15.0	23.257300054531896
2023-09-01	23.0	24.723044033165333
2023-09-01	2.0	2.272475141035606
2023-09-01	0.0	0.010969078154128639
2023-09-01	5.0	2.0388147972604234
2023-09-01	1.0	3.3936375069053772
2023-09-01	12.0	7.238183088537786
2023-09-01	1.0	1.8749035288619744
2023-09-01	0.0	0.005657380126057735
2023-09-01	3.0	5.565017276425718
2023-09-01	1.0	1.6161654967845571
2023-09-01	8.0	6.582198887203534
2023-09-01	0.0	0.03940656551567924
2023-09-01	2.0	2.4288582725716426
2023-09-01	0.0	0.11250451553435406
2023-09-01	0.0	0.00920048775909456
2023-09-01	19.0	24.01336805895998
2023-09-01	0.0	0.0625479463764231
2023-09-01	0.0	0.03940112603395149
2023-09-01	0.0	0.038223324081047616
2023-09-01	0.0	0.02139881760008626
2023-09-01	0.0	2.784803006730107
2023-09-01	0.0	0.28584116672184434
2023-09-01	2.0	3.4285450011509893
2023-09-01	1.0	2.0838059493352388
2023-09-01	1.0	3.009584273602285
2023-09-01	1.0	2.2564073716574744
2023-09-01	3.0	6.311969594881915
2023-09-01	0.0	0.029539895624828023
2023-09-01	0.0	0.008156469806942455
2023-09-01	0.0	0.037619295988395654
2023-09-01	0.0	0.23166597287612342
2023-09-01	4.0	3.8698769794748276
2023-09-01	1.0	1.8379565237910158
2023-09-01	0.0	0.3096177301833214
2023-09-01	0.0	1.400097414290988
2023-09-01	4.0	4.099631178910201
2023-09-01	36.0	34.7999217736699
2023-09-01	0.0	0.8769464742079879
2023-09-01	0.0	1.1880760737547311
2023-09-01	1.0	3.476911617338938
2023-09-01	0.0	0.0789521729249727
2023-09-01	0.0	0.010567295336833767
2023-09-01	1.0	3.8860234826240108
2023-09-01	0.0	0.09921302149527444
2023-09-01	3.0	3.273891110768145
2023-09-01	2.0	9.558319366679964
2023-09-01	4.0	3.597714015794148
2023-09-01	1.0	4.163795474528515
2023-09-01	37.5	37.68680359670245
2023-09-01	0.0	0.08925533447626666
2023-09-01	0.0	0.0016062787982669892
2023-09-01	0.0	0.06607055939203123
2023-09-01	0.0	0.0015578560238575338
2023-09-01	9.0	8.647406500814553
2023-09-01	11.0	5.558848155567798
2023-09-01	2.0	2.464279004308179
2023-09-01	0.0	0.30558380315252787
2023-09-01	0.0	0.0016062787982669892
2023-09-01	1.0	2.2372974225050566
2023-09-01	0.0	0.005657380126057735
2023-09-01	1.0	5.452307975565162
2023-09-01	0.0	0.17438283064952723
2023-09-01	0.0	0.4095300871239959
2023-09-01	2.0	6.5313600340081255
2023-09-01	1.0	7.8656633838162175
2023-09-01	1.0	1.913193456374978
2023-09-01	2.0	2.1558446631785126
2023-09-01	0.0	0.19723977405474186
2023-09-01	0.0	1.011886504684764
2023-09-01	0.0	0.03200530505466723
2023-09-01	0.0	0.05008852205208805
2023-09-01	4.0	4.465366307199689
2023-09-01	0.0	0.0033242559332494846
2023-09-01	0.0	0.3903839205930532
2023-09-01	15.0	8.63026568960812
2023-09-01	0.0	0.18915673549020268
2023-09-01	1.0	0.2194777377620332
2023-09-01	0.0	0.027327427794783345
2023-09-01	0.0	0.47529450441189525
2023-09-01	6.0	6.050222893804663
2023-09-01	1.0	2.0978634485495986
2023-09-01	0.0	0.07849414503773969
2023-09-01	0.0	1.3575764199175353
2023-09-01	10.0	13.433058162269614
2023-09-01	0.0	0.01392760026843065
2023-09-01	0.0	0.0046854874581108465
2023-09-01	1.0	5.488465949468078
2023-09-01	1.0	1.6326307756218936
2023-09-01	0.0	0.1865514253893504
2023-09-01	0.0	0.003913672693454202
2023-09-01	2.0	5.809521590598043
2023-09-01	2.0	1.8518874761381745
2023-09-01	0.0	0.03701167944249692
2023-09-01	0.0	0.056485492595138
2023-09-01	0.0	0.2855531428696989
2023-09-01	37.0	24.2953001289796
2023-09-01	0.0	0.11377249862299826
2023-09-01	0.0	0.021888702539301228
2023-09-01	3.0	7.016794715463368
2023-09-01	0.0	0.0025147032081784017
2023-09-01	0.0	0.12418143441955712
2023-10-01	2.0	3.9336343885171723
2023-10-01	0.0	0.1097205487876787
2023-10-01	0.0	0.06158345894137558
2023-10-01	0.0	0.0032638541863763675
2023-10-01	0.0	0.05900737304079665
2023-10-01	0.0	0.12446337139071982
2023-10-01	2.0	2.86978831577468
2023-10-01	0.0	0.027770420643165122
2023-10-01	1.0	2.3924028567446167
2023-10-01	2.0	2.1789932527706375
2023-10-01	0.0	0.041477911767386355
2023-10-01	0.0	0.2013634115376105
2023-10-01	0.0	0.02165963524701234
2023-10-01	0.0	0.22522431044167468
2023-10-01	1.0	3.020552442609755
2023-10-01	0.0	0.05043745279180717
2023-10-01	1.0	2.9421935472392566
2023-10-01	1.0	1.7510908371564202
2023-10-01	0.0	0.19756088507277353
2023-10-01	0.0	0.10192638715770719
2023-10-01	1.0	3.467307333151044
2023-10-01	0.0	0.2686517584574044
2023-10-01	0.0	0.2484085181654459
2023-10-01	0.0	0.025389387186705265
2023-10-01	0.0	0.007302131056075469
2023-10-01	0.0	0.3190736971647201
2023-10-01	0.0	1.4206851885973408
2023-10-01	0.0	0.1888563984059767
2023-10-01	0.0	0.0017039232973924902
2023-10-01	0.0	0.13325468631028803
2023-10-01	0.0	0.0306662351016604
2023-10-01	1.0	3.77797255226582
2023-10-01	0.0	0.0614556742547269
2023-10-01	1.0	4.923242467674668
2023-10-01	2.0	8.422304809729388
2023-10-01	8.0	0.15204368518122927
2023-10-01	1.0	4.7720149284657225
2023-10-01	2.0	1.9405266243811143
2023-10-01	20.0	18.223428927202797
2023-10-01	37.5	38.349350322301746
2023-10-01	0.0	0.010314344357364003
2023-10-01	2.0	12.036916168366801
2023-10-01	14.0	18.97039027595252
2023-10-01	0.0	0.0053582278088757105
2023-10-01	0.0	0.17094445328802826
2023-10-01	1.0	4.676203426734168
2023-10-01	0.0	0.014998490461044971
2023-10-01	1.0	2.078166192478691
2023-10-01	0.0	0.1600583438444633
2023-10-01	0.0	0.07571990575312489
2023-10-01	1.0	4.678769908966649
2023-10-01	1.0	3.608846927909585
2023-10-01	0.0	0.022116914230769568
2023-10-01	2.0	1.6479205875720262
2023-10-01	1.0	2.8474112085454366
2023-10-01	0.0	0.019806365593847658
2023-10-01	0.0	0.3192618056921297
2023-10-01	37.5	35.67002854902924
2023-10-01	0.0	0.1698543202767104
2023-10-01	0.0	0.0293651372004099
2023-10-01	2.0	0.2847793526723316
2023-10-01	0.0	0.010200849022419833
2023-10-01	32.0	31.552231961416062
2023-10-01	0.0	0.0032638541863763675
2023-10-01	4.0	16.756929709296664
2023-10-01	0.0	0.5964248690868749
2023-10-01	0.0	0.8282457820609406
2023-10-01	0.0	0.03401320593986427
2023-10-01	7.0	12.887389919326838
2023-10-01	0.0	0.6414679447402292
2023-10-01	1.0	9.1008962689259
2023-10-01	0.0	0.42752314025030724
2023-10-01	1.0	2.127223999858235
2023-10-01	0.0	0.07397981923976059
2023-10-01	3.0	4.120952322253574
2023-10-01	0.0	0.1362059790234122
2023-10-01	0.0	0.04204657181945885
2023-10-01	0.0	0.013283056035437297
2023-10-01	1.0	1.9518081358657113
2023-10-01	0.0	0.0024573738502539177
2023-10-01	0.0	0.2681470016174132
2023-10-01	0.0	0.027857203040528262
2023-10-01	15.0	6.549445615036269
2023-10-01	0.0	0.06243692851082629
2023-10-01	0.0	0.31516802231357294
2023-10-01	3.0	5.512177479276165
2023-10-01	3.0	5.20142532507573
2023-10-01	5.0	4.921905448432444
2023-10-01	0.0	0.055052390775150055
2023-10-01	0.0	0.10739785814393138
2023-10-01	0.0	0.8942826572111322
2023-10-01	37.0	13.60459619773127
2023-10-01	1.0	2.5782176136547097
2023-10-01	0.0	0.056071536813982706
2023-10-01	0.0	0.043204241816466385
2023-10-01	9.0	7.642664284629938
2023-10-01	0.0	0.0851948934194622
2023-10-01	0.0	0.02176888282700585
2023-10-01	37.5	30.798357802187127
2023-10-01	0.0	0.0017039232973924902
2023-10-01	10.0	12.212185110579053
2023-10-01	0.0	0.027770420643165122
2023-10-01	4.0	4.621219599979224
2023-10-01	0.0	0.10746769345755278
2023-10-01	0.0	0.01362958404489015
2023-10-01	27.0	22.002456984761086
2023-10-01	0.0	0.0017045950339540817
2023-10-01	0.0	0.09576531548673424
2023-10-01	0.0	0.13267574785237707
2023-10-01	9.0	5.930214061543484
2023-10-01	0.0	0.08146535598159743
2023-10-01	1.0	0.25695693319959156
2023-10-01	0.0	0.0616292675542549
2023-10-01	0.0	0.5230063266027918
2023-10-01	0.0	0.08783862617731539
2023-10-01	0.0	0.057367315674380304
2023-10-01	0.0	1.946895575359258
2023-10-01	37.5	35.99547772227452
2023-10-01	0.0	0.08942360570269747
2023-10-01	2.0	2.1941338566451383
2023-10-01	20.0	14.461968222064044
2023-10-01	0.0	0.05513944773745445
2023-10-01	1.0	2.916485671400757
2023-10-01	0.0	0.08135165241046022
2023-10-01	0.0	0.18980611379543877
2023-10-01	0.0	0.05303353044243879
2023-10-01	0.0	0.38645807971225876
2023-10-01	0.0	0.19213363391442906
2023-10-01	2.0	2.8132277427667503
2023-10-01	4.0	0.12181429333578159
2023-10-01	0.0	0.0018562607863404198
2023-10-01	0.0	0.07331524245047835
2023-10-01	3.0	9.170937737125762
2023-10-01	3.0	3.162508690221936
2023-10-01	4.0	3.0711155951358853
2023-10-01	0.0	0.0032387121156933997
2023-10-01	0.0	0.0017643748065591979
2023-10-01	2.0	2.815664891820464
2023-10-01	1.0	2.111065277505985
2023-10-01	0.0	0.032221298235017855
2023-10-01	0.0	0.19282415815236564
2023-10-01	0.0	0.004849827225093424
2023-10-01	0.0	0.24284234513964267
2023-10-01	2.0	4.371565745351879
2023-10-01	0.0	0.01849819393704192
2023-10-01	1.0	2.2177769728948293
2023-10-01	1.0	0.053293956183650286
2023-10-01	0.0	0.342049746149683
2023-10-01	0.0	0.09769636543795655
2023-10-01	0.0	0.09988928759982695
2023-10-01	0.0	0.10376363812082592
2023-10-01	0.0	0.05835662550489646
2023-10-01	0.0	1.0958645289693485
2023-10-01	0.0	0.011719377742542772
2023-10-01	0.0	0.02437451777260082
2023-10-01	0.0	0.03164671854137417
2023-10-01	3.0	0.05228889409136992
2023-10-01	0.0	0.31474799426681027
2023-10-01	2.0	3.1194349346584724
2023-10-01	0.0	0.4922522981508578
2023-10-01	0.0	0.0582864493561355
2023-10-01	0.0	0.0017855973041476661
2023-10-01	0.0	0.6919940112712464
2023-10-01	1.0	3.2650847036141797
2023-10-01	0.0	0.20404974902016268
2023-10-01	3.0	7.451882498950553
2023-10-01	20.0	0.10671349899739767
2023-10-01	1.0	3.7670682524817667
2023-10-01	0.0	0.019979094988930426
2023-10-01	0.0	0.05824630782608389
2023-10-01	7.0	5.004757436666555
2023-10-01	2.0	7.458952210504778
2023-10-01	0.0	0.3493540954269131
2023-10-01	0.0	0.33964368228776015
2023-10-01	1.0	6.463818241504728
2023-10-01	0.0	0.41047942379529206
2023-10-01	0.0	0.6631222341362807
2023-10-01	0.0	0.23752428675148607
2023-10-01	14.0	21.953769906001856
2023-10-01	1.0	3.885408564710059
2023-10-01	0.0	0.08822106378370623
2023-10-01	3.0	2.121008346120543
2023-10-01	0.0	0.4348746529214754
2023-10-01	0.0	0.13645066419889695
2023-10-01	6.0	4.443932247058327
2023-10-01	0.0	0.03446593197164026
2023-10-01	0.0	0.013813053447920054
2023-10-01	0.0	0.017574243205370634
2023-10-01	7.0	3.1140393754731788
2023-10-01	2.0	3.103303192627126
2023-10-01	15.0	22.553430012238888
2023-10-01	1.0	3.121109819362376
2023-10-01	0.0	0.027199244969091003
2023-10-01	0.0	0.3402542914548732
2023-10-01	1.0	2.2787333830559304
2023-10-01	0.0	0.9819946927067977
2023-10-01	0.0	0.11861893413849742
2023-10-01	24.0	19.340026092208955
2023-10-01	0.0	0.08398422102748251
2023-10-01	0.0	0.019844884261033355
2023-10-01	2.0	0.3659393392427969
2023-10-01	4.0	6.656748437835964
2023-10-01	17.0	11.892565504563525
2023-10-01	0.0	0.0268511139110999
2023-10-01	3.0	2.6682672272975974
2023-10-01	0.0	0.0017045950339540817
2023-10-01	0.0	0.03831624504906386
2023-10-01	2.0	0.09316568542607062
2023-10-01	3.0	4.417356103482526
2023-10-01	2.0	4.959816630320633
2023-10-01	0.0	0.09414609007477251
2023-10-01	0.0	0.12238452517795317
2023-10-01	0.0	0.008821801171410027
2023-10-01	0.0	0.001775419286530413
2023-10-01	3.0	2.755921787118891
2023-10-01	28.0	17.252503978339142
2023-10-01	0.0	0.1283790308103632
2023-10-01	0.0	0.0032513955149947207
2023-10-01	5.0	2.669956498716885
2023-10-01	2.0	1.458099742969972
2023-10-01	0.0	0.10764329597136334
2023-10-01	0.0	0.6023105059862275
2023-10-01	0.0	0.06123358253561702
2023-10-01	0.0	0.3437787125935514
2023-10-01	0.0	0.11293734188891316
2023-10-01	33.0	27.28749003562706
2023-10-01	1.0	1.81908880367352
2023-10-01	0.0	0.0032740322039936202
2023-10-01	0.0	0.03355470977475152
2023-10-01	0.0	0.02185523579062757
2023-10-01	4.0	4.670012176472608
2023-10-01	0.0	0.3070366319402101
2023-10-01	0.0	0.034607250281554425
2023-10-01	1.0	0.04663489585951626
2023-10-01	0.0	0.004438723885410446
2023-10-01	0.0	0.48752708040644127
2023-10-01	1.0	3.6146624867602206
2023-10-01	0.0	0.009479371780906602
2023-10-01	2.0	3.696603460429324
2023-10-01	0.0	0.0654761676024852
2023-10-01	2.0	2.0904506688815543
2023-10-01	0.0	0.018185541456503536
2023-10-01	5.0	7.19772137599341
2023-10-01	6.0	11.825815546728144
2023-10-01	1.0	2.6872070760871263
2023-10-01	3.0	2.312465871431354
2023-10-01	4.0	2.1757496953804996
2023-10-01	2.0	0.08203177352669043
2023-10-01	1.0	2.4504667314928774
2023-10-01	0.0	0.007137713108180917
2023-10-01	4.0	8.202788346781855
2023-10-01	27.0	27.353425959264747
2023-10-01	0.0	0.017456974956520623
2023-10-01	0.0	0.1434508035285078
2023-10-01	3.0	3.538528130729512
2023-10-01	0.0	0.1237894926090437
2023-10-01	0.0	0.011984419776184446
2023-10-01	0.0	0.6328558717433125
2023-10-01	0.0	0.0017039232973924902
2023-10-01	1.0	3.1944879396248087
2023-10-01	0.0	0.19341430046220232
2023-10-01	4.0	3.333108294740122
2023-10-01	0.0	0.30628595569603223
2023-10-01	0.0	0.0173221067183965
2023-10-01	0.0	0.91216257815391
2023-10-01	0.0	0.15179714573626096
2023-10-01	0.0	0.2546198287459416
2023-10-01	0.0	0.19637761628314535
2023-10-01	0.0	0.8062046498358488
2023-10-01	0.0	0.009131235479475612
2023-10-01	0.0	0.6264967051822528
2023-10-01	0.0	0.017389403512672274
2023-10-01	3.0	3.1502684080341385
2023-10-01	0.0	0.16165047947898115
2023-10-01	3.0	2.6908972822824517
2023-10-01	0.0	0.03420665579735579
2023-10-01	0.0	0.16794583912402
2023-10-01	4.0	8.098448483792223
2023-10-01	0.0	0.19723235446997373
2023-10-01	13.0	15.664973827532199
2023-10-01	0.0	0.10326028491788988
2023-10-01	0.0	0.07848754824471973
2023-10-01	2.0	2.40285510523207
2023-10-01	0.0	0.10051009333664765
2023-10-01	4.0	4.498600811980307
2023-10-01	0.0	0.0017039232973924902
2023-10-01	0.0	0.3562039435830104
2023-10-01	0.0	0.0661647385992873
2023-10-01	0.0	1.6523161920728966
2023-10-01	0.0	0.003228534098076147
2023-10-01	0.0	0.02706959872767039
2023-10-01	9.0	10.711434315068525
2023-10-01	6.0	8.627586971133775
2023-10-01	0.0	0.00748001017067571
2023-10-01	1.0	0.24850005951335014
2023-10-01	0.0	0.19257101984546876
2023-10-01	1.0	3.757215160116469
2023-10-01	0.0	0.3082073958504782
2023-10-01	1.0	3.2632803033193496
2023-10-01	0.0	0.016876946077357024
2023-10-01	0.0	0.11533955274747024
2023-10-01	0.0	0.030632281904149274
2023-10-01	11.0	8.110982025839288
2023-10-01	0.0	0.210585820941635
2023-10-01	2.0	0.5033781542982202
2023-10-01	33.0	13.770715113581272
2023-10-01	26.0	12.582607558255011
2023-10-01	0.0	0.12637720020566492
2023-10-01	6.0	3.4944660872009146
2023-10-01	0.0	0.010364931836704361
2023-10-01	0.0	0.03166016349005204
2023-10-01	0.0	0.07423395718682803
2023-10-01	14.0	5.288417917139944
2023-10-01	0.0	0.006840672530745479
2023-10-01	16.0	12.181482452706469
2023-10-01	2.0	2.8187565490486226
2023-10-01	4.0	3.7870657301491724
2023-10-01	0.0	0.01281035670018092
2023-10-01	1.0	3.178243674618021
2023-10-01	4.0	5.4503009579702395
2023-10-01	0.0	0.011720369642502611
2023-10-01	0.0	0.005062476920140054
2023-10-01	0.0	0.015518897471685429
2023-10-01	0.0	0.009463849830415533
2023-10-01	2.0	2.5649163512393125
2023-10-01	0.0	0.4614747245285085
2023-10-01	1.0	2.3584648618936472
2023-10-01	0.0	0.10215408971684864
2023-10-01	0.0	0.1382832931884307
2023-10-01	0.0	0.09619840838241614
2023-10-01	0.0	0.16267660804604847
2023-10-01	2.0	2.2958047340147014
2023-10-01	0.0	0.07679672519012506
2023-10-01	6.0	4.610873265595076
2023-10-01	0.0	0.06639109660043885
2023-10-01	0.0	0.050529708357832576
2023-10-01	0.0	0.015990279379012033
2023-10-01	2.0	5.419816003153079
2023-10-01	0.0	0.0017039232973924902
2023-10-01	1.0	1.7050666518546307
2023-10-01	3.0	2.7777453197700517
2023-10-01	0.0	0.005295120254935066
2023-10-01	2.0	6.13355921268929
2023-10-01	2.0	2.5175299733954315
2023-10-01	2.0	10.697357213765953
2023-10-01	0.0	0.06320399079774028
2023-10-01	10.0	3.6532228047784185
2023-10-01	2.0	6.384040773171775
2023-10-01	0.0	0.29812882539492086
2023-10-01	1.0	3.231288356427351
2023-10-01	16.0	20.336377339024747
2023-10-01	12.0	7.411784237044682
2023-10-01	1.0	2.158548475952465
2023-10-01	2.0	4.840322326935314
2023-10-01	0.0	0.004956819155512014
2023-10-01	37.5	38.30341314219098
2023-10-01	2.0	2.525340746721512
2023-10-01	0.0	0.08194077664800732
2023-10-01	2.0	2.687561470072418
2023-10-01	1.0	1.689384781018297
2023-10-01	1.0	1.8616535968785182
2023-10-01	0.0	0.17742662756302757
2023-10-01	1.0	4.1725865641401185
2023-10-01	5.0	3.3184464671982736
2023-10-01	7.0	4.680270240731517
2023-10-01	4.0	4.944914854028161
2023-10-01	1.0	0.14422138348657995
2023-10-01	0.0	0.10582901054536334
2023-10-01	1.0	5.794130207590691
2023-10-01	0.0	0.2765827142737918
2023-10-01	0.0	0.0057479556373708
2023-10-01	0.0	1.4428834018790764
2023-10-01	0.0	0.06496750650412617
2023-10-01	9.0	7.43268089306463
2023-10-01	0.0	0.16890757851410054
2023-10-01	29.0	16.15381610157831
2023-10-01	0.0	0.026899912380702315
2023-10-01	1.0	3.712177417141365
2023-10-01	1.0	4.053735601376308
2023-10-01	0.0	0.016997643922595472
2023-10-01	1.0	1.7707361950399858
2023-10-01	0.0	0.0017045950339540817
2023-10-01	0.0	0.01942917402516236
2023-10-01	0.0	0.09181356282912186
2023-10-01	0.0	0.0343936866026939
2023-10-01	4.0	5.219827349308934
2023-10-01	5.0	3.616974892936807
2023-10-01	6.0	3.0486543475982906
2023-10-01	6.0	2.7159419806487537
2023-10-01	0.0	0.1681546336952294
2023-10-01	0.0	0.002453334790825731
2023-10-01	37.5	28.119234554373726
2023-10-01	1.0	1.7725927912093493
2023-10-01	0.0	0.010598258913460328
2023-10-01	1.0	0.016576211733363936
2023-10-01	10.0	10.939332807547562
2023-10-01	1.0	2.5534238130856193
2023-10-01	0.0	0.07373397605747938
2023-10-01	0.0	0.1138209131366093
2023-10-01	0.0	0.010608889282724946
2023-10-01	37.5	37.62569505843004
2023-10-01	0.0	0.009024586774027338
2023-10-01	3.0	1.7556233909253416
2023-10-01	0.0	0.027214334680870336
2023-10-01	0.0	0.003228534098076147
2023-10-01	1.0	3.4364399595877204
2023-10-01	3.0	7.211473549809098
2023-10-01	4.0	1.9040902424428157
2023-10-01	0.0	0.13830152498350634
2023-10-01	0.0	0.0018551051969696438
2023-10-01	0.0	0.04423793142742189
2023-10-01	2.0	3.1949290837028466
2023-10-01	7.0	4.922900427190108
2023-10-01	0.0	0.08191229235630261
2023-10-01	0.0	0.01362958404489015
2023-10-01	0.0	0.05210146199808679
2023-10-01	0.0	0.012695192338743914
2023-10-01	37.5	37.38011916682359
2023-10-01	0.0	0.04031724078473626
2023-10-01	7.0	6.265292445258119
2023-10-01	0.0	0.09332047047580234
2023-10-01	0.0	0.11281737677443274
2023-10-01	0.0	0.7600094270829556
2023-10-01	7.0	9.583696575811922
2023-10-01	0.0	0.01038325803024013
2023-10-01	0.0	0.016076102075782476
2023-10-01	10.0	6.371767767508047
2023-10-01	0.0	0.838097547544943
2023-10-01	37.5	21.256831659255592
2023-10-01	0.0	0.0017039232973924902
2023-10-01	0.0	0.012310301224348254
2023-10-01	37.5	35.939293709461225
2023-10-01	1.0	1.9963346914387934
2023-10-01	31.0	28.465954190099414
2023-10-01	0.0	0.06794979029695589
2023-10-01	1.0	3.1917815149343824
2023-10-01	0.0	0.0732972424232547
2023-10-01	0.0	0.3159292474512331
2023-10-01	0.0	0.2026595448933406
2023-10-01	9.0	9.532130809613118
2023-10-01	3.0	4.397832141980737
2023-10-01	0.0	0.7340469876225839
2023-10-01	28.0	23.872289484507075
2023-10-01	0.0	0.00890366870635262
2023-10-01	0.0	0.18556865577754736
2023-10-01	0.0	0.03564006213652053
2023-10-01	0.0	0.04792215977541149
2023-10-01	0.0	0.04095664545067321
2023-10-01	4.0	3.470651698006829
2023-10-01	1.0	1.3886055408653804
2023-10-01	37.5	5.420164124770644
2023-10-01	0.0	0.003058291405168887
2023-10-01	0.0	0.013108407628741586
2023-10-01	9.0	12.413844375904207
2023-10-01	1.0	3.474826553855844
2023-10-01	0.0	0.0017039232973924902
2023-10-01	0.0	0.013453491727306354
2023-10-01	0.0	0.12916162105125156
2023-10-01	0.0	0.005043647449585487
2023-10-01	4.0	5.046721214803955
2023-10-01	0.0	0.0030851270004822393
2023-10-01	0.0	0.0699302301222349
2023-10-01	8.0	10.81886931979549
2023-10-01	0.0	0.13562989384741392
2023-10-01	0.0	0.02212538911749179
2023-10-01	0.0	0.009485894555577117
2023-10-01	2.0	1.9273424166506274
2023-10-01	3.0	3.4099597986362284
2023-10-01	0.0	0.03672927920334344
2023-10-01	1.0	3.0852045387853737
2023-10-01	8.0	1.814359488488341
2023-10-01	0.0	0.030646397164166683
2023-10-01	0.0	0.13494575390349692
2023-10-01	28.0	37.02807898717036
2023-10-01	18.0	22.978247047157396
2023-10-01	0.0	0.11370210703757366
2023-10-01	0.0	0.009440157819119168
2023-10-01	4.0	1.87407255257316
2023-10-01	0.0	0.014075262099432245
2023-10-01	16.0	21.79413597822024
2023-10-01	1.0	3.5028582696798787
2023-10-01	0.0	0.702183503939422
2023-10-01	34.0	31.6885173836608
2023-10-01	0.0	0.478908057063824
2023-10-01	3.0	4.621569018288472
2023-10-01	0.0	0.015633709449288706
2023-10-01	0.0	0.2485922144361503
2023-10-01	0.0	0.05856482464554563
2023-10-01	1.0	3.8139429395646736
2023-10-01	4.0	5.505462460666394
2023-10-01	0.0	0.06133475619715212
2023-10-01	1.0	0.42000298222957894
2023-10-01	0.0	0.08159276352000626
2023-10-01	2.0	15.34201973054213
2023-10-01	0.0	0.010656531748579199
2023-10-01	0.0	0.010607732293788063
2023-10-01	0.0	0.519427809023772
2023-10-01	0.0	0.012508480492926913
2023-10-01	1.0	0.01299947786923515
2023-10-01	0.0	0.009354207844609727
2023-10-01	37.5	30.983999628754418
2023-10-01	0.0	0.022007679466791035
2023-10-01	0.0	0.051800649230005325
2023-10-01	7.0	3.9193581187857705
2023-10-01	6.0	24.898463585202848
2023-10-01	0.0	0.02147657268447539
2023-10-01	2.0	2.2706789817631288
2023-10-01	1.0	2.3509199041690465
2023-10-01	0.0	0.2167655274783351
2023-10-01	0.0	0.013664904133190372
2023-10-01	1.0	4.113199120125074
2023-10-01	0.0	0.5278061606235233
2023-10-01	8.0	8.77884307089187
2023-10-01	0.0	0.11985577503794395
2023-10-01	4.0	2.6961020855962534
2023-10-01	6.0	4.182828322033399
2023-10-01	0.0	0.05766211817092451
2023-10-01	29.0	21.551817052235833
2023-10-01	0.0	0.0064025491128025394
2023-10-01	7.0	16.08904409124882
2023-10-01	0.0	0.02355544754865226
2023-10-01	0.0	0.1958557066172018
2023-10-01	0.0	0.10092119683223758
2023-10-01	0.0	0.046319969755351395
2023-10-01	1.0	1.968239350593609
2023-10-01	1.0	2.6213866151570477
2023-10-01	7.0	8.68476576682651
2023-10-01	0.0	0.01362958404489015
2023-10-01	4.0	2.8162070171938725
2023-10-01	6.0	6.747702876920687
2023-10-01	0.0	0.6074695300293717
2023-10-01	0.0	0.12686446609209162
2023-10-01	0.0	0.005602769089828631
2023-10-01	0.0	0.09429283255837972
2023-10-01	4.0	5.1547437881003635
2023-10-01	1.0	1.8043233205474551
2023-10-01	16.0	6.545793236316831
2023-10-01	17.0	9.27388054171718
2023-10-01	2.0	3.7505117474986536
2023-10-01	0.0	0.14098787840968025
2023-10-01	0.0	0.0211066708652253
2023-10-01	0.0	0.15562727834037882
2023-10-01	0.0	0.135183106990087
2023-10-01	0.0	0.010869753697683138
2023-10-01	0.0	0.02505665370287167
2023-10-01	0.0	0.39973817590356164
2023-10-01	0.0	0.042612733930836255
2023-10-01	1.0	3.274550484651047
2023-10-01	8.0	3.5564982857686913
2023-10-01	0.0	0.025389387186705265
2023-10-01	1.0	1.973995861937082
2023-10-01	0.0	0.014147398382176294
2023-10-01	0.0	2.2183218691537747
2023-10-01	0.0	1.326457607946607
2023-10-01	2.0	0.1965691512485545
2023-10-01	1.0	3.105749203722924
2023-10-01	0.0	0.1086371986131076
2023-10-01	2.0	2.8338458588483713
2023-10-01	0.0	0.047052208840412835
2023-10-01	2.0	4.5801188454626365
2023-10-01	0.0	0.0904285525774612
2023-10-01	0.0	0.00687730697014095
2023-10-01	2.0	2.7005342646139736
2023-10-01	0.0	0.03751052831219555
2023-10-01	0.0	0.17402253381370814
2023-10-01	2.0	4.954099201827317
2023-10-01	0.0	0.4646595341211517
2023-10-01	3.0	4.7309071046913616
2023-10-01	1.0	4.200121508190377
2023-10-01	0.0	0.004982073782163753
2023-10-01	0.0	0.20967071116603192
2023-10-01	0.0	0.010509970748967253
2023-10-01	0.0	0.3830118088200537
2023-10-01	2.0	1.6229777011307798
2023-10-01	17.0	30.06004510120513
2023-10-01	1.0	2.540208541381697
2023-10-01	0.0	0.09588257463432727
2023-10-01	0.0	0.008964792941856453
2023-10-01	3.0	7.794386970719011
2023-10-01	0.0	0.4376803635371858
2023-10-01	0.0	0.010785229343418986
2023-10-01	0.0	0.11645735432750765
2023-10-01	6.0	4.638541632965437
2023-10-01	5.0	5.210669848516028
2023-10-01	0.0	0.01606305423701082
2023-10-01	6.0	3.968490352580942
2023-10-01	0.0	0.02882430930108934
2023-10-01	5.0	2.746190564613912
2023-10-01	1.0	2.698977142098274
2023-10-01	0.0	0.009463816560297593
2023-10-01	0.0	0.023693086784202035
2023-10-01	19.0	13.509547339605687
2023-10-01	3.0	0.059226018279131716
2023-10-01	37.5	26.182583311059737
2023-10-01	0.0	0.01671063266655144
2023-10-01	0.0	0.07356902820586499
2023-10-01	37.5	37.8534556517874
2023-10-01	4.0	7.277519740384116
2023-10-01	37.5	36.42603647467046
2023-10-01	0.0	0.039979534181995874
2023-10-01	6.0	3.8352435591669467
2023-10-01	0.0	1.0160620658161377
2023-10-01	37.5	7.710033200159545
2023-10-01	1.0	1.5782108943738526
2023-10-01	15.0	21.403701028460013
2023-10-01	9.0	5.362772464379713
2023-10-01	6.0	14.299301083294809
2023-10-01	3.0	3.5934842139612284
2023-10-01	6.0	2.2681874154329376
2023-10-01	1.0	3.9301965082184034
2023-10-01	0.0	0.08424899445482874
2023-10-01	2.0	2.9980698775234425
2023-10-01	0.0	0.11449808909657366
2023-10-01	1.0	1.882443953760938
2023-10-01	3.0	5.151690430704127
2023-10-01	0.0	0.003058291405168887
2023-10-01	1.0	2.9412948752225234
2023-10-01	29.0	30.64526877440372
2023-10-01	1.0	1.9087291546683125
2023-10-01	3.0	3.8178920210681406
2023-10-01	1.0	2.5415633294630893
2023-10-01	0.0	0.08944634347643035
2023-10-01	0.0	0.08731924727027024
2023-10-01	11.0	5.683877525919344
2023-10-01	0.0	0.0090723619146047
2023-10-01	0.0	0.337097529621816
2023-10-01	0.0	0.24028341741456005
2023-10-01	0.0	0.046310632943921765
2023-10-01	0.0	0.18459638665631434
2023-10-01	0.0	0.023352159421267626
2023-10-01	0.0	0.17239984934308514
2023-10-01	0.0	0.00519450218830268
2023-10-01	0.0	0.016433211806895325
2023-10-01	3.0	3.1368265980806704
2023-10-01	0.0	0.06555327275258463
2023-10-01	4.0	5.507903242685256
2023-10-01	1.0	1.4417220028338837
2023-10-01	0.0	0.07582942207609696
2023-10-01	18.0	24.11157034080751
2023-10-01	1.0	0.12020737502799989
2023-10-01	31.0	18.102322382263598
2023-10-01	2.0	2.2778750584993155
2023-10-01	3.0	3.9249462198999625
2023-10-01	37.5	31.800982182097144
2023-10-01	0.0	0.016475852181906996
2023-11-01	1.0	1.8900958814622686
2023-11-01	0.0	0.24680852126095115
2023-11-01	0.0	0.23306482695509323
2023-11-01	1.0	2.4149425112615175
2023-11-01	26.0	8.350885728382803
2023-11-01	2.0	3.3583341309098387
2023-11-01	1.0	2.846600665466973
2023-11-01	3.0	2.3323178698587705
2023-11-01	0.0	0.003410689560677124
2023-11-01	2.0	4.189276395924452
2023-11-01	0.0	0.02405078975605862
2023-11-01	1.0	5.7724676339254195
2023-11-01	0.0	1.400301603497256
2023-11-01	2.0	16.63898782294972
2023-11-01	1.0	4.503335163696371
2023-11-01	3.0	7.703943198010107
2023-11-01	1.0	2.237957518191571
2023-11-01	1.0	3.6188107602791937
2023-11-01	11.0	9.781569330090912
2023-11-01	1.0	1.0338087308672272
2023-11-01	0.0	0.2680708435612488
2023-11-01	2.0	3.9403137927651066
2023-11-01	37.5	33.65678201625427
2023-11-01	0.0	0.23251260972387733
2023-11-01	0.0	0.6886871053723851
2023-11-01	0.0	0.06480009432891766
2023-11-01	26.0	28.130243726561115
2023-11-01	0.0	0.0682026361360941
2023-11-01	0.0	0.048583632402986625
2023-11-01	1.0	2.2311376764810174
2023-11-01	0.0	0.09237684530291747
2023-11-01	22.0	19.30698344239186
2023-11-01	0.0	0.03185252179175685
2023-11-01	34.0	29.250327288154207
2023-11-01	9.0	9.911245149817027
2023-11-01	1.0	2.3058622250277176
2023-11-01	0.0	0.06865768550554305
2023-11-01	1.0	2.6890122987152107
2023-11-01	2.0	5.054338075690474
2023-11-01	0.0	0.08552253005981268
2023-11-01	2.0	2.734239197689411
2023-11-01	0.0	0.12541881858226547
2023-11-01	19.0	30.988235617005383
2023-11-01	4.0	3.132484332471278
2023-11-01	1.0	1.2136735835836168
2023-11-01	3.0	3.050593381766765
2023-11-01	0.0	0.018518729304792616
2023-11-01	11.0	4.551885628462014
2023-11-01	2.0	9.628831515351159
2023-11-01	0.0	0.8058315868164077
2023-11-01	1.0	2.6681609423270305
2023-11-01	0.0	0.011815377754534097
2023-11-01	0.0	0.10188308522639697
2023-11-01	1.0	1.525799358093911
2023-11-01	1.0	1.8130304438638423
2023-11-01	3.0	8.093607997562692
2023-11-01	0.0	0.3154059253748614
2023-11-01	0.0	0.19637440951245003
2023-11-01	1.0	1.7844143443597362
2023-11-01	5.0	3.083743529358037
2023-11-01	0.0	0.23858115506337588
2023-11-01	0.0	0.16602738903111777
2023-11-01	1.0	2.092328048514712
2023-11-01	2.0	7.616843116320732
2023-11-01	2.0	4.667423687639553
2023-11-01	5.0	5.310315376599183
2023-11-01	37.5	35.25545746779968
2023-11-01	9.0	10.207403743721027
2023-11-01	0.0	0.1812968153539414
2023-11-01	37.5	18.48204689616716
2023-11-01	1.0	13.966228785855865
2023-11-01	4.0	16.260543965233964
2023-11-01	0.0	0.001509290678095934
2023-11-01	0.0	0.20727462051907938
2023-11-01	0.0	0.09899972421927128
2023-11-01	1.0	4.908259723186816
2023-11-01	0.0	0.0015231574894062241
2023-11-01	5.0	17.19973850998575
2023-11-01	0.0	0.025207210136693074
2023-11-01	0.0	0.257049891790689
2023-11-01	0.0	0.040122129728101946
2023-11-01	0.0	0.07400381028065484
2023-11-01	0.0	0.013977230823198081
2023-11-01	1.0	1.8006169911449024
2023-11-01	0.0	1.7795872320374457
2023-11-01	0.0	0.3999432147550125
2023-11-01	18.0	31.00500562836001
2023-11-01	0.0	0.008206809347102174
2023-11-01	37.5	35.34292467782122
2023-11-01	0.0	0.014806148431931569
2023-11-01	37.5	36.554117528004
2023-11-01	5.0	3.038128643898537
2023-11-01	1.0	1.5647753019656196
2023-11-01	0.0	0.08335140927473376
2023-11-01	1.0	10.353670526533747
2023-11-01	28.0	27.338694216174513
2023-11-01	0.0	0.20367928326640924
2023-11-01	0.0	0.1131519686492437
2023-11-01	0.0	0.011081317170751144
2023-11-01	8.0	3.1058507191104603
2023-11-01	0.0	0.10813346938246096
2023-11-01	0.0	0.07041164968638
2023-11-01	0.0	0.031237863238444533
2023-11-01	1.0	1.978034128595651
2023-11-01	0.0	0.13506781041178104
2023-11-01	0.0	0.04287080746070564
2023-11-01	9.0	9.122173521113723
2023-11-01	0.0	0.026742744957998783
2023-11-01	2.0	0.7264844248207698
2023-11-01	11.0	3.4627272198224435
2023-11-01	1.0	3.376611263148264
2023-11-01	0.0	0.24236233151391406
2023-11-01	37.5	35.859779221336375
2023-11-01	2.0	5.409680923876442
2023-11-01	4.0	3.8392405095072273
2023-11-01	37.5	36.27747492056195
2023-11-01	0.0	0.03594126605455522
2023-11-01	3.0	3.069521068593233
2023-11-01	2.0	8.068697730991293
2023-11-01	6.0	8.041583747261512
2023-11-01	1.0	0.047723659579616697
2023-11-01	0.0	0.05945176964045726
2023-11-01	5.0	4.80625282965169
2023-11-01	0.0	0.24574986053471848
2023-11-01	0.0	0.029459624100780908
2023-11-01	1.0	5.971273998489639
2023-11-01	3.0	2.616888972141271
2023-11-01	28.0	2.898741273504939
2023-11-01	2.0	3.120830178237816
2023-11-01	0.0	0.12669215984657317
2023-11-01	0.0	0.15752097795034362
2023-11-01	0.0	0.0635833195120703
2023-11-01	1.0	2.939383467822475
2023-11-01	0.0	0.32177785229433487
2023-11-01	37.5	31.4673371356478
2023-11-01	0.0	0.08982570330359983
2023-11-01	0.0	0.0014996308703784907
2023-11-01	0.0	0.2295202301323368
2023-11-01	0.0	0.46827163534097943
2023-11-01	1.0	2.7068876302494966
2023-11-01	0.0	0.014806148431931569
2023-11-01	7.0	5.964755918943493
2023-11-01	2.0	1.8380729850766078
2023-11-01	0.0	0.09699826007118131
2023-11-01	0.0	0.04250015712592988
2023-11-01	3.0	6.994743088881012
2023-11-01	20.0	25.808453427092275
2023-11-01	0.0	0.11099113709966928
2023-11-01	7.0	7.482525147260956
2023-11-01	8.0	14.692227802090844
2023-11-01	0.0	0.033519094973120785
2023-11-01	1.0	1.991199712855924
2023-11-01	0.0	0.13666416193367018
2023-11-01	0.0	0.3694992077857427
2023-11-01	0.0	0.07410588184565156
2023-11-01	37.5	37.762862714195954
2023-11-01	0.0	0.0015231574894062241
2023-11-01	0.0	0.24104129816445738
2023-11-01	4.0	2.578551014715898
2023-11-01	4.0	2.7241419852654687
2023-11-01	0.0	0.019944320856349583
2023-11-01	0.0	0.07026348566374552
2023-11-01	4.0	6.4228142487105835
2023-11-01	0.0	0.1991915438266707
2023-11-01	5.0	2.01025793883454
2023-11-01	0.0	1.7123020666759972
2023-11-01	0.0	0.41789821605682276
2023-11-01	2.0	3.0247315037890257
2023-11-01	0.0	0.04952775293545813
2023-11-01	0.0	0.02405078975605862
2023-11-01	0.0	0.013568628846433818
2023-11-01	27.0	28.47144868394922
2023-11-01	0.0	0.29126356600188
2023-11-01	0.0	0.26423835730583983
2023-11-01	0.0	0.09069472785974755
2023-11-01	0.0	0.024700611600947414
2023-11-01	0.0	0.23080891982217133
2023-11-01	4.0	2.22100013386593
2023-11-01	2.0	3.0362475890259235
2023-11-01	0.0	0.04056692119830135
2023-11-01	31.0	32.35901557118167
2023-11-01	6.0	3.0403078737880103
2023-11-01	0.0	0.10138294573325907
2023-11-01	0.0	0.07212820728726649
2023-11-01	1.0	2.8577846013262276
2023-11-01	8.0	22.615030803289347
2023-11-01	1.0	1.1214778353725088
2023-11-01	37.5	27.4773779310708
2023-11-01	26.0	29.5246795100576
2023-11-01	7.0	7.764110602597623
2023-11-01	35.0	31.251257140173198
2023-11-01	1.0	4.0704337361297664
2023-11-01	2.0	2.3841897661656226
2023-11-01	0.0	0.040040437656283394
2023-11-01	20.0	5.141067567392651
2023-11-01	0.0	0.06565105954028616
2023-11-01	6.0	9.59389008870311
2023-11-01	1.0	2.648380535699158
2023-11-01	1.0	2.5363566319168287
2023-11-01	0.0	0.025207210136693074
2023-11-01	0.0	0.04578860758613824
2023-11-01	0.0	0.02285834927138739
2023-11-01	0.0	0.250841372052016
2023-11-01	0.0	0.11216348776697257
2023-11-01	3.0	2.4691837299377952
2023-11-01	0.0	0.020632055900717122
2023-11-01	0.0	0.05557259650704824
2023-11-01	1.0	2.5599052701436795
2023-11-01	0.0	0.24054965901643907
2023-11-01	0.0	0.3491429613432026
2023-11-01	0.0	2.8543293918302313
2023-11-01	8.0	5.291315151184243
2023-11-01	0.0	0.14797028431285517
2023-11-01	0.0	0.1348856714104797
2023-11-01	0.0	0.006487432343838694
2023-11-01	0.0	0.014806148431931569
2023-11-01	0.0	0.01900291726459387
2023-11-01	1.0	4.651686401685353
2023-11-01	1.0	2.7159492249207293
2023-11-01	0.0	0.14715420509628335
2023-11-01	0.0	0.027596340055880235
2023-11-01	3.0	2.5331230800910585
2023-11-01	0.0	0.03450438087396542
2023-11-01	0.0	0.0661837678989975
2023-11-01	3.0	7.742215703367469
2023-11-01	0.0	0.1611064626582747
2023-11-01	2.0	3.5786512835699815
2023-11-01	1.0	1.7920617776906917
2023-11-01	0.0	0.2880379412846571
2023-11-01	2.0	2.953031519041572
2023-11-01	1.0	1.9153232602675316
2023-11-01	37.5	36.9664055365152
2023-11-01	0.0	0.0015231574894062241
2023-11-01	2.0	1.7828502651262343
2023-11-01	2.0	1.9919732383905417
2023-11-01	0.0	0.12820166270828912
2023-11-01	1.0	10.51362791652321
2023-11-01	0.0	0.16811429108669573
2023-11-01	1.0	4.025623567676173
2023-11-01	0.0	0.021973736060170425
2023-11-01	5.0	9.443928267160706
2023-11-01	0.0	0.0846099626765453
2023-11-01	0.0	0.001509290678095934
2023-11-01	0.0	0.23201110164066285
2023-11-01	0.0	0.03906380140763148
2023-11-01	5.0	3.1582135020708155
2023-11-01	0.0	0.015680455272125537
2023-11-01	0.0	0.07296036915708964
2023-11-01	0.0	0.15001536771555232
2023-11-01	0.0	0.06001996133966642
2023-11-01	0.0	0.019524027526007903
2023-11-01	0.0	0.08745903764025731
2023-11-01	0.0	1.0906187881079679
2023-11-01	0.0	0.01481632644954882
2023-11-01	0.0	0.03780681372121748
2023-11-01	0.0	0.3883983382410585
2023-11-01	0.0	0.005682996591245212
2023-11-01	0.0	0.008542369443604605
2023-11-01	1.0	2.7191950410561816
2023-11-01	0.0	0.1181150706953876
2023-11-01	0.0	0.1859794928884273
2023-11-01	1.0	1.937908980767665
2023-11-01	0.0	0.02788329540658893
2023-11-01	0.0	0.5747273364495994
2023-11-01	2.0	2.6742540133378485
2023-11-01	0.0	0.20768501769738965
2023-11-01	1.0	12.192213413155944
2023-11-01	0.0	0.34435421006200795
2023-11-01	0.0	0.06669359902453005
2023-11-01	0.0	0.038537488426526115
2023-11-01	2.0	8.481060881086051
2023-11-01	37.5	37.47662101608599
2023-11-01	0.0	0.18859837019850856
2023-11-01	0.0	0.0022519522232153045
2023-11-01	0.0	0.1382428730136605
2023-11-01	0.0	0.01481632644954882
2023-11-01	0.0	0.3815938472213421
2023-11-01	0.0	1.2856117716838236
2023-11-01	0.0	0.16171040026167594
2023-11-01	12.0	10.503399468529553
2023-11-01	0.0	0.02806041832979654
2023-11-01	0.0	0.008251993440905206
2023-11-01	1.0	4.2732974916354225
2023-11-01	2.0	2.406879733127412
2023-11-01	20.0	5.2482841652775045
2023-11-01	0.0	0.015466895885477259
2023-11-01	0.0	0.016559688116019173
2023-11-01	0.0	0.05691317959430251
2023-11-01	14.0	5.085158748878893
2023-11-01	1.0	2.767407115130832
2023-11-01	2.0	8.40193176886257
2023-11-01	2.0	1.9264408052130937
2023-11-01	0.0	0.17761511417168785
2023-11-01	0.0	0.11372287744312465
2023-11-01	0.0	0.20195297695405584
2023-11-01	0.0	0.038512503228146616
2023-11-01	0.0	0.8264809967325207
2023-11-01	0.0	0.024437717645886543
2023-11-01	6.0	3.664817602295152
2023-11-01	0.0	0.0015231574894062241
2023-11-01	0.0	0.5540596049127609
2023-11-01	1.0	1.8934924729747378
2023-11-01	0.0	0.05112399059941585
2023-11-01	1.0	6.933096038156771
2023-11-01	2.0	2.13723215132627
2023-11-01	12.0	21.513569207365833
2023-11-01	0.0	0.18960531997801766
2023-11-01	0.0	0.0806221593010415
2023-11-01	4.0	2.183512024728555
2023-11-01	16.0	2.2470612954614415
2023-11-01	7.0	14.26683606993336
2023-11-01	37.5	37.6909236180279
2023-11-01	0.0	2.3512239624890947
2023-11-01	0.0	0.17357082949679958
2023-11-01	18.0	21.06620381802189
2023-11-01	0.0	0.16873657695441222
2023-11-01	0.0	0.05945176964045726
2023-11-01	0.0	0.017484262822675893
2023-11-01	0.0	0.09152247752850501
2023-11-01	37.5	35.43974742990184
2023-11-01	1.0	2.836412911427541
2023-11-01	1.0	8.132112209211101
2023-11-01	0.0	0.05280482578962181
2023-11-01	0.0	0.22963352082241872
2023-11-01	0.0	0.044028791991338495
2023-11-01	0.0	0.18366657002672843
2023-11-01	1.0	0.8584391609491441
2023-11-01	1.0	1.984306099703767
2023-11-01	1.0	2.129931699402689
2023-11-01	0.0	1.1608266242283456
2023-11-01	1.0	3.868328800381234
2023-11-01	0.0	0.07430757131814392
2023-11-01	1.0	3.4792785811433444
2023-11-01	37.5	36.000483874222155
2023-11-01	8.0	10.793701337587196
2023-11-01	1.0	3.3128091155030983
2023-11-01	0.0	0.05746454805900191
2023-11-01	0.0	0.25679799718409
2023-11-01	37.5	35.53818531107047
2023-11-01	0.0	4.277269139430748
2023-11-01	0.0	0.04661563007751112
2023-11-01	0.0	0.04343342659986536
2023-11-01	0.0	0.08739310740924966
2023-11-01	0.0	0.1495947012426181
2023-11-01	1.0	2.2545725894703574
2023-11-01	0.0	0.6326533382178916
2023-11-01	2.0	2.580896475767659
2023-11-01	1.0	3.449480200223349
2023-11-01	0.0	0.025207210136693074
2023-11-01	1.0	2.2157278160375244
2023-11-01	0.0	0.02464096587083485
2023-11-01	1.0	1.8769502412392243
2023-11-01	0.0	0.043947045876829106
2023-11-01	0.0	1.448836174730787
2023-11-01	0.0	0.010432610075264472
2023-11-01	0.0	0.05607387790546349
2023-11-01	0.0	0.27176425594361864
2023-11-01	8.0	4.25075745589982
2023-11-01	0.0	0.2973324707118988
2023-11-01	0.0	0.19590244757288985
2023-11-01	1.0	3.505810661636566
2023-11-01	0.0	0.001509290678095934
2023-11-01	0.0	0.8594333378499053
2023-11-01	0.0	0.12728408368176986
2023-11-01	0.0	0.015085712707059384
2023-11-01	2.0	3.4619225656953896
2023-11-01	35.0	5.77458708579851
2023-11-01	37.5	25.631659820369393
2023-11-01	0.0	0.013571773738905205
2023-11-01	1.0	2.160428679679321
2023-11-01	1.0	3.548879549088641
2023-11-01	0.0	0.21159098560773648
2023-11-01	2.0	3.7494590890104353
2023-11-01	0.0	0.10473842525668096
2023-11-01	0.0	2.0061672181489456
2023-11-01	0.0	0.0015231574894062241
2023-11-01	2.0	3.1269199783091333
2023-11-01	1.0	2.1301381832607054
2023-11-01	0.0	0.21045208915595112
2023-11-01	4.0	7.179933376080974
2023-11-01	0.0	0.05054066201975455
2023-11-01	0.0	0.19644724141085346
2023-11-01	1.0	3.5089943711730154
2023-11-01	0.0	0.05728793333500608
2023-11-01	0.0	0.04891678294507562
2023-11-01	0.0	0.22728012983105644
2023-11-01	0.0	0.09480294466972611
2023-11-01	3.0	2.465397387948042
2023-11-01	0.0	0.01598688650802871
2023-11-01	0.0	0.0580823267216017
2023-11-01	1.0	1.8078406171036205
2023-11-01	4.0	2.0221967186592122
2023-11-01	1.0	2.1939696538318527
2023-11-01	0.0	0.2913542019549245
2023-11-01	0.0	0.30437107254021056
2023-11-01	2.0	2.4188649084359337
2023-11-01	5.0	8.785439017463695
2023-11-01	1.0	2.4818218443299758
2023-11-01	37.5	4.432613375267248
2023-11-01	0.0	0.2497409891608058
2023-11-01	0.0	0.111745506292328
2023-11-01	0.0	0.23572793859418945
2023-11-01	0.0	0.14611769803802943
2023-11-01	0.0	0.20433799648786927
2023-11-01	0.0	0.05938221860595998
2023-11-01	0.0	0.06977117827780543
2023-11-01	2.0	3.7844641340771346
2023-11-01	37.5	17.867826250495206
2023-11-01	0.0	0.0032315823705371498
2023-11-01	0.0	1.0820818265471568
2023-11-01	0.0	0.27443350208005995
2023-11-01	0.0	0.06226598553368967
2023-11-01	37.5	31.044772316532526
2023-11-01	0.0	0.06710083515221892
2023-11-01	3.0	2.667434121060638
2023-11-01	7.0	3.7481367364148164
2023-11-01	1.0	2.2164034765307647
2023-11-01	0.0	0.15390138071137535
2023-11-01	0.0	0.11870593084313293
2023-11-01	13.0	11.374585050263589
2023-11-01	7.0	4.259829885317239
2023-11-01	0.0	0.0224210080915854
2023-11-01	9.0	18.11764123607307
2023-11-01	0.0	0.22829967561193654
2023-11-01	0.0	0.1178791107334515
2023-11-01	3.0	3.1425001335017777
2023-11-01	9.0	5.3460874721151574
2023-11-01	0.0	0.05288394146392911
2023-11-01	0.0	0.023067260531861873
2023-11-01	0.0	0.13503066172363265
2023-11-01	6.0	3.3219845117014213
2023-11-01	0.0	0.2616882810698676
2023-11-01	37.5	30.901844858674036
2023-11-01	37.5	37.449009830849484
2023-11-01	1.0	2.9782704322603046
2023-11-01	2.0	2.2925735425415543
2023-11-01	6.0	13.970900299249678
2023-11-01	0.0	0.05812191905662365
2023-11-01	0.0	0.21370491634194894
2023-11-01	11.0	3.9078403768521186
2023-11-01	3.0	2.1603711381269903
2023-11-01	0.0	0.34787037353211575
2023-11-01	0.0	0.02414831910639537
2023-11-01	0.0	0.023246071825216246
2023-11-01	0.0	0.08785313173796272
2023-11-01	0.0	0.052412669220041806
2023-11-01	0.0	0.07258953310117931
2023-11-01	19.0	19.582668523410437
2023-11-01	1.0	2.461032208611647
2023-11-01	20.0	12.067119710364068
2023-11-01	2.0	3.2382994951674715
2023-11-01	0.0	0.12624871944480426
2023-11-01	15.0	4.433108420507855
2023-11-01	1.0	6.055999888649819
2023-11-01	0.0	0.03174033301819809
2023-11-01	10.0	4.5069122197461695
2023-11-01	0.0	0.21044341663791175
2023-11-01	2.0	6.6249628511237555
2023-11-01	6.0	12.452450743056644
2023-11-01	0.0	0.05214665866808343
2023-11-01	2.0	6.016041574924744
2023-11-01	2.0	2.795997982032169
2023-11-01	3.0	2.76025059105847
2023-11-01	4.0	4.986331750170364
2023-11-01	0.0	0.21347234508428345
2023-11-01	0.0	0.09689164201888723
2023-11-01	1.0	4.9609180756744795
2023-11-01	0.0	0.0015231574894062241
2023-11-01	2.0	2.7816641846302557
2023-11-01	0.0	0.23384893961872044
2023-11-01	0.0	0.06037605640744947
2023-11-01	0.0	0.15616470984471265
2023-11-01	0.0	0.07849110668761378
2023-11-01	0.0	0.2649129479816741
2023-11-01	1.0	2.3125566772260977
2023-11-01	2.0	2.1712928522274675
2023-11-01	0.0	0.01481632644954882
2023-11-01	1.0	3.2811658312552465
2023-11-01	0.0	0.16704900833002295
2023-11-01	1.0	2.198709918278949
2023-11-01	1.0	1.44099807934336
2023-11-01	0.0	0.020835910436271143
2023-11-01	9.0	14.564758083424996
2023-11-01	1.0	2.988332273796182
2023-11-01	0.0	0.014806148431931569
2023-11-01	0.0	0.19682719826069237
2023-11-01	0.0	0.012543299234166453
2023-11-01	21.0	5.481345882376832
2023-11-01	1.0	2.16112779715054
2023-11-01	1.0	15.803680846427634
2023-11-01	1.0	2.8608213866269208
2023-11-01	2.0	2.034586557007371
2023-11-01	0.0	0.2961881078718633
2023-11-01	0.0	0.13689611208577301
2023-11-01	1.0	2.049481548234384
2023-11-01	0.0	0.13089925415610992
2023-11-01	0.0	0.016426565858767134
2023-11-01	37.5	20.725711125120945
2023-11-01	0.0	0.1731068728355274
2023-11-01	0.0	0.014806148431931569
2023-11-01	0.0	0.1937752142319183
2023-11-01	0.0	0.13497671577828574
2023-11-01	6.0	13.28216108329783
2023-11-01	0.0	0.1136604479452274
2023-11-01	3.0	6.784694516758501
2023-11-01	0.0	0.0188789054288995
2023-11-01	4.0	5.570178401140572
2023-11-01	0.0	0.12753477436824245
2023-11-01	0.0	0.21823173294028592
2023-11-01	1.0	2.9809976532777265
2023-11-01	2.0	8.489724822308341
2023-11-01	0.0	0.045704940628175345
2023-11-01	0.0	0.17817197652146033
2023-11-01	0.0	0.1505548056911888
2023-11-01	0.0	0.293487660976274
2023-11-01	8.0	3.683351104889469
2023-11-01	15.0	20.38460277651404
2023-11-01	4.0	2.3324927353637386
2023-11-01	35.0	30.072634284531258
2023-11-01	0.0	0.024445912309624108
2023-11-01	0.0	0.025207210136693074
2023-11-01	0.0	0.36440741914644187
2023-11-01	37.5	37.895846325006396
2023-11-01	0.0	0.10366795346587457
2023-11-01	0.0	0.04817821432630003
2023-11-01	0.0	0.5606458327418538
2023-11-01	0.0	0.032500741954564885
2023-11-01	1.0	2.38294661854197
2023-11-01	14.0	12.520970295168777
2023-11-01	34.0	19.289374379592076
2023-11-01	3.0	4.144229358160258
2023-11-01	14.0	10.500352237295742
2023-11-01	12.0	29.028955950754774
2023-11-01	0.0	0.1513002921877666
2023-11-01	2.0	4.041553480130822
2023-11-01	0.0	0.001767263560398042
2023-11-01	0.0	0.3079495164527376
2023-11-01	1.0	2.128255823643914
2023-11-01	1.0	3.1504291966387954
2023-11-01	0.0	0.0033824398400001537
2023-11-01	2.0	0.12381270436522547
2023-11-01	0.0	0.018127439886308966
2023-11-01	0.0	0.05717599080660531
2023-11-01	37.5	35.17391128672941
2023-11-01	0.0	0.17534337833171257
2023-11-01	0.0	0.08413667610687113
2023-11-01	0.0	0.026109425988244596
2023-11-01	0.0	0.15426351540658154
2023-11-01	0.0	0.4949612946540415
2023-11-01	0.0	0.22452677759226025
2023-11-01	0.0	0.1797122890477111
2023-11-01	0.0	0.13514228895031294
2023-11-01	0.0	0.09973536010649156
2023-11-01	1.0	3.796367241635282
2023-11-01	0.0	2.667018100785305
2023-11-01	0.0	0.5488217217554958
2023-11-01	22.0	21.89989594769018
2023-11-01	4.0	7.158897598767387
2023-11-01	37.5	2.8789058671532795
2023-11-01	1.0	4.764201848948709
2023-11-01	5.0	5.733071654498138
2023-11-01	0.0	0.02405078975605862
2023-11-01	0.0	0.27789231057124725
2023-11-01	0.0	0.12051931291177911
2023-11-01	4.0	4.907327105570414
2023-11-01	0.0	0.03774514964028189
2023-11-01	0.0	0.008440848069693925
2023-11-01	4.0	2.406780730475183
2023-11-01	3.0	3.5020199722523193
2023-11-01	3.0	3.235006163371396
2023-11-01	0.0	0.0015231574894062241
2023-11-01	0.0	0.022505387735663053
2023-11-01	0.0	0.17150926776713665
2023-11-01	4.0	2.900810785175146
2023-11-01	0.0	0.06303872448733651
2023-11-01	1.0	4.69818022773627
2023-11-01	0.0	0.09750335989428188
2023-11-01	32.0	17.140249138879202
2023-11-01	1.0	2.476426934845917
2023-11-01	0.0	0.014681048269096218
2023-11-01	0.0	0.0022519522232153045
2023-11-01	0.0	0.2837519473556104
2023-11-01	5.0	3.143510786712848
2023-11-01	3.0	2.2236429861764115
2023-11-01	0.0	0.19078977425068994
2023-11-01	1.0	2.76493322486647
2023-11-01	0.0	0.2305485950067988
2023-11-01	1.0	1.9458364833151252
2023-11-01	0.0	0.2401136488837667
2023-11-01	0.0	0.018840315408506322
2023-11-01	1.0	2.102330052712946
2023-11-01	1.0	2.0861007210855744
2023-11-01	1.0	3.6038146197506467
2023-11-01	0.0	0.16475864704336457
2023-11-01	37.5	30.803429544237147
2023-11-01	0.0	0.09409434762362949
2023-11-01	6.0	6.297355465289707
2023-11-01	0.0	0.2772331494968989
2023-11-01	0.0	0.5401654706446514
2023-11-01	2.0	3.0517474095083994
2023-11-01	14.0	21.20204879323999
2023-11-01	5.0	3.064075224092029
2023-11-01	0.0	0.007442898218496557
2023-11-01	32.0	34.03445060418848
2023-11-01	5.0	15.063346281820849
2023-11-01	1.0	3.1945808887173284
2023-11-01	2.0	3.9403833166541045
2023-11-01	0.0	0.020614659579859973
2023-11-01	10.0	9.75950359901572
2023-11-01	0.0	0.06359946139467341
2023-11-01	0.0	0.15820205584640895
2023-11-01	0.0	0.21474412368507104
2023-11-01	0.0	0.05730766355287567
2023-11-01	0.0	0.7364244823191761
2023-11-01	0.0	0.04620052686187203
2023-11-01	0.0	0.04219759179093865
2023-11-01	1.0	3.9741717466284907
2023-11-01	4.0	3.1199453237842047
2023-11-01	1.0	3.354681572847846
2023-11-01	4.0	8.636977809554628
2023-11-01	0.0	0.13858008601133204
2023-11-01	0.0	0.014991900771118647
2023-11-01	1.0	1.848482757259799
2023-11-01	0.0	0.2489308201298208
2023-11-01	0.0	0.2397289730997244
2023-11-01	0.0	0.027686735917764427
2023-11-01	37.5	28.208234028478866
2023-11-01	24.0	23.808779960897848
2023-11-01	0.0	0.015623987749085614
2023-11-01	0.0	0.0015338490038791423
2023-11-01	1.0	2.433106512633829
2023-11-01	0.0	0.27435864289984413
2023-11-01	19.0	8.96436158020197
2023-11-01	1.0	2.8978688748128634
2023-11-01	0.0	0.021891713817680257
2023-11-01	1.0	2.3194760953784757
2023-11-01	2.0	7.699965525151075
2023-11-01	0.0	0.4523318760939011
2023-11-01	1.0	1.9511737874894644
2023-11-01	0.0	0.28428626588729783
2023-11-01	0.0	0.2230229143214639
2023-11-01	0.0	0.17069258341425672
2023-11-01	1.0	4.505966764250739
2023-11-01	0.0	0.021750617194161583
2023-11-01	0.0	0.2564645283937689
2023-12-01	2.0	8.595774198037834
2023-12-01	0.0	0.030196534328277288
2023-12-01	4.0	10.571197812512528
2023-12-01	1.0	2.270525223114482
2023-12-01	10.0	6.165872460033052
2023-12-01	0.0	0.08077787224614227
2023-12-01	1.0	2.3986087524645514
2023-12-01	37.5	37.1973143475461
2023-12-01	5.0	27.19458231359649
2023-12-01	0.0	0.15197930765509488
2023-12-01	0.0	0.3560661507388524
2023-12-01	3.0	3.212670493124258
2023-12-01	0.0	0.08109841845807461
2023-12-01	1.0	2.636335185912181
2023-12-01	0.0	0.00807960388042984
2023-12-01	0.0	0.11578812099057367
2023-12-01	4.0	9.465147810482668
2023-12-01	3.0	3.760316006745534
2023-12-01	0.0	0.5501474823195677
2023-12-01	2.0	3.436813518217676
2023-12-01	0.0	0.14144488416406084
2023-12-01	3.0	4.902440156003273
2023-12-01	0.0	0.07706844672335904
2023-12-01	0.0	0.4244037864689199
2023-12-01	7.0	5.80960087968134
2023-12-01	3.0	3.663194348518522
2023-12-01	0.0	0.031005053508368362
2023-12-01	1.0	1.613408701440079
2023-12-01	1.0	3.9916284026109348
2023-12-01	0.0	0.5721406493036293
2023-12-01	0.0	0.2238948861158559
2023-12-01	0.0	0.11507646351729232
2023-12-01	0.0	0.030196534328277288
2023-12-01	1.0	1.7878694612636248
2023-12-01	21.0	11.280205609034844
2023-12-01	0.0	0.1599173369889929
2023-12-01	0.0	0.27076661829973797
2023-12-01	1.0	4.518813432670221
2023-12-01	0.0	0.36951231664837125
2023-12-01	0.0	0.4912558665784988
2023-12-01	0.0	0.36109288838098985
2023-12-01	0.0	0.35791467148124767
2023-12-01	0.0	0.12933377176509753
2023-12-01	1.0	4.288143754200462
2023-12-01	10.0	14.883004422542127
2023-12-01	3.0	2.5962056988174274
2023-12-01	0.0	0.7061890246838952
2023-12-01	1.0	6.913458450669886
2023-12-01	37.5	17.48771052025292
2023-12-01	2.0	2.404941452897031
2023-12-01	20.0	3.769905383024351
2023-12-01	1.0	2.066663846024218
2023-12-01	0.0	0.4584380083717002
2023-12-01	1.0	4.046157135964312
2023-12-01	33.0	5.870030353230566
2023-12-01	0.0	0.2963296694413795
2023-12-01	4.0	3.2601980268498036
2023-12-01	0.0	0.48747012590791666
2023-12-01	0.0	0.030196534328277288
2023-12-01	0.0	0.7481370523598262
2023-12-01	0.0	0.39939547783351
2023-12-01	0.0	0.2326113395426749
2023-12-01	2.0	3.600930421223819
2023-12-01	0.0	0.5736275547456566
2023-12-01	3.0	5.901305560568858
2023-12-01	0.0	0.030469500217601166
2023-12-01	2.0	3.9491995618784244
2023-12-01	0.0	0.10737655346300848
2023-12-01	0.0	0.6006950952266854
2023-12-01	0.0	0.07986419891861747
2023-12-01	0.0	0.030551522460091334
2023-12-01	2.0	6.325484669198357
2023-12-01	3.0	5.644986145120531
2023-12-01	0.0	0.16069304067707146
2023-12-01	0.0	0.2065821599268223
2023-12-01	6.0	5.0113680066437745
2023-12-01	0.0	0.2112385107869491
2023-12-01	7.0	5.607668934591141
2023-12-01	1.0	3.6316985497032555
2023-12-01	30.0	7.351666189322193
2023-12-01	0.0	0.01831294828810279
2023-12-01	2.0	3.2358898482508662
2023-12-01	1.0	2.270279281038307
2023-12-01	3.0	2.3818596900168987
2023-12-01	0.0	0.030182667516966997
2023-12-01	0.0	0.17627450730979063
2023-12-01	0.0	1.9804534625947368
2023-12-01	1.0	2.1012231257977403
2023-12-01	0.0	0.08024423466428
2023-12-01	0.0	0.11093996863002421
2023-12-01	0.0	0.41684448866441376
2023-12-01	1.0	2.2953552707826996
2023-12-01	1.0	2.817947238152156
2023-12-01	0.0	0.25453011688168725
2023-12-01	0.0	0.2709558486734672
2023-12-01	37.5	36.12929471288555
2023-12-01	10.0	6.432722008545168
2023-12-01	0.0	0.05600439989461925
2023-12-01	37.5	27.7098869679093
2023-12-01	0.0	0.11724401899658021
2023-12-01	0.0	0.029466885158131187
2023-12-01	1.0	1.4638151189351805
2023-12-01	2.0	2.8138363811512996
2023-12-01	37.5	35.43971540030562
2023-12-01	0.0	1.0156466344454453
2023-12-01	7.0	2.8401854536828575
2023-12-01	1.0	3.0999735078305255
2023-12-01	2.0	4.404587991837777
2023-12-01	0.0	0.03635747314888654
2023-12-01	1.0	1.9064542090388037
2023-12-01	1.0	10.433303375225236
2023-12-01	2.0	3.5432083438672204
2023-12-01	0.0	0.09543289091306756
2023-12-01	1.0	4.308880225696763
2023-12-01	0.0	0.08109841845807461
2023-12-01	0.0	0.06729383169440414
2023-12-01	3.0	2.6162653158691436
2023-12-01	1.0	3.1075458107226686
2023-12-01	0.0	0.4628015940398203
2023-12-01	0.0	1.2904891707231068
2023-12-01	0.0	0.19734733667368615
2023-12-01	0.0	0.2921557164135055
2023-12-01	0.0	0.3408391396802135
2023-12-01	0.0	0.47101557901632396
2023-12-01	22.0	26.49883990300718
2023-12-01	0.0	0.454149679747888
2023-12-01	9.0	5.532470945341603
2023-12-01	23.0	7.994729365278646
2023-12-01	0.0	0.19474927761876132
2023-12-01	1.0	2.4911412213729314
2023-12-01	0.0	0.05600139809470597
2023-12-01	0.0	0.2742204271877309
2023-12-01	0.0	0.08018791552478505
2023-12-01	0.0	0.12930341541154738
2023-12-01	0.0	0.1679129603928758
2023-12-01	0.0	0.013019132735011624
2023-12-01	1.0	2.2464522335004253
2023-12-01	0.0	0.1618692439650942
2023-12-01	0.0	0.29347022611473494
2023-12-01	6.0	12.428820965942501
2023-12-01	0.0	0.2040981715128397
2023-12-01	6.0	4.616547026791119
2023-12-01	11.0	23.730949600566948
2023-12-01	1.0	1.9463618827758367
2023-12-01	4.0	3.6069934521200357
2023-12-01	0.0	0.1443504714640453
2023-12-01	0.0	0.052168601903596214
2023-12-01	37.5	37.612561420929154
2023-12-01	0.0	0.06012826616730209
2023-12-01	1.0	3.700241072136703
2023-12-01	0.0	0.25498794133081604
2023-12-01	0.0	0.10479690613580543
2023-12-01	0.0	0.09139258255178323
2023-12-01	0.0	0.28338590527880203
2023-12-01	0.0	0.20435402409587772
2023-12-01	0.0	0.5076758677577
2023-12-01	0.0	0.5585222194018848
2023-12-01	0.0	0.19298702760344838
2023-12-01	6.0	3.7138548248373096
2023-12-01	2.0	5.043040609780345
2023-12-01	0.0	0.16125457825693554
2023-12-01	1.0	3.170593539708934
2023-12-01	0.0	0.08102075405472363
2023-12-01	0.0	0.17390655420525095
2023-12-01	0.0	0.15995338859762645
2023-12-01	0.0	0.19934103377040902
2023-12-01	1.0	2.557657491389526
2023-12-01	13.0	10.786354182691902
2023-12-01	1.0	1.855440701630664
2023-12-01	0.0	0.09166143181292889
2023-12-01	0.0	0.6696960680176864
2023-12-01	12.0	6.333726953121635
2023-12-01	37.5	37.5268543981535
2023-12-01	1.0	1.6726454238943262
2023-12-01	0.0	0.6342273859565153
2023-12-01	0.0	0.20136537087881884
2023-12-01	2.0	5.310743630540435
2023-12-01	0.0	0.28404066578727166
2023-12-01	0.0	0.240091740591669
2023-12-01	11.0	9.370733725314418
2023-12-01	0.0	0.4105042646199737
2023-12-01	30.0	3.527312172909589
2023-12-01	4.0	3.9526222917668163
2023-12-01	0.0	0.1808614655411637
2023-12-01	4.0	4.751597966646853
2023-12-01	0.0	0.41908466049990384
2023-12-01	3.0	2.9592642606942894
2023-12-01	6.0	5.750370224106919
2023-12-01	0.0	0.08771090226198965
2023-12-01	0.0	0.38562418049391517
2023-12-01	0.0	0.8572144229892966
2023-12-01	2.0	4.600908173853721
2023-12-01	0.0	0.4030175774760495
2023-12-01	0.0	1.6640088573325862
2023-12-01	12.0	8.241582365847506
2023-12-01	2.0	1.794158307205163
2023-12-01	0.0	0.005014061134828955
2023-12-01	0.0	7.054387538811115
2023-12-01	7.0	9.962637348234084
2023-12-01	0.0	1.916739563699891
2023-12-01	0.0	0.24785407679042443
2023-12-01	0.0	0.016269862395755532
2023-12-01	0.0	0.1081892277421826
2023-12-01	1.0	2.858016347984208
2023-12-01	0.0	0.01865309042255232
2023-12-01	37.5	24.054521674880096
2023-12-01	0.0	1.6585882314642595
2023-12-01	1.0	1.7283321673824141
2023-12-01	2.0	2.4290891746519048
2023-12-01	0.0	1.1725831028012417
2023-12-01	3.0	3.659109847958564
2023-12-01	1.0	2.817718431451974
2023-12-01	3.0	4.790948909850119
2023-12-01	2.0	4.154239897842442
2023-12-01	0.0	0.537559689997128
2023-12-01	1.0	2.3881438049678
2023-12-01	0.0	0.062067545524832735
2023-12-01	0.0	1.1778497240625425
2023-12-01	0.0	0.33104397039374184
2023-12-01	1.0	2.3027391913871886
2023-12-01	0.0	0.9481670309016201
2023-12-01	33.0	29.07913066472908
2023-12-01	1.0	3.6150384445040373
2023-12-01	1.0	3.71847474319216
2023-12-01	0.0	0.20080874951707092
2023-12-01	26.0	20.803984146326613
2023-12-01	0.0	0.08192745363595672
2023-12-01	0.0	0.26832382712235164
2023-12-01	6.0	3.6927836389991495
2023-12-01	0.0	0.12775882307649727
2023-12-01	0.0	0.24930514895331027
2023-12-01	2.0	5.753802300247916
2023-12-01	1.0	2.2125598904257813
2023-12-01	17.0	17.596015596101612
2023-12-01	37.5	36.645655852563536
2023-12-01	25.0	7.671498053515861
2023-12-01	2.0	3.7356387403391316
2023-12-01	37.5	11.320386473771284
2023-12-01	1.0	3.8155536300015718
2023-12-01	0.0	0.12011085268049476
2023-12-01	37.5	32.571955631136284
2023-12-01	1.0	1.9044407577665303
2023-12-01	0.0	0.08771090226198965
2023-12-01	0.0	0.5254900469460644
2023-12-01	1.0	3.302504059197386
2023-12-01	1.0	1.8025128250439644
2023-12-01	1.0	1.928718743918978
2023-12-01	37.5	35.51207576195153
2023-12-01	0.0	0.11801411839690072
2023-12-01	0.0	0.9733325910444536
2023-12-01	0.0	0.20015167959113667
2023-12-01	0.0	0.07502866690204871
2023-12-01	0.0	0.0871164846813522
2023-12-01	4.0	0.1620459709950156
2023-12-01	0.0	1.51145137661039
2023-12-01	0.0	0.3823385454018961
2023-12-01	0.0	0.12104438107671706
2023-12-01	10.0	32.66537217831883
2023-12-01	0.0	0.48988021812200155
2023-12-01	6.0	3.5419407843158686
2023-12-01	1.0	2.6782869216721363
2023-12-01	0.0	0.32403671894560193
2023-12-01	0.0	0.16601488787080798
2023-12-01	2.0	3.3688496193416597
2023-12-01	5.0	3.9710973700410888
2023-12-01	6.0	3.2270972191294027
2023-12-01	3.0	3.698548415081693
2023-12-01	5.0	14.82522899318059
2023-12-01	3.0	3.6882036730463374
2023-12-01	0.0	0.19131013949971135
2023-12-01	0.0	0.5395989484485013
2023-12-01	0.0	0.03219879449150631
2023-12-01	0.0	0.6027964856454666
2023-12-01	37.5	34.36882520878647
2023-12-01	27.0	36.66316017558026
2023-12-01	0.0	0.2630994103939056
2023-12-01	0.0	0.1693853936989583
2023-12-01	0.0	0.025631280683013246
2023-12-01	0.0	0.03047667643530514
2023-12-01	0.0	0.08666444444024357
2023-12-01	0.0	0.5110350773906157
2023-12-01	8.0	4.401298236890101
2023-12-01	12.0	26.466677964519207
2023-12-01	6.0	10.977416360265636
2023-12-01	26.0	32.48776410027662
2023-12-01	0.0	0.0876568240271088
2023-12-01	7.0	9.794976787576283
2023-12-01	7.0	11.530319210699668
2023-12-01	2.0	1.6893351169672808
2023-12-01	0.0	0.05218844686273974
2023-12-01	3.0	3.6630539701815907
2023-12-01	0.0	0.1419997428224513
2023-12-01	0.0	0.17395660137072572
2023-12-01	0.0	0.3815077793088351
2023-12-01	0.0	0.02091133658564354
2023-12-01	0.0	0.030196534328277288
2023-12-01	0.0	0.07334136657014777
2023-12-01	1.0	4.496300458363394
2023-12-01	1.0	2.4958846436162982
2023-12-01	2.0	3.3390867952816796
2023-12-01	0.0	0.32458847928547113
2023-12-01	0.0	0.2247083823674981
2023-12-01	1.0	7.103905125692856
2023-12-01	1.0	2.160875943747874
2023-12-01	5.0	15.29824127122071
2023-12-01	37.5	37.80542232845324
2023-12-01	5.0	4.019561171156348
2023-12-01	0.0	0.16937457577432075
2023-12-01	0.0	0.09041121618942524
2023-12-01	1.0	2.0098679674156177
2023-12-01	15.0	10.84425909427865
2023-12-01	0.0	0.08290559219208057
2023-12-01	37.5	22.72176380663074
2023-12-01	13.0	3.6953767719494346
2023-12-01	9.0	7.09152245041647
2023-12-01	20.0	19.669667430586216
2023-12-01	2.0	1.022795471737529
2023-12-01	7.0	3.6824876100880166
2023-12-01	13.0	15.831541794517754
2023-12-01	2.0	4.318470899787442
2023-12-01	0.0	1.3538426999952509
2023-12-01	0.0	0.1883625760531058
2023-12-01	0.0	0.5047367719636171
2023-12-01	0.0	0.7742119781614791
2023-12-01	37.5	32.30636613214497
2023-12-01	37.5	25.355136716938155
2023-12-01	0.0	0.15802467397882272
2023-12-01	2.0	2.6696417183809427
2023-12-01	1.0	2.852911327413697
2023-12-01	37.5	34.72955388258238
2023-12-01	37.5	33.456265221243456
2023-12-01	37.5	31.61430195326687
2023-12-01	3.0	4.661605188929517
2023-12-01	0.0	0.010898197109501219
2023-12-01	0.0	0.07244801248963487
2023-12-01	0.0	0.27722000614213566
2023-12-01	1.0	2.68250401642883
2023-12-01	1.0	1.303936919022806
2023-12-01	37.5	36.62512960546022
2023-12-01	0.0	0.030196534328277288
2023-12-01	1.0	2.8648599148761242
2023-12-01	0.0	0.34914177678284647
2023-12-01	0.0	0.030182667516966997
2023-12-01	1.0	10.200561684527251
2023-12-01	4.0	9.204297284114968
2023-12-01	37.5	37.69873958274695
2023-12-01	37.5	35.68693036774805
2023-12-01	1.0	0.07553529337747161
2023-12-01	11.0	5.072693128817222
2023-12-01	2.0	3.7488510638287273
2023-12-01	4.0	5.937514752122492
2023-12-01	0.0	0.2185088927265893
2023-12-01	1.0	4.212222838235609
2023-12-01	1.0	2.8646671861760833
2023-12-01	0.0	1.347925857655771
2023-12-01	1.0	2.4848013435614638
2023-12-01	1.0	2.308576862616052
2023-12-01	0.0	0.38661599318745177
2023-12-01	1.0	4.064075366151643
2023-12-01	1.0	1.7385730375671415
2023-12-01	0.0	0.0772965235970656
2023-12-01	2.0	3.3011472390359287
2023-12-01	0.0	0.061245926688944755
2023-12-01	0.0	0.18947523739346367
2023-12-01	6.0	6.60790015742089
2023-12-01	0.0	0.05600439989461925
2023-12-01	1.0	3.120030626212205
2023-12-01	0.0	0.33345969173719076
2023-12-01	0.0	0.03595572410200868
2023-12-01	37.5	34.72758128011402
2023-12-01	0.0	0.016954445277138182
2023-12-01	1.0	2.79338319190396
2023-12-01	0.0	0.21860474561397647
2023-12-01	0.0	0.7299796274205581
2023-12-01	0.0	0.055994221877001996
2023-12-01	0.0	0.05639166476119664
2023-12-01	0.0	0.04474333316755272
2023-12-01	0.0	0.05743520307391173
2023-12-01	15.0	15.794913166065774
2023-12-01	0.0	1.3470435810566028
2023-12-01	5.0	5.83331684115831
2023-12-01	3.0	4.825102312422629
2023-12-01	1.0	1.6806014807254346
2023-12-01	0.0	2.411681974827193
2023-12-01	7.0	1.990083225596191
2023-12-01	0.0	0.16135592938475996
2023-12-01	3.0	3.034157300706364
2023-12-01	37.5	35.84499226865668
2023-12-01	30.0	11.754280159807259
2023-12-01	0.0	0.31696269301847074
2023-12-01	0.0	0.7050730835109065
2023-12-01	0.0	0.7161144665719757
2023-12-01	0.0	0.6328212606135734
2023-12-01	1.0	5.622509837258414
2023-12-01	20.0	6.665414694274749
2023-12-01	2.0	4.124683508284774
2023-12-01	2.0	3.639720880318813
2023-12-01	0.0	0.030196534328277288
2023-12-01	2.0	1.6367964298880529
2023-12-01	0.0	0.1403975951791446
2023-12-01	1.0	3.0774780105224266
2023-12-01	0.0	1.9959650478336677
2023-12-01	3.0	2.922339491848295
2023-12-01	0.0	0.3452473111188622
2023-12-01	1.0	2.830997448926696
2023-12-01	2.0	2.5877238515475547
2023-12-01	2.0	2.2960579067682376
2023-12-01	0.0	0.15535886822912126
2023-12-01	21.0	9.093663404735693
2023-12-01	1.0	2.1882097097829636
2023-12-01	1.0	1.8935738285464971
2023-12-01	1.0	2.059706817022442
2023-12-01	1.0	1.8481609895721829
2023-12-01	1.0	2.3517318004092815
2023-12-01	5.0	3.058826400955214
2023-12-01	0.0	0.12778648131261855
2023-12-01	0.0	0.6329194341048868
2023-12-01	0.0	1.2031965156831876
2023-12-01	0.0	0.01752775266840813
2023-12-01	13.0	26.059002290010714
2023-12-01	0.0	0.3374513322171452
2023-12-01	2.0	0.4710842347726505
2023-12-01	0.0	0.8945064703263901
2023-12-01	37.5	33.950332588976224
2023-12-01	0.0	1.136796105720304
2023-12-01	0.0	0.002804903824018506
2023-12-01	0.0	0.43678421794365485
2023-12-01	24.0	29.643906011958574
2023-12-01	1.0	3.503517472371594
2023-12-01	0.0	0.22446371363484668
2023-12-01	6.0	3.150064798583983
2023-12-01	0.0	0.5036537918208662
2023-12-01	0.0	0.44901339006526764
2023-12-01	0.0	0.17943041338480697
2023-12-01	0.0	0.29708018346595005
2023-12-01	0.0	0.22390314683518125
2023-12-01	37.5	34.76277568244059
2023-12-01	37.0	7.055533933358019
2023-12-01	2.0	3.33936632588073
2023-12-01	0.0	0.22205385327415816
2023-12-01	0.0	1.4678213527614337
2023-12-01	37.5	37.610822218963484
2023-12-01	12.0	3.785553311572776
2023-12-01	1.0	2.9212269238803326
2023-12-01	37.5	22.502723143826046
2023-12-01	2.0	2.5124883002716167
2023-12-01	1.0	2.8264552443140993
2023-12-01	0.0	0.10657617514049508
2023-12-01	0.0	0.867230708872481
2023-12-01	4.0	3.272243628394132
2023-12-01	3.0	4.215433792117368
2023-12-01	2.0	8.723194105296528
2023-12-01	0.0	0.07916481822282985
2023-12-01	2.0	3.837262064273027
2023-12-01	1.0	5.443246338271701
2023-12-01	37.5	27.68003403806257
2023-12-01	0.0	0.22836280029741926
2023-12-01	0.0	0.7070522520832875
2023-12-01	0.0	0.13144834382521559
2023-12-01	0.0	0.03595572410200868
2023-12-01	0.0	0.1788626463861563
2023-12-01	37.5	25.231914132051198
2023-12-01	0.0	0.05668936506579643
2023-12-01	1.0	2.7166975439644356
2023-12-01	0.0	0.10112993185739522
2023-12-01	1.0	5.258389123290173
2023-12-01	37.5	36.660451701476795
2023-12-01	4.0	4.842818225232005
2023-12-01	0.0	0.19012771507681536
2023-12-01	0.0	0.6150762099826231
2023-12-01	37.5	37.27655412919388
2023-12-01	2.0	2.4619628869723567
2023-12-01	0.0	0.16395210982296365
2023-12-01	18.0	15.651594807577238
2023-12-01	0.0	0.9602575747902857
2023-12-01	15.0	8.381536798912446
2023-12-01	0.0	0.15883525035161944
2023-12-01	0.0	0.5651987466745796
2023-12-01	0.0	0.9296804828839094
2023-12-01	0.0	0.3092071901115331
2023-12-01	0.0	0.1533198846409421
2023-12-01	3.0	9.940502997719678
2023-12-01	0.0	1.3034106501869895
2023-12-01	17.0	4.422030980707092
2023-12-01	0.0	1.2016525385246313
2023-12-01	1.0	2.515964465926089
2023-12-01	37.5	32.07828353508531
2023-12-01	0.0	0.25480158639903194
2023-12-01	0.0	0.2728691465596711
2023-12-01	0.0	0.08901840436709428
2023-12-01	0.0	0.09058543148010095
2023-12-01	13.0	16.27588972289269
2023-12-01	2.0	2.718721405658303
2023-12-01	0.0	0.32951679682865864
2023-12-01	1.0	2.132857115331842
2023-12-01	0.0	0.19835879683819513
2023-12-01	0.0	0.05954930848053762
2023-12-01	0.0	0.030196534328277288
2023-12-01	7.0	3.433066550477838
2023-12-01	26.0	10.348661121744303
2023-12-01	8.0	4.037019252676181
2023-12-01	1.0	0.21614475597059832
2023-12-01	30.0	5.059744844956138
2023-12-01	37.5	24.265208726379488
2023-12-01	37.5	29.78680120219817
2023-12-01	0.0	0.03188955659688802
2023-12-01	3.0	1.5054195048977768
2023-12-01	1.0	1.3705834301308006
2023-12-01	0.0	0.04946068387691087
2023-12-01	0.0	0.44332334060887113
2023-12-01	4.0	8.981349407011827
2023-12-01	1.0	2.83239063780693
2023-12-01	0.0	0.13976765005410005
2023-12-01	5.0	4.123928981775242
2023-12-01	3.0	4.135943022622264
2023-12-01	0.0	0.06053431753836276
2023-12-01	0.0	0.04220365544315699
2023-12-01	1.0	4.9935953135695454
2023-12-01	1.0	2.6467765420129057
2023-12-01	0.0	0.1175561548693958
2023-12-01	0.0	0.12652702374515118
2023-12-01	0.0	0.1484135986936786
2023-12-01	1.0	2.133233668835899
2023-12-01	0.0	6.8777568460206435
2023-12-01	21.0	18.169581438070836
2023-12-01	0.0	0.13042663225101517
2023-12-01	0.0	0.05308616798174211
2023-12-01	0.0	0.3180216866539558
2023-12-01	11.0	11.467848230419488
2023-12-01	0.0	3.4852671380168045
2023-12-01	0.0	0.7848408946061006
2023-12-01	1.0	1.9808184453196436
2023-12-01	0.0	0.2143659941856074
2023-12-01	12.0	10.507898175702998
2023-12-01	0.0	0.05601157611232323
2023-12-01	0.0	3.0559748746518913
2023-12-01	0.0	0.07101788283153829
2023-12-01	0.0	2.4048788451317007
2023-12-01	0.0	0.3147335620196058
2023-12-01	0.0	0.07857644536315211
2023-12-01	0.0	0.39275987148299973
2023-12-01	0.0	2.60622370281476
2023-12-01	1.0	4.62170820559871
2023-12-01	37.5	37.26702624895556
2023-12-01	25.0	32.67087012287123
2023-12-01	8.0	12.517404797516452
2023-12-01	0.0	0.22031085607580203
2023-12-01	1.0	1.3966271013755658
2023-12-01	1.0	2.048549410504254
2023-12-01	1.0	6.211260853118465
2023-12-01	1.0	2.3458262080348966
2023-12-01	11.0	6.029074589108666
2023-12-01	37.5	29.209523682933508
2023-12-01	0.0	0.030182667516966997
2023-12-01	4.0	0.2502788169004656
2023-12-01	14.0	5.797140700622459
2023-12-01	0.0	0.13429765681216504
2023-12-01	5.0	5.763864870677017
2023-12-01	1.0	1.857786508718024
2023-12-01	1.0	3.587220828664108
2023-12-01	1.0	2.558584429129067
2023-12-01	0.0	0.28972882890339957
2023-12-01	0.0	0.12502719425768452
2023-12-01	0.0	0.031005053508368362
2023-12-01	6.0	8.280204229827257
2023-12-01	0.0	0.5841390788785781
2023-12-01	3.0	1.1652022702319855
2023-12-01	37.5	37.705042287468345
2023-12-01	1.0	2.396472541475045
2023-12-01	1.0	1.7659467713350863
2023-12-01	0.0	0.14961171164200046
2023-12-01	0.0	0.2609977728055218
2023-12-01	2.0	6.244834397586283
2023-12-01	1.0	2.330642435598229
2023-12-01	0.0	0.37260589644371583
2023-12-01	24.0	27.452168965217748
2023-12-01	0.0	0.26271196945252445
2023-12-01	0.0	0.7070459825848225
2023-12-01	0.0	0.6345388226288742
2023-12-01	0.0	0.2967780271913412
2023-12-01	37.5	32.77187040978234
2023-12-01	0.0	0.07554246959517559
2023-12-01	0.0	0.0094064372059383
2023-12-01	1.0	2.8680912533648852
2023-12-01	2.0	2.7747933663582005
2023-12-01	3.0	2.8636853264779103
2023-12-01	2.0	3.8756562353807285
2023-12-01	1.0	1.6354203415515163
2023-12-01	0.0	0.16330160428929388
2023-12-01	0.0	0.05600139809470597
2023-12-01	4.0	2.46594909107948
2023-12-01	1.0	3.009278930422906
2023-12-01	0.0	0.2517653231346522
2023-12-01	0.0	0.0579696506447255
2023-12-01	5.0	4.592019513968945
2023-12-01	0.0	0.0712711062669287
2023-12-01	0.0	0.35965720648505956
2023-12-01	0.0	0.317661837802325
2023-12-01	3.0	3.5775296200229874
2023-12-01	0.0	0.2657902286397095
2023-12-01	1.0	2.7281077216568046
2023-12-01	0.0	0.17653479012450074
2023-12-01	0.0	0.32961500217391826
2023-12-01	0.0	0.06541395951399956
2023-12-01	5.0	5.398287104305044
2023-12-01	18.0	6.601855786176113
2023-12-01	0.0	0.048303395936732225
2023-12-01	1.0	4.088364933335573
2023-12-01	0.0	0.025423432461084493
2023-12-01	5.0	7.809169303394291
2023-12-01	26.0	12.341115427231651
2023-12-01	2.0	3.475641299469003
2023-12-01	1.0	0.37199294981793324
2023-12-01	1.0	1.818159999652802
2023-12-01	1.0	1.5444361219577702
2023-12-01	6.0	24.73434496515888
2023-12-01	1.0	2.866294859693115
2023-12-01	0.0	0.3810478627666942
2023-12-01	5.0	2.650059345946514
2023-12-01	37.5	34.38906434585775
2023-12-01	5.0	2.404471466872548
2023-12-01	1.0	2.2904503833133742
2023-12-01	0.0	0.6275218313474102
2023-12-01	0.0	0.22211084672548476
2023-12-01	6.0	7.022770863981746
2023-12-01	2.0	2.043369217633104
2023-12-01	25.0	27.797427428732725
2023-12-01	21.0	13.154607814500933
2023-12-01	8.0	6.589528100188977
2023-12-01	37.5	36.82784900647333
2023-12-01	1.0	2.6731170496508643
2023-12-01	0.0	0.08289374184212119
2023-12-01	0.0	0.07554246959517559
2023-12-01	12.0	15.314502348158591
2023-12-01	0.0	0.4381480742830271
2023-12-01	37.5	12.14480241181184
2023-12-01	0.0	0.14695107015270034
2023-12-01	0.0	0.3084896403438816
2023-12-01	2.0	4.254496403018821
2023-12-01	37.5	36.3849859566416
2023-12-01	1.0	2.0138396815686646
2023-12-01	0.0	0.07877814974590193
2023-12-01	1.0	4.198192621849744
2023-12-01	5.0	7.7590781653884235
2023-12-01	2.0	3.964479683747497
2024-01-01	0.0	0.44712845259117073
2024-01-01	37.5	15.521297744291406
2024-01-01	37.5	34.071539853254905
2024-01-01	0.0	0.20038438850122375
2024-01-01	37.5	9.072910020927008
2024-01-01	0.0	0.7380578528067394
2024-01-01	0.0	0.211955802603624
2024-01-01	37.5	34.12916222319331
2024-01-01	35.0	19.192426809157524
2024-01-01	4.0	3.7441679772302283
2024-01-01	35.0	7.747887364592685
2024-01-01	24.0	4.0582381487763435
2024-01-01	1.0	2.9753176662743903
2024-01-01	37.5	27.862599051012122
2024-01-01	5.0	4.936632469336858
2024-01-01	30.0	4.436438391342655
2024-01-01	1.0	3.118888413061178
2024-01-01	6.0	6.037630096926935
2024-01-01	0.0	1.1368126847443518
2024-01-01	2.0	5.461234911141086
2024-01-01	3.0	0.29243103664812126
2024-01-01	0.0	0.8928746576474782
2024-01-01	2.0	2.4030203011913507
2024-01-01	3.0	2.43417201919193
2024-01-01	8.0	8.96517732035162
2024-01-01	20.0	19.420689791859882
2024-01-01	8.0	6.274287610955181
2024-01-01	0.0	0.44824157490135413
2024-01-01	37.5	19.366094230393813
2024-01-01	1.0	2.986381027340388
2024-01-01	0.0	0.31448879128587737
2024-01-01	0.0	1.3556021790444555
2024-01-01	0.0	0.37053331158643577
2024-01-01	4.0	5.165869106243259
2024-01-01	37.5	23.982320751773273
2024-01-01	9.0	2.700390945578594
2024-01-01	3.0	10.680459080654025
2024-01-01	37.5	15.381017484104095
2024-01-01	2.0	8.030765198100864
2024-01-01	6.0	0.305545827106025
2024-01-01	9.0	3.0591336474089275
2024-01-01	1.0	3.596477153286087
2024-01-01	0.0	0.362895691873452
2024-01-01	3.0	8.283353503497393
2024-01-01	9.0	2.9395576425904193
2024-01-01	24.0	32.34987040217676
2024-01-01	0.0	0.3110749577530043
2024-01-01	0.0	0.31711189372603626
2024-01-01	6.0	3.7655779509166623
2024-01-01	0.0	1.7601338032116587
2024-01-01	3.0	4.7969189997762305
2024-01-01	0.0	0.36119038993229624
2024-01-01	1.0	2.87087864181993
2024-01-01	5.0	0.7332266250064753
2024-01-01	1.0	4.9785543198479525
2024-01-01	1.0	3.9633541950807705
2024-01-01	0.0	0.4833496417900085
2024-01-01	1.0	2.9202530411586656
2024-01-01	2.0	7.064660569858463
2024-01-01	1.0	3.3693707658939385
2024-01-01	12.0	7.951362221203325
2024-01-01	0.0	0.39791562959877763
2024-01-01	1.0	3.605748772747
2024-01-01	0.0	0.4138448755868844
2024-01-01	0.0	0.1827938898765514
2024-01-01	0.0	0.1477351454513056
2024-01-01	37.5	17.924653235295626
2024-01-01	0.0	2.591173312744262
2024-01-01	1.0	1.808235917109795
2024-01-01	3.0	7.277674918487485
2024-01-01	6.0	3.296778482214584
2024-01-01	37.5	35.67277868560848
2024-01-01	0.0	0.6079388529800707
2024-01-01	11.0	10.06850514569732
2024-01-01	3.0	5.072984268012936
2024-01-01	0.0	0.12973233410451734
2024-01-01	0.0	0.5898600743616278
2024-01-01	0.0	0.34993102203759097
2024-01-01	0.0	0.26542883653928867
2024-01-01	6.0	19.330532448320035
2024-01-01	5.0	3.072801162803937
2024-01-01	14.0	5.234869747257877
2024-01-01	37.5	35.92706722137318
2024-01-01	37.5	33.82257959033363
2024-01-01	3.0	3.0973092570809824
2024-01-01	2.0	4.800375200200673
2024-01-01	2.0	7.714456514113087
2024-01-01	0.0	0.7778115892179156
2024-01-01	8.0	4.498674514800981
2024-01-01	0.0	0.23017087445110226
2024-01-01	16.0	5.543033917721373
2024-01-01	0.0	0.4469002162118096
2024-01-01	37.5	9.726011586871694
2024-01-01	1.0	4.180066174261929
2024-01-01	37.5	33.050751462142514
2024-01-01	2.0	4.146903820213722
2024-01-01	20.0	10.493916927315876
2024-01-01	2.0	0.4979138589438057
2024-01-01	3.0	3.091509041739341
2024-01-01	5.0	2.931267859006134
2024-01-01	0.0	0.373647295376093
2024-01-01	5.0	4.34364065805123
2024-01-01	0.0	0.0811223353735265
2024-01-01	20.0	13.154563894718208
2024-01-01	3.0	5.135528950727981
2024-01-01	1.0	2.372833060293901
2024-01-01	37.5	6.5945372074182265
2024-01-01	2.0	4.406442887547536
2024-01-01	0.0	0.19329891489510073
2024-01-01	3.0	3.647644295711225
2024-01-01	25.0	8.415088260126723
2024-01-01	0.0	0.2603330692928837
2024-01-01	9.0	4.182829583760602
2024-01-01	15.0	5.8876137495961425
2024-01-01	0.0	0.5519996120641529
2024-01-01	22.0	10.42139243135799
2024-01-01	0.0	0.1817563437979154
2024-01-01	0.0	1.3605724607636913
2024-01-01	0.0	0.4191314220693346
2024-01-01	19.0	11.840250460807884
2024-01-01	37.5	32.944140291696606
2024-01-01	2.0	2.8916153356884746
2024-01-01	37.5	13.867811794774688
2024-01-01	2.0	4.754393389142509
2024-01-01	0.0	2.348807516473502
2024-01-01	37.5	9.464224813191544
2024-01-01	0.0	0.24560785591439357
2024-01-01	24.0	13.351311771428716
2024-01-01	0.0	0.4070409979913838
2024-01-01	2.0	3.6014157224007435
2024-01-01	32.0	21.785372151766804
2024-01-01	2.0	2.0512313816763577
2024-01-01	37.5	13.317755068632176
2024-01-01	2.0	3.9789098554576374
2024-01-01	4.0	10.429045407117673
2024-01-01	3.0	6.036895412943062
2024-01-01	1.0	2.3305493925819785
2024-01-01	1.0	4.708640985835963
2024-01-01	37.5	13.789391154908833
2024-01-01	0.0	0.2616152472955787
2024-01-01	17.0	6.700314081845169
2024-01-01	6.0	10.340813660581086
2024-01-01	1.0	9.364449413737319
2024-01-01	2.0	4.131064181178919
2024-01-01	26.0	11.67146505551337
2024-01-01	0.0	0.17924359509289262
2024-01-01	37.5	14.318523843722389
2024-01-01	23.0	11.059536204240795
2024-01-01	2.0	4.01262150294197
2024-01-01	1.0	8.096079110261842
2024-01-01	2.0	4.789685961967454
2024-01-01	4.0	6.665725877546398
2024-01-01	1.0	1.9227360759658831
2024-01-01	2.0	9.147683264559063
2024-01-01	3.0	3.927826591772508
2024-01-01	37.5	35.17001957574866
2024-01-01	37.5	22.26105444824227
2024-01-01	2.0	2.943389194428635
2024-01-01	0.0	0.12979164193660067
2024-01-01	7.0	7.046298620252649
2024-01-01	37.5	23.34377538509945
2024-01-01	1.0	1.724690892408822
2024-01-01	2.0	3.3951414670349216
2024-01-01	37.5	34.05149763907724
2024-01-01	37.5	32.08286353798064
2024-01-01	2.0	4.1185907660359415
2024-01-01	22.0	2.166567667325279
2024-01-01	3.0	12.018568952491293
2024-01-01	0.0	1.3107153498200526
2024-01-01	15.0	8.313591115682637
2024-01-01	6.0	8.712391566258548
2024-01-01	1.0	5.555410328267546
2024-01-01	0.0	1.0242526349017695
2024-01-01	5.0	3.0774358118020846
2024-01-01	7.0	7.205175925721276
2024-01-01	37.5	24.530714462661567
2024-01-01	37.5	34.68381037612728
2024-01-01	3.0	9.746587118082545
2024-01-01	37.5	22.714388867002462
2024-01-01	37.5	35.6850185175828
2024-01-01	6.0	12.871612892550186
2024-01-01	3.0	3.929839836860533
2024-01-01	0.0	0.3511867885252625
2024-01-01	1.0	3.655001071641001
2024-01-01	0.0	0.31449679065945324
2024-01-01	6.0	4.040612349367471
2024-01-01	0.0	0.31902862243806335
2024-01-01	0.0	0.7977994289755966
2024-01-01	4.0	6.284377055650438
2024-01-01	0.0	3.4468849075300327
2024-01-01	1.0	3.0189532419111202
2024-01-01	1.0	4.880313440995328
2024-01-01	7.0	3.462688780695343
2024-01-01	2.0	8.706836068248045
2024-01-01	24.0	6.923083188950652
2024-01-01	2.0	3.657745841966757
2024-01-01	4.0	4.557486180538225
2024-01-01	1.0	2.3130079806774932
2024-01-01	1.0	5.57166071133293
2024-01-01	1.0	2.6803905581710548
2024-01-01	1.0	3.5810403997713314
2024-01-01	25.0	10.691113060769029
2024-01-01	17.0	4.234442646846012
2024-01-01	1.0	7.675657315619484
2024-01-01	0.0	1.730678176529458
2024-01-01	1.0	6.793120512929624
2024-01-01	0.0	0.44956550794695055
2024-01-01	0.0	0.537014250625985
2024-01-01	37.5	11.178274459316476
2024-01-01	6.0	4.768216640905857
2024-01-01	9.0	4.686920519745404
2024-01-01	37.5	33.561149895334914
2024-01-01	6.0	3.091098505210508
2024-01-01	0.0	0.5422315256048245
2024-01-01	1.0	4.382180235588444
2024-01-01	7.0	8.764491667890557
2024-01-01	7.0	5.34182964312677
2024-01-01	0.0	0.14241322887820118
2024-01-01	37.5	32.729803476410865
2024-01-01	0.0	0.1273538559375729
2024-01-01	37.5	34.3680193691641
2024-01-01	6.0	3.2693483882691634
2024-01-01	37.5	13.248792094077286
2024-01-01	1.0	3.144008540491871
2024-01-01	13.0	12.635137251437406
2024-01-01	0.0	0.3211186489662971
2024-01-01	0.0	13.995929933962081
2024-01-01	1.0	7.429032808732052
2024-01-01	0.0	0.39841992895662287
2024-01-01	1.0	0.4388561722350537
2024-01-01	37.5	17.213932093765703
2024-01-01	8.0	4.77367109418517
2024-01-01	37.5	30.050741685836755
2024-01-01	5.0	0.4633095914262493
2024-01-01	6.0	12.812871391119408
2024-01-01	37.5	27.0811754122173
2024-01-01	3.0	7.007852259100573
2024-01-01	2.0	3.2000140252287053
2024-01-01	0.0	0.25557259004685157
2024-01-01	0.0	0.44376870054641254
2024-01-01	1.0	3.8561607695444757
2024-01-01	28.0	10.360685004685902
2024-01-01	37.5	34.66183191619044
2024-01-01	37.5	34.169849893507404
2024-01-01	0.0	0.502825891118063
2024-01-01	5.0	8.621096443182603
2024-01-01	37.5	34.821969767234194
2024-01-01	0.0	0.16962507438841473
2024-01-01	0.0	0.20385704335605426
2024-01-01	0.0	0.1428054695747728
2024-01-01	0.0	0.5758570984029692
2024-01-01	37.5	20.558904095603115
2024-01-01	1.0	4.630259484147907
2024-01-01	30.0	3.8557952032787246
2024-01-01	37.5	28.46751613016665
2024-01-01	7.0	10.359717641272164
2024-01-01	20.0	15.761939522855652
2024-01-01	3.0	7.152403004828912
2024-01-01	4.0	6.239420787245565
2024-01-01	6.0	3.036666326296775
2024-01-01	3.0	1.896781693259464
2024-01-01	0.0	0.2695683180525106
2024-01-01	4.0	4.429107587566238
2024-01-01	0.0	0.22905857837678995
2024-01-01	16.0	11.576699604509068
2024-01-01	9.0	6.543149900336626
2024-01-01	1.0	3.434098306868381
2024-01-01	0.0	0.3598902670619797
2024-01-01	28.0	12.144060255207714
2024-01-01	3.0	3.7702824805415722
2024-01-01	4.0	0.4052627379138249
2024-01-01	0.0	0.7520088572206525
2024-01-01	1.0	2.3284582674211007
2024-01-01	0.0	1.0019225534907161
2024-01-01	1.0	4.64834864589105
2024-01-01	11.0	23.609274704731767
2024-01-01	3.0	11.064762105631445
2024-01-01	5.0	3.384282761782001
2024-01-01	2.0	8.035399052263863
2024-01-01	7.0	3.0180386601630205
2024-01-01	1.0	4.5006824937650745
2024-01-01	4.0	4.87162196644146
2024-01-01	0.0	0.3909274370733321
2024-01-01	0.0	0.21449214822844315
2024-01-01	0.0	2.4249193799998183
2024-01-01	37.5	36.23267046494623
2024-01-01	0.0	1.0160789545145075
2024-01-01	2.0	6.61596157675657
2024-01-01	1.0	3.1825282020292462
2024-01-01	1.0	5.078653749124545
2024-01-01	4.0	9.30852970218941
2024-01-01	8.0	16.074883005789307
2024-01-01	0.0	0.6330987403930723
2024-01-01	17.0	22.315925259275602
2024-01-01	0.0	0.8683570101085737
2024-01-01	0.0	0.4409709172125164
2024-01-01	2.0	2.682549661806557
2024-01-01	5.0	15.478696223511411
2024-01-01	9.0	8.013236258136859
2024-01-01	37.5	14.23762403816526
2024-01-01	2.0	3.024660988895737
2024-01-01	0.0	0.12947168992322233
2024-01-01	5.0	3.9682940372608275
2024-01-01	16.0	13.478178855154944
2024-01-01	2.0	3.713162973213152
2024-01-01	2.0	5.553509629718185
2024-01-01	0.0	0.13502204467923176
2024-01-01	3.0	4.221678161581327
2024-01-01	3.0	2.684432565751818
2024-01-01	3.0	7.0752279847002235
2024-01-01	11.0	2.806135324675711
2024-01-01	2.0	2.7820485757570017
2024-01-01	0.0	0.7656298028169887
2024-01-01	0.0	1.2322060125979595
2024-01-01	0.0	0.4128357207305626
2024-01-01	11.0	6.993584088727687
2024-01-01	37.5	25.984234146375627
2024-01-01	37.5	33.791495818617754
2024-01-01	37.5	6.36367976708971
2024-01-01	10.0	15.025262859551622
2024-01-01	0.0	1.216912496812617
2024-01-01	2.0	2.555765561657832
2024-01-01	4.0	7.916582120084667
2024-01-01	37.5	35.319380603514304
2024-01-01	37.5	34.00850136853879
2024-01-01	0.0	0.14147901906694674
2024-01-01	37.5	5.568959027178478
2024-01-01	1.0	7.3453554394551865
2024-01-01	0.0	0.9931217105585658
2024-01-01	32.0	8.532790522723342
2024-01-01	0.0	0.7244479893597782
2024-01-01	37.5	33.71188432865798
2024-01-01	31.0	6.08606422085056
2024-01-01	37.5	25.996090903570316
2024-01-01	37.5	34.840849715466796
2024-01-01	3.0	12.809671651559661
2024-01-01	3.0	8.105728781397602
2024-01-01	3.0	3.057254273256926
2024-01-01	6.0	5.973524456029283
2024-01-01	5.0	8.25887611944889
2024-01-01	4.0	6.220484168895328
2024-01-01	19.0	4.6430104322795245
2024-01-01	37.5	14.627044437880835
2024-01-01	1.0	3.404687032351981
2024-01-01	2.0	6.48242436296505
2024-01-01	2.0	3.7430725124051833
2024-01-01	1.0	4.132305469756358
2024-01-01	9.0	8.215778287109995
2024-01-01	1.0	2.72320222671687
2024-01-01	8.0	4.947048694139721
2024-01-01	4.0	3.523212527376928
2024-01-01	0.0	0.4998976626521328
2024-01-01	23.0	4.90597452594773
2024-01-01	1.0	4.9962147862645825
2024-01-01	0.0	0.5937742889585118
2024-01-01	14.0	7.404109685857373
2024-01-01	3.0	8.68771177685176
2024-01-01	37.5	28.15769087463466
2024-01-01	0.0	0.14257558542823448
2024-01-01	4.0	0.7532365166053023
2024-01-01	0.0	1.3026018863530238
2024-01-01	17.0	7.409006054880545
2024-01-01	0.0	0.1299379372898373
2024-01-01	11.0	8.010549707851395
2024-01-01	0.0	0.18607890152238576
2024-01-01	0.0	0.8108933066807485
2024-01-01	0.0	0.7688002176412172
2024-01-01	37.5	36.04778241737019
2024-01-01	4.0	4.0084085269265435
2024-01-01	37.5	12.548401902915362
2024-01-01	37.5	14.705052544975315
2024-01-01	37.5	37.80517177443748
2024-01-01	3.0	4.292789385313673
2024-01-01	4.0	1.1546588325212783
2024-01-01	1.0	2.863865186496947
2024-01-01	17.0	1.9834040701793143
2024-01-01	0.0	0.18964059979857445
2024-01-01	2.0	3.381747739096272
2024-01-01	0.0	0.8668790987888904
2024-01-01	2.0	3.2713803555927767
2024-01-01	7.0	2.2244529802495796
2024-01-01	2.0	6.632910028046113
2024-01-01	37.5	33.18001838618888
2024-01-01	1.0	4.2359903466275854
2024-01-01	0.0	0.29129498819055644
2024-01-01	9.0	7.377617420083298
2024-01-01	7.0	0.43408492652278613
2024-01-01	4.0	3.559133233201431
2024-01-01	2.0	5.68233075610914
2024-01-01	0.0	0.2689279385884849
2024-01-01	0.0	0.3513922576450995
2024-01-01	37.5	5.4394383693690305
2024-01-01	4.0	5.743951380599186
2024-01-01	3.0	4.068485065584764
2024-01-01	2.0	4.665897735320614
2024-01-01	37.5	31.352995680888323
2024-01-01	23.0	2.8220862288203556
2024-01-01	37.5	26.431066128569732
2024-01-01	0.0	1.133808211592568
2024-01-01	0.0	0.17605811890567769
2024-01-01	21.0	4.610023427828812
2024-01-01	1.0	10.489111037132071
2024-01-01	23.0	7.813293672496587
2024-01-01	3.0	4.643020498558135
2024-01-01	0.0	0.1301272261476502
2024-01-01	26.0	10.689446577026427
2024-01-01	4.0	5.941719794423384
2024-01-01	37.5	17.115877997893577
2024-01-01	21.0	12.135400926338669
2024-01-01	2.0	9.251236348284547
2024-01-01	34.0	7.955014296818046
2024-01-01	2.0	8.131200452770555
2024-01-01	3.0	5.458179247571074
2024-01-01	37.5	35.628473181112525
2024-01-01	37.5	7.090505668174969
2024-01-01	36.0	9.66291599224423
2024-01-01	1.0	3.495166922436276
2024-01-01	37.5	32.70203266543507
2024-01-01	0.0	25.661840491150038
2024-01-01	15.0	3.993427938410145
2024-01-01	37.5	35.530234614665076
2024-01-01	0.0	0.23818712159340788
2024-01-01	0.0	0.2819822374198194
2024-01-01	0.0	0.12973233410451734
2024-01-01	37.5	22.332453811455974
2024-01-01	3.0	3.558928337856722
2024-01-01	5.0	2.195082267007627
2024-01-01	0.0	0.35645408122819006
2024-01-01	37.5	30.744424289428856
2024-01-01	37.5	21.015936177273847
2024-01-01	2.0	1.6435448536234256
2024-01-01	2.0	5.27253194620699
2024-01-01	14.0	4.606925376524688
2024-01-01	0.0	0.32374158973323724
2024-01-01	19.0	2.6253493237469785
2024-01-01	1.0	2.9831213007860415
2024-01-01	9.0	4.832675955251584
2024-01-01	37.5	33.9913604184502
2024-01-01	1.0	3.425382174738666
2024-01-01	37.5	29.59303417435404
2024-01-01	3.0	3.003200556111569
2024-01-01	37.5	19.012226582403756
2024-01-01	0.0	0.15191175279636815
2024-01-01	0.0	0.5249386211039957
2024-01-01	0.0	0.46783822449532075
2024-01-01	37.5	17.50854238556035
2024-01-01	0.0	0.49892631669548915
2024-01-01	3.0	7.024251289498201
2024-01-01	0.0	0.21970971507334994
2024-01-01	0.0	0.32889353453991643
2024-01-01	37.5	35.47694865112305
2024-01-01	0.0	1.1746029360560397
2024-01-01	37.5	26.362770950977016
2024-01-01	37.5	4.8230999788220945
2024-01-01	2.0	4.332983008046497
2024-01-01	0.0	0.57066993498022
2024-01-01	37.5	31.479685207331336
2024-01-01	0.0	2.265427636255926
2024-01-01	0.0	0.45988264086655084
2024-01-01	20.0	17.609749799844497
2024-01-01	19.0	6.6215718323556505
2024-01-01	2.0	3.4558315288947714
2024-01-01	0.0	0.5920237285058739
2024-01-01	0.0	0.1462303358636558
2024-01-01	7.0	23.124678778498815
2024-01-01	2.0	3.6573317733800463
2024-01-01	37.5	4.847603990315077
2024-01-01	37.5	13.58561354689146
2024-01-01	1.0	0.7201740958068537
2024-01-01	0.0	0.5555232040259948
2024-01-01	3.0	4.708015725898469
2024-01-01	24.0	22.309004797550386
2024-01-01	37.5	35.21389194659511
2024-01-01	5.0	7.909860804168671
2024-01-01	11.0	6.3013079202795055
2024-01-01	37.5	3.4373513400773095
2024-01-01	37.5	10.795492112134031
2024-01-01	0.0	0.8185494257007098
2024-01-01	37.5	35.646932947462616
2024-01-01	34.0	5.525361597918881
2024-01-01	3.0	4.793435498489156
2024-01-01	37.5	33.42354111948478
2024-01-01	0.0	1.5347536127766535
2024-01-01	1.0	6.034257778975119
2024-01-01	0.0	1.967272759651339
2024-01-01	8.0	6.628221902749291
2024-01-01	0.0	3.3581914799888946
2024-01-01	37.5	32.31870264555933
2024-01-01	0.0	0.5206079595168837
2024-01-01	37.5	35.45963259113445
2024-01-01	18.0	10.31516709300031
2024-01-01	37.5	30.921791829872337
2024-01-01	2.0	3.533661465993535
2024-01-01	2.0	3.7585125717679313
2024-01-01	37.5	35.86782628541032
2024-01-01	0.0	1.22852813512542
2024-01-01	1.0	2.2733663447159813
2024-01-01	37.5	5.697491095667886
2024-01-01	3.0	1.6155202008347518
2024-01-01	0.0	0.49971483764837216
2024-01-01	30.0	29.025966601048943
2024-01-01	0.0	0.1428054695747728
2024-01-01	37.5	18.11102479554493
2024-01-01	0.0	0.3617708597610835
2024-01-01	3.0	4.58252777923239
2024-01-01	37.5	35.508021652216726
2024-01-01	1.0	5.154229585784348
2024-01-01	0.0	0.985371503236226
2024-01-01	18.0	4.571024762036834
2024-01-01	0.0	0.6790254804403533
2024-01-01	3.0	3.2220856736766073
2024-01-01	2.0	7.216420920259044
2024-01-01	37.5	28.917134813532908
2024-01-01	16.0	13.933389948580382
2024-01-01	1.0	1.266635717327088
2024-01-01	37.5	13.215671352011139
2024-01-01	0.0	0.5501329358755662
2024-01-01	2.0	4.259630203965905
2024-01-01	1.0	5.474464199841077
2024-01-01	0.0	0.16831642228686072
2024-01-01	14.0	7.6013939140866285
2024-01-01	0.0	0.6859794351407682
2024-01-01	10.0	5.806642285327827
2024-01-01	4.0	0.386015291629225
2024-01-01	0.0	1.6655050676659902
2024-01-01	3.0	9.44508841056708
2024-01-01	37.5	24.39823721510399
2024-01-01	4.0	3.023624658650884
2024-01-01	4.0	3.7351016387014173
2024-01-01	22.0	11.463342818216436
2024-01-01	7.0	3.3850113073818173
2024-01-01	0.0	0.2844953622811988
2024-01-01	4.0	3.21819490041829
2024-01-01	0.0	0.22897277988976908
2024-01-01	6.0	13.039576272380483
2024-01-01	0.0	0.26546109772196813
2024-01-01	4.0	3.4868397607538935
2024-01-01	2.0	3.327546119941511
2024-01-01	25.0	9.844329752123754
2024-01-01	2.0	3.4392843850292687
2024-01-01	5.0	6.489546336521426
2024-01-01	37.5	28.231165488165516
2024-01-01	37.5	12.668026917824566
2024-01-01	0.0	0.48672887118452235
2024-01-01	35.0	21.271340308766597
2024-01-01	5.0	3.174874716200232
2024-01-01	3.0	4.01071759933804
2024-01-01	8.0	2.9111637349061237
2024-01-01	1.0	2.106938104596795
2024-01-01	10.0	2.987463897410963
2024-01-01	0.0	3.7831754412516796
2024-01-01	37.5	35.27346841805758
2024-01-01	8.0	3.4801842919154042
2024-01-01	1.0	4.140921433924563
2024-01-01	1.0	3.2741987679166598
2024-01-01	31.0	30.548472682182087
2024-01-01	0.0	0.5268699742890898
2024-01-01	0.0	2.1075213828974935
2024-01-01	17.0	14.194520580603125
2024-01-01	10.0	4.052597308781491
2024-01-01	2.0	6.6861071360258
2024-01-01	37.5	34.68178701337077
2024-01-01	11.0	9.651642571494033
2024-01-01	2.0	12.915815799361111
2024-01-01	2.0	2.4936886408136036
2024-01-01	2.0	6.173121265913184
2024-01-01	37.5	25.53251150345463
2024-01-01	1.0	7.644746759132953
2024-01-01	37.5	35.596909354581996
2024-01-01	37.5	23.695833056653708
2024-01-01	14.0	9.956284713186227
2024-01-01	11.0	5.555147931267619
2024-01-01	1.0	2.3170279281789514
2024-01-01	37.5	33.61833986225422
2024-01-01	37.5	27.87870219065833
2024-01-01	4.0	3.336394661194394
2024-01-01	5.0	4.885401897737024
2024-01-01	3.0	18.672981082905117
2024-01-01	18.0	5.230937460997998
2024-01-01	2.0	10.264238603459717
2024-01-01	5.0	6.929787074997502
2024-01-01	1.0	8.281137445982575
2024-01-01	4.0	3.3675170305727695
2024-01-01	0.0	0.5233855059567203
2024-01-01	0.0	1.2725559857746753
2024-01-01	0.0	0.4869488400877242
2024-01-01	37.5	35.251566563269385
2024-01-01	37.5	36.04418081122168
2024-01-01	1.0	4.919286980398015
2024-01-01	5.0	9.94387086575723
2024-01-01	1.0	0.4154137570941086
2024-01-01	23.0	20.099179673057588
2024-01-01	1.0	5.608749692145996
2024-01-01	4.0	2.504629105687969
2024-01-01	0.0	0.46155579421530474
2024-01-01	22.0	7.299380484702346
2024-01-01	2.0	4.100747065918572
2024-01-01	0.0	0.5896290404008755
2024-01-01	33.0	16.093926112167594
2024-01-01	1.0	4.935251954867397
2024-01-01	37.5	9.08021139577706
2024-01-01	34.0	3.1682717803555547
2024-01-01	37.5	9.55855540833786
2024-01-01	0.0	0.6273913614266486
2024-01-01	13.0	3.3088196654305144
2024-01-01	0.0	0.8754747633121122
2024-01-01	37.5	20.82911288986791
2024-01-01	37.5	37.3210711415782
2024-01-01	37.5	34.99130307925409
2024-01-01	5.0	4.553998651118641
2024-01-01	0.0	0.3051480690775847
2024-01-01	3.0	0.8919565957145121
2024-01-01	10.0	4.927869339966188
2024-01-01	37.5	13.29594950127354
2024-01-01	0.0	0.3920335691602974
2024-01-01	9.0	10.771799353352433
2024-01-01	2.0	7.281807986829209
2024-01-01	5.0	11.129836680216151
2024-01-01	5.0	8.262759590153802
2024-01-01	5.0	13.645783305042714
2024-01-01	2.0	4.678059026876827
2024-01-01	37.5	33.513779048038195
2024-01-01	3.0	3.1699363394155253
2024-01-01	0.0	1.458401964232301
2024-01-01	11.0	2.836517495540521
2024-01-01	24.0	19.149318356413094
2024-01-01	3.0	0.46443003632596525
2024-01-01	0.0	0.3753141468389839
2024-01-01	0.0	0.3917410169925174
2024-01-01	9.0	9.918710798610263
2024-01-01	33.0	2.591813085155467
2024-01-01	1.0	9.020842867400916
2024-01-01	2.0	5.40576949229726
2024-01-01	0.0	0.3699509950986755
2024-01-01	1.0	4.749704849092464
2024-01-01	30.0	10.151539890294059
2024-01-01	3.0	5.7951261908178955
2024-01-01	37.5	8.274208005870983
2024-01-01	37.5	24.971393358496982
2024-01-01	1.0	2.378978239979267
2024-01-01	0.0	0.2562333959686749
2024-01-01	37.5	26.565739631335646
2024-01-01	37.5	22.68455306261359
2024-01-01	2.0	4.656492037125712
2024-01-01	0.0	0.1299985129196915
2024-02-01	37.5	35.45075417262153
2024-02-01	37.5	27.74048740454404
2024-02-01	6.0	6.402948162805043
2024-02-01	37.5	31.431367417166026
2024-02-01	37.5	31.157980024433826
2024-02-01	37.5	37.40674772651039
2024-02-01	16.0	6.862604814167222
2024-02-01	9.0	14.571714033464886
2024-02-01	37.5	20.601799213382336
2024-02-01	5.0	4.38849270086262
2024-02-01	37.5	36.7377820804333
2024-02-01	17.0	22.897920681280986
2024-02-01	30.0	4.171268012507438
2024-02-01	37.5	30.032646420337397
2024-02-01	9.0	8.10169975595048
2024-02-01	5.0	4.5034100215533375
2024-02-01	0.0	0.6267099864718244
2024-02-01	37.5	30.537720150750907
2024-02-01	37.5	37.97240705247468
2024-02-01	16.0	12.287055289455033
2024-02-01	2.0	8.491781304557572
2024-02-01	36.0	27.700800933365205
2024-02-01	10.0	6.906645015717256
2024-02-01	37.5	7.101045933683014
2024-02-01	4.0	5.842982568834189
2024-02-01	7.0	5.2344405834130665
2024-02-01	37.5	38.07537714687134
2024-02-01	37.5	36.47925601013098
2024-02-01	37.5	37.9354474173708
2024-02-01	32.0	5.9850640875461165
2024-02-01	8.0	4.628288856264691
2024-02-01	4.0	3.273478514035979
2024-02-01	1.0	3.8708926007542837
2024-02-01	16.0	7.102942973081321
2024-02-01	36.0	19.715173725727183
2024-02-01	2.0	5.282519284095614
2024-02-01	32.0	12.484316810615823
2024-02-01	37.5	28.798954009864417
2024-02-01	37.5	29.8736370754642
2024-02-01	37.5	30.147601099649513
2024-02-01	37.5	31.822081886890864
2024-02-01	37.5	36.671765379287905
2024-02-01	37.5	32.97890314820807
2024-02-01	37.5	29.821474309028357
2024-02-01	4.0	3.4400485958898557
2024-02-01	0.0	0.3278529509754204
2024-02-01	1.0	3.094046671550272
2024-02-01	37.5	36.74962708709526
2024-02-01	9.0	14.754635743449239
2024-02-01	13.0	6.579481832406589
2024-02-01	37.5	38.21904904240389
2024-02-01	37.5	20.177489899325266
2024-02-01	8.0	5.031976943397245
2024-02-01	37.5	26.77842208472024
2024-02-01	5.0	9.323631105681653
2024-02-01	37.5	7.598546532137352
2024-02-01	6.0	3.1440224735578206
2024-02-01	27.0	11.678388366354024
2024-02-01	36.0	5.085382315953125
2024-02-01	10.0	7.365350191169758
2024-02-01	9.0	6.154372186857356
2024-02-01	37.5	23.087947645868468
2024-02-01	1.0	6.360182704441897
2024-02-01	37.5	7.330507760493368
2024-02-01	1.0	6.207090013143219
2024-02-01	37.5	12.018113870687325
2024-02-01	2.0	8.094561075047299
2024-02-01	37.5	35.86421909785339
2024-02-01	14.0	3.3624324329780704
2024-02-01	37.5	6.747250346051247
2024-02-01	5.0	9.63248869501418
2024-02-01	9.0	8.042769200587955
2024-02-01	24.0	7.312429420788154
2024-02-01	3.0	14.923542065714681
2024-02-01	37.5	37.18587494547599
2024-02-01	37.5	33.15701901162852
2024-02-01	19.0	11.324142566820417
2024-02-01	15.0	13.602448075253898
2024-02-01	4.0	7.341490308018279
2024-02-01	6.0	6.187377712217167
2024-02-01	37.5	30.38894744414683
2024-02-01	37.5	27.663338338177546
2024-02-01	37.5	19.698641927119038
2024-02-01	3.0	6.04266394198067
2024-02-01	2.0	4.574763926497556
2024-02-01	37.5	30.284168499121158
2024-02-01	37.5	35.40490901799866
2024-02-01	37.5	6.6949241645401605
2024-02-01	18.0	5.970602424489186
2024-02-01	4.0	3.4808776415602716
2024-02-01	33.0	8.245762969114391
2024-02-01	33.0	23.78521575281849
2024-02-01	37.5	18.291329324129944
2024-02-01	13.0	3.5551307642314627
2024-02-01	37.5	6.430527919992052
2024-02-01	4.0	4.891803431722381
2024-02-01	37.5	28.63830494782559
2024-02-01	10.0	12.790902265893223
2024-02-01	7.0	9.500187688115986
2024-02-01	37.5	19.742323418219073
2024-02-01	34.0	12.81299643194332
2024-02-01	8.0	7.480696921186796
2024-02-01	13.0	18.25766221144332
2024-02-01	8.0	9.734652210759842
2024-02-01	11.0	5.5363502116518895
2024-02-01	30.0	8.470065922399963
2024-02-01	2.0	3.1397801935442877
2024-02-01	5.0	3.7700580549114626
2024-02-01	14.0	13.006690041933743
2024-02-01	0.0	0.5140532648485473
2024-02-01	2.0	3.8526610100592915
2024-02-01	37.5	25.06186504820561
2024-02-01	37.5	36.855799234677114
2024-02-01	37.5	21.997418751097587
2024-02-01	8.0	9.042678369076803
2024-02-01	22.0	3.277748888113583
2024-02-01	37.5	33.09025181709316
2024-02-01	5.0	2.985459668396561
2024-02-01	37.5	35.805010213055944
2024-02-01	6.0	3.722759118955559
2024-02-01	37.5	23.15544669041536
2024-02-01	11.0	2.6484964931382224
2024-02-01	5.0	4.559549768787072
2024-02-01	37.5	14.39792482746941
2024-02-01	5.0	8.983886717717105
2024-02-01	11.0	12.251028127554855
2024-02-01	8.0	9.922824718702488
2024-02-01	37.5	27.363043970041872
2024-02-01	1.0	32.34414933781174
2024-02-01	10.0	4.543685638724734
2024-02-01	0.0	0.26238785865256326
2024-02-01	5.0	4.9729428343079585
2024-02-01	37.5	30.067959105268656
2024-02-01	5.0	13.108709679326429
2024-02-01	7.0	3.2447972254456365
2024-02-01	37.5	36.86219370337505
2024-02-01	2.0	3.514481723574112
2024-02-01	37.5	37.133104788045
2024-02-01	37.5	23.07431122216751
2024-02-01	0.0	0.5341535630045686
2024-02-01	5.0	7.789347647891369
2024-02-01	37.5	24.386502487113948
2024-02-01	37.5	8.724134544347766
2024-02-01	9.0	10.627723861317783
2024-02-01	31.0	12.879233119606432
2024-02-01	0.0	0.45523657883860197
2024-02-01	37.5	21.19656278366611
2024-02-01	37.5	37.385072600660315
2024-02-01	8.0	4.284800848182751
2024-02-01	28.0	7.8360855034487855
2024-02-01	37.5	37.20707121994716
2024-02-01	36.0	24.09573690128781
2024-02-01	4.0	8.780334629958443
2024-02-01	0.0	0.3767929213813584
2024-02-01	37.5	37.87388141602533
2024-02-01	5.0	5.77921774287499
2024-02-01	1.0	3.21028596841037
2024-02-01	0.0	0.7203600875241024
2024-02-01	2.0	4.464479115517323
2024-02-01	37.5	33.0279616539083
2024-02-01	0.0	0.3873314449182228
2024-02-01	37.5	37.00443738032833
2024-02-01	37.5	37.14352928877257
2024-02-01	37.5	34.88201532007103
2024-02-01	2.0	11.119409595691586
2024-02-01	37.5	37.89911019828501
2024-02-01	37.5	37.38181204599746
2024-02-01	1.0	3.013473104293628
2024-02-01	37.5	37.24465677379206
2024-02-01	2.0	3.780089200095104
2024-02-01	6.0	5.2755553441735366
2024-02-01	2.0	10.152521934777281
2024-02-01	37.5	28.749416355230654
2024-02-01	8.0	3.84806166309107
2024-02-01	9.0	7.411649037860941
2024-02-01	37.5	12.92972608843291
2024-02-01	2.0	4.166989607983849
2024-02-01	37.5	36.957141365178465
2024-02-01	0.0	0.11393381662412104
2024-02-01	28.0	9.627526428886938
2024-02-01	2.0	8.006547215528812
2024-02-01	11.0	2.3907911712820225
2024-02-01	1.0	3.907032938574893
2024-02-01	37.5	34.70096056520417
2024-02-01	0.0	0.2646594052946792
2024-02-01	1.0	3.550231494829713
2024-02-01	37.5	37.71249671625975
2024-02-01	26.0	8.901386525833754
2024-02-01	4.0	3.8098991774693562
2024-02-01	1.0	5.629391831291929
2024-02-01	0.0	0.3274950047240053
2024-02-01	7.0	14.6528017231585
2024-02-01	0.0	0.27893390955523656
2024-02-01	37.5	22.09002037746568
2024-02-01	37.5	35.43370058014545
2024-02-01	8.0	3.9684403846907195
2024-02-01	1.0	5.12463519174939
2024-02-01	37.5	37.02573559342714
2024-02-01	4.0	8.92969624102308
2024-02-01	3.0	3.495735150458888
2024-02-01	7.0	8.579013240977211
2024-02-01	28.0	12.085048341656272
2024-02-01	37.5	33.51884118544853
2024-02-01	1.0	12.882307469992819
2024-02-01	2.0	3.6029566728534874
2024-02-01	15.0	3.999485384696525
2024-02-01	5.0	5.53833869393361
2024-02-01	0.0	0.63971407299975
2024-02-01	10.0	7.663051434070692
2024-02-01	26.0	8.033981082980263
2024-02-01	7.0	3.4866808504119855
2024-02-01	3.0	3.758924129880906
2024-02-01	5.0	3.7519062638921516
2024-02-01	18.0	18.800757739822995
2024-02-01	37.5	35.69066001143923
2024-02-01	9.0	10.9537314015637
2024-02-01	0.0	0.2896231329217483
2024-02-01	23.0	6.59465640233267
2024-02-01	37.5	24.981820077601167
2024-02-01	2.0	3.215427636932133
2024-02-01	5.0	9.295579507376285
2024-02-01	37.5	23.641129418898796
2024-02-01	37.5	36.70441588401481
2024-02-01	8.0	5.443857678310533
2024-02-01	4.0	7.775087162373767
2024-02-01	37.5	32.020921897663605
2024-02-01	37.5	37.50460192506936
2024-02-01	37.5	31.826978236058014
2024-02-01	37.5	36.7923686615409
2024-02-01	37.5	36.71687804216024
2024-02-01	0.0	0.4049841622848663
2024-02-01	1.0	5.337490694100428
2024-02-01	5.0	4.89742403099333
2024-02-01	1.0	4.489904667534532
2024-02-01	35.0	14.673253533163745
2024-02-01	1.0	12.752533350992593
2024-02-01	3.0	8.840535160860378
2024-02-01	0.0	0.5539706826911124
2024-02-01	0.0	0.3429890214690247
2024-02-01	37.5	37.449805018450775
2024-02-01	11.0	4.759406822091611
2024-02-01	1.0	4.426303195123517
2024-02-01	22.0	18.831893941426717
2024-02-01	0.0	0.5854668767890978
2024-02-01	2.0	9.009145510773099
2024-02-01	5.0	12.999073249047171
2024-02-01	37.5	37.23399223900898
2024-02-01	9.0	12.300532224016326
2024-02-01	6.0	2.4529852797586575
2024-02-01	8.0	4.065468227827288
2024-02-01	37.5	35.07204335025226
2024-02-01	0.0	2.345091629272429
2024-02-01	7.0	9.135471385721658
2024-02-01	37.5	38.16791961423516
2024-02-01	37.5	37.22677849039577
2024-02-01	15.0	19.315180072073858
2024-02-01	6.0	9.508357768233017
2024-02-01	37.5	32.96691507443752
2024-02-01	5.0	7.186086316911996
2024-02-01	37.5	35.118542215403345
2024-02-01	37.5	32.16637884032767
2024-02-01	2.0	3.601206751407608
2024-02-01	31.0	6.440553817933388
2024-02-01	1.0	3.4705407131387287
2024-02-01	21.0	6.424557216340078
2024-02-01	37.5	33.56320413347404
2024-02-01	36.0	13.723932873775514
2024-02-01	37.5	32.01837258031893
2024-02-01	29.0	3.940476595110219
2024-02-01	13.0	2.629435208205842
2024-02-01	13.0	4.02297982091846
2024-02-01	23.0	12.00843332819415
2024-02-01	33.0	27.449651583124094
2024-02-01	2.0	3.2545305829032554
2024-02-01	26.0	11.68438116965212
2024-02-01	0.0	0.2774473712319746
2024-02-01	2.0	3.9612085836621147
2024-02-01	37.5	14.859172785295964
2024-02-01	1.0	2.6180409180924142
2024-02-01	37.5	37.80315550703831
2024-02-01	37.5	37.06486100010058
2024-02-01	0.0	0.40128165072010813
2024-02-01	14.0	6.767110134825879
2024-02-01	2.0	3.345393326320353
2024-02-01	12.0	4.357567381653164
2024-02-01	1.0	5.093631274352841
2024-02-01	37.5	28.322912720657577
2024-02-01	7.0	8.243094032127717
2024-02-01	14.0	14.32745147522253
2024-02-01	37.5	26.57178746248463
2024-02-01	24.0	9.529311502077881
2024-02-01	10.0	5.531097063775377
2024-02-01	1.0	3.8021258891494747
2024-02-01	37.5	34.98242578198392
2024-02-01	9.0	7.915922343654976
2024-02-01	37.5	27.776916523638846
2024-02-01	30.0	18.171875049760175
2024-02-01	8.0	12.63056569452507
2024-02-01	37.5	36.16589498642702
2024-02-01	37.5	7.40474620875078
2024-02-01	29.0	16.032000148617392
2024-02-01	37.5	34.515479668233475
2024-02-01	21.0	8.873305037585087
2024-02-01	7.0	3.753776338892843
2024-02-01	37.5	35.39808775489531
2024-02-01	37.5	34.0515098136581
2024-02-01	37.5	37.2473769231122
2024-02-01	37.5	35.287310127363895
2024-02-01	6.0	6.177696648497601
2024-02-01	20.0	18.9264247281527
2024-02-01	37.0	23.886417340857253
2024-02-01	37.5	35.44104727597527
2024-02-01	2.0	4.525619953984376
2024-02-01	2.0	6.8951110059851946
2024-02-01	37.5	37.79630307132496
2024-02-01	10.0	7.700354046827754
2024-02-01	0.0	0.5420779777753444
2024-02-01	1.0	5.474229053323718
2024-02-01	37.5	35.269278309406715
2024-02-01	3.0	6.479949379563376
2024-02-01	1.0	2.8907754686394083
2024-02-01	37.5	10.68447482981647
2024-02-01	3.0	6.374638969928681
2024-02-01	37.5	37.03024613934174
2024-02-01	25.0	7.110650377584609
2024-02-01	4.0	17.393814545509102
2024-02-01	9.0	8.939824449044938
2024-02-01	2.0	6.332414631961031
2024-02-01	11.0	20.776172093516596
2024-02-01	37.5	11.47740867247965
2024-02-01	37.5	18.42593185032087
2024-02-01	28.0	11.328008060102652
2024-02-01	37.5	37.44336806404509
2024-02-01	6.0	4.179953224607246
2024-02-01	37.5	31.578161606350914
2024-02-01	37.5	28.411994960389087
2024-02-01	14.0	7.57087314482003
2024-02-01	37.5	25.73770829314017
2024-02-01	37.5	36.103267496253764
2024-02-01	37.5	37.090942718718935
2024-02-01	10.0	3.3951080387704793
2024-02-01	37.5	37.10066201658026
2024-02-01	37.5	37.009739873074224
2024-02-01	6.0	3.948429147152764
2024-02-01	3.0	7.79085524911456
2024-02-01	18.0	7.503626351173715
2024-02-01	37.5	15.93606465085483
2024-02-01	37.5	36.648607618860424
2024-02-01	1.0	5.960871548760972
2024-02-01	1.0	7.022455909927428
2024-02-01	15.0	12.965225157305422
2024-02-01	37.5	8.284978915293348
2024-02-01	1.0	4.392028322144178
2024-02-01	16.0	7.227956124731081
2024-02-01	2.0	4.67001767706636
2024-02-01	37.5	26.088975467614652
2024-02-01	2.0	3.664242141181263
2024-02-01	37.5	18.68911661345359
2024-02-01	7.0	4.602930789468211
2024-02-01	37.5	39.24360665175359
2024-02-01	2.0	4.601839562694621
2024-02-01	1.0	5.225418729121467
2024-02-01	30.0	19.462825450194217
2024-02-01	37.5	10.702311606973769
2024-02-01	20.0	16.983835741040657
2024-02-01	0.0	0.9740910074779078
2024-02-01	9.0	3.121810598420474
2024-02-01	37.5	36.34596821011871
2024-02-01	30.0	17.397934692918085
2024-02-01	2.0	8.433484082809244
2024-02-01	37.5	37.39358594756743
2024-02-01	37.5	3.653912106028929
2024-02-01	37.5	4.972950329452428
2024-02-01	21.0	10.8206408947339
2024-02-01	35.0	8.213691351695733
2024-02-01	37.5	36.87182326986528
2024-02-01	37.5	33.54597870135838
2024-02-01	37.5	36.60768110309922
2024-02-01	5.0	10.582809662095682
2024-02-01	37.5	32.74508798604545
2024-02-01	18.0	19.686796508545513
2024-02-01	17.0	5.596090535462898
2024-02-01	4.0	6.309096077908883
2024-02-01	37.5	29.227622648562985
2024-02-01	0.0	0.5699143334227154
2024-02-01	0.0	0.908270236847891
2024-02-01	37.5	36.543909152345414
2024-02-01	13.0	16.616782090573814
2024-02-01	1.0	9.29189667579538
2024-02-01	37.5	4.603190829967488
2024-02-01	2.0	3.9299393546677033
2024-02-01	12.0	4.95111762591913
2024-02-01	2.0	4.215110458904116
2024-02-01	6.0	3.735650223987923
2024-02-01	2.0	3.361065494302849
2024-02-01	2.0	9.132615314172888
2024-02-01	20.0	10.789044911529077
2024-02-01	37.5	37.60321841998447
2024-02-01	0.0	0.05857830208558822
2024-02-01	4.0	6.0331606546720895
2024-02-01	37.5	3.468998197706866
2024-02-01	6.0	6.21367186160522
2024-02-01	11.0	11.042349273977575
2024-02-01	37.5	33.56507693873889
2024-02-01	10.0	5.234261544744945
2024-02-01	9.0	6.728019481196393
2024-02-01	37.5	13.54365564501143
2024-02-01	37.5	33.243710916819374
2024-02-01	10.0	6.28670123131735
2024-02-01	2.0	12.588090062613501
2024-02-01	2.0	11.423605027098404
2024-02-01	37.5	35.045716649082465
2024-02-01	37.5	20.1662353761137
2024-02-01	37.5	37.704709891379345
2024-02-01	35.0	11.896988748822087
2024-02-01	14.0	3.748437249710137
2024-02-01	8.0	6.28007396627251
2024-02-01	15.0	11.816999343380804
2024-02-01	0.0	0.044402294672107503
2024-02-01	5.0	5.4535516407534885
2024-02-01	37.5	32.41840247655061
2024-02-01	37.5	37.42364232580568
2024-02-01	22.0	15.061934879361498
2024-02-01	37.5	36.71873554527361
2024-02-01	0.0	0.5988990870656179
2024-02-01	37.5	38.208209146117504
2024-02-01	37.5	31.277809925279207
2024-02-01	1.0	1.2738160601221709
2024-02-01	37.5	34.34711115356349
2024-02-01	1.0	4.681082365717479
2024-02-01	37.5	26.692240534956657
2024-02-01	37.5	37.11788388762248
2024-02-01	7.0	0.5352342638855151
2024-02-01	11.0	17.168606486014795
2024-02-01	2.0	8.565734306000397
2024-02-01	37.5	37.102835277475364
2024-02-01	37.5	36.263910895689
2024-02-01	37.5	37.97576372862086
2024-02-01	21.0	21.596278989659375
2024-02-01	8.0	3.250545153831608
2024-02-01	6.0	8.609956556011465
2024-02-01	7.0	4.234963148109424
2024-02-01	22.0	27.667557073256962
2024-02-01	0.0	0.8568395054436324
2024-02-01	8.0	6.622473314526356
2024-02-01	7.0	6.286513386314467
2024-02-01	37.5	35.79897067901861
2024-02-01	0.0	0.44909496352193445
2024-02-01	37.5	12.440974510691781
2024-02-01	19.0	9.316329395068097
2024-02-01	11.0	11.236016776521307
2024-02-01	24.0	9.402393310641436
2024-02-01	5.0	4.320872372559523
2024-02-01	37.5	11.523009601266617
2024-02-01	2.0	9.36378776972351
2024-02-01	5.0	6.027416671754121
2024-02-01	7.0	3.949423710187458
2024-02-01	37.5	13.951811474788041
2024-02-01	37.5	37.44268731904048
2024-02-01	0.0	0.8968162398441325
2024-02-01	1.0	9.948619982933945
2024-02-01	22.0	7.192530552415657
2024-02-01	37.5	5.950799591570661
2024-02-01	35.0	22.81132921316534
2024-02-01	37.5	37.65665879518745
2024-02-01	1.0	5.884651002740604
2024-02-01	1.0	3.9941744903766936
2024-02-01	31.0	3.2057129110676454
2024-02-01	6.0	4.468796828164512
2024-02-01	2.0	6.908799490516331
2024-02-01	0.0	0.26225723359172715
2024-02-01	37.5	4.674667870328433
2024-02-01	0.0	0.330396204829449
2024-02-01	37.5	36.66725307577137
2024-02-01	9.0	16.052729850538697
2024-02-01	0.0	0.6522470683944547
2024-02-01	4.0	7.652714667695126
2024-02-01	37.5	28.86409999606904
2024-02-01	6.0	9.514856683739435
2024-02-01	2.0	6.172465238605714
2024-02-01	13.0	3.7089944042755874
2024-02-01	5.0	5.304496747364011
2024-02-01	11.0	3.431799480506207
2024-02-01	37.5	20.176920759747368
2024-02-01	26.0	3.6833378105907015
2024-02-01	37.5	13.801367836348224
2024-02-01	3.0	5.505417582231392
2024-02-01	37.5	30.529985688249074
2024-02-01	37.5	28.736723240085272
2024-02-01	27.0	6.884824277894263
2024-02-01	7.0	7.847748568700695
2024-02-01	37.5	36.82403260734902
2024-02-01	34.0	27.102033336450226
2024-02-01	1.0	4.345896467355196
2024-02-01	37.5	29.306737158682566
2024-02-01	24.0	8.231110473307925
2024-02-01	7.0	12.069228930301103
2024-02-01	14.0	4.257287737205563
2024-02-01	16.0	7.6158726748969015
2024-02-01	7.0	4.723841489968227
2024-02-01	31.0	14.012952570893733
2024-02-01	37.5	6.869935057072628
2024-02-01	11.0	4.134926698839271
2024-02-01	37.0	4.872445221689224
2024-02-01	0.0	0.335908013425873
2024-02-01	0.0	1.1432744080752235
2024-02-01	37.5	36.00567146888899
2024-02-01	37.5	26.125939368892254
2024-02-01	0.0	0.3569976641051315
2024-02-01	37.5	28.16366349560746
2024-02-01	37.5	36.26282954803356
2024-02-01	5.0	8.279479032202296
2024-02-01	12.0	7.426491587552389
2024-02-01	37.5	35.4587040627935
2024-02-01	1.0	3.5602800392280094
2024-02-01	12.0	6.495766436177348
2024-02-01	8.0	0.594809761222791
2024-02-01	18.0	7.159096382038202
2024-02-01	37.5	29.92558454998336
2024-02-01	12.0	5.526531929677975
2024-02-01	37.5	36.73860050728501
2024-02-01	37.5	36.32590194601272
2024-02-01	37.5	37.08682116518607
2024-02-01	1.0	4.267883024599646
2024-02-01	4.0	2.810215747341923
2024-02-01	37.5	36.79769799919278
2024-02-01	37.5	27.343097935696157
2024-02-01	0.0	0.9086727054149385
2024-02-01	37.5	31.93684478209441
2024-02-01	2.0	3.936940831896691
2024-02-01	34.0	10.629424320785072
2024-02-01	18.0	11.725879897504955
2024-02-01	5.0	6.6497014394924
2024-02-01	4.0	6.284067782236468
2024-02-01	37.5	37.60800335151476
2024-02-01	37.5	31.76892162839089
2024-02-01	37.5	36.13307107155512
2024-02-01	37.5	37.01377692735805
2024-02-01	6.0	3.5371964139836196
2024-02-01	2.0	8.03721787055952
2024-02-01	37.5	35.09081536408773
2024-02-01	37.5	35.905635829172354
2024-02-01	3.0	3.6434010991897967
2024-02-01	5.0	8.928043277803065
2024-02-01	12.0	5.092389703480334
2024-02-01	1.0	0.48510528258669544
2024-02-01	37.5	36.37611524374362
2024-02-01	37.5	37.08704106144028
2024-02-01	23.0	13.763906398731171
2024-02-01	1.0	3.490031513882124
2024-02-01	37.5	31.57695424895663
2024-02-01	15.0	16.32089314936019
2024-02-01	3.0	5.9213551569214244
2024-02-01	13.0	7.844078940789018
2024-02-01	37.5	35.768268669340024
2024-02-01	37.5	36.65102814900434
2024-02-01	6.0	4.74327442462041
2024-02-01	14.0	5.710876456300306
2024-02-01	37.5	35.30857828333892
2024-02-01	0.0	0.26307979682483956
2024-02-01	37.5	37.43072913566129
2024-02-01	3.0	5.178663582558697
2024-02-01	1.0	4.783919469359466
2024-02-01	1.0	2.4437841317417597
2024-02-01	5.0	5.281325491624403
2024-02-01	2.0	5.1983452473400655
2024-02-01	37.5	27.67510544309028
2024-02-01	0.0	0.41721333696556856
2024-02-01	32.0	17.297592927071783
2024-02-01	37.5	37.44701442637034
2024-02-01	17.0	8.563198447628618
2024-02-01	12.0	10.33011258140497
2024-02-01	37.5	15.652847754080407
2024-02-01	12.0	9.564058638800542
2024-02-01	26.0	9.142453410003377
2024-02-01	5.0	7.426143956402112
2024-02-01	6.0	5.402841451844739
2024-02-01	2.0	4.058671776949277
2024-02-01	37.5	31.50060938902584
2024-02-01	37.5	19.353945222832312
2024-02-01	37.5	35.59520191913311
2024-02-01	0.0	0.5628012408667902
2024-02-01	5.0	8.069543476553676
2024-02-01	1.0	5.855155250354368
2024-02-01	37.5	34.493445287980656
2024-02-01	6.0	8.608201910808976
2024-02-01	0.0	0.11806560942004679
2024-02-01	37.5	37.22239459265022
2024-02-01	8.0	12.952823791443826
2024-02-01	3.0	6.818308308902528
2024-02-01	37.5	36.80811205512414
2024-02-01	37.5	25.755075320916987
2024-02-01	13.0	5.276768477857127
2024-02-01	37.5	38.41507453640503
2024-02-01	5.0	7.899227134554432
2024-02-01	2.0	2.4437841317417597
2024-02-01	37.5	4.494298530207102
2024-02-01	37.5	7.603237793791574
2024-02-01	5.0	6.431420520777758
2024-02-01	8.0	7.009204244665999
2024-02-01	2.0	4.60257822158801
2024-02-01	7.0	6.243770340422085
2024-02-01	37.5	34.13205045722909
2024-02-01	6.0	19.34001757265561
2024-02-01	10.0	6.363247171380258
2024-02-01	11.0	11.201816680028765
2024-02-01	37.5	6.217492519654689
2024-02-01	37.5	36.901826593058715
2024-02-01	14.0	2.5221074103146224
2024-02-01	37.5	20.428615147457343
2024-02-01	2.0	3.7583954781073485
2024-02-01	37.5	36.02691762205322
2024-02-01	3.0	4.66478539967893
2024-02-01	37.5	36.18385412889846
2024-02-01	23.0	21.191057547510738
2024-02-01	2.0	0.3150552131108981
2024-02-01	23.0	23.463085627327732
2024-02-01	1.0	3.1460558693832397
2024-02-01	37.5	35.89853558406005
2024-02-01	1.0	5.9091051852835355
2024-02-01	37.5	33.23407141152044
2024-02-01	21.0	0.4818343813270141
2024-02-01	15.0	3.775452008915158
2024-02-01	37.5	37.697990924328735
2024-02-01	0.0	0.3254443354976389
2024-02-01	18.0	12.254805629030129
2024-02-01	0.0	0.7127047818960761
2024-02-01	2.0	0.5122836111114747
2024-02-01	37.5	36.60694907892481
2024-02-01	0.0	1.2463666916785445
2024-02-01	37.5	37.186864498607946
2024-02-01	37.5	35.44627530532937
2024-02-01	1.0	0.9396299164819893
2024-02-01	37.5	35.15876691971304
2024-02-01	28.0	15.146462782814933
2024-02-01	0.0	0.196381299120783
2024-02-01	28.0	17.413233948887658
2024-02-01	5.0	7.1646212410681995
2024-02-01	0.0	0.5757014245977905
2024-02-01	37.5	35.94723002157496
2024-02-01	9.0	4.756832352807184
2024-02-01	2.0	6.249465849392276
2024-02-01	3.0	5.036222373807492
2024-02-01	10.0	2.4169392189847954
2024-02-01	37.5	37.222708554335696
2024-03-01	37.5	11.102573827012256
2024-03-01	18.0	5.2763385825689255
2024-03-01	17.0	12.295496428845372
2024-03-01	37.5	37.21670586670539
2024-03-01	31.0	6.736567810327814
2024-03-01	37.5	36.88941559484691
2024-03-01	2.0	12.47653428573617
2024-03-01	37.5	36.869697916776964
2024-03-01	27.0	23.923149065892538
2024-03-01	7.0	2.90499396504676
2024-03-01	0.0	1.3160163078293916
2024-03-01	7.0	9.398992466097985
2024-03-01	37.5	35.2063246916874
2024-03-01	15.0	26.70607010693653
2024-03-01	12.0	16.544088966894094
2024-03-01	37.5	35.61484083258886
2024-03-01	1.0	6.934003565882389
2024-03-01	14.0	13.893669027843105
2024-03-01	37.5	30.1140931859625
2024-03-01	16.0	19.471495266603192
2024-03-01	37.5	37.5743152185814
2024-03-01	11.0	33.61784647974686
2024-03-01	21.0	19.554368522663705
2024-03-01	2.0	4.656777221599125
2024-03-01	37.5	37.30325423067532
2024-03-01	2.0	3.5576554054212792
2024-03-01	37.5	36.044175327802016
2024-03-01	37.5	34.68265089793541
2024-03-01	27.0	17.030476073511117
2024-03-01	37.5	37.6028609705081
2024-03-01	32.0	18.255141240791644
2024-03-01	37.5	36.682636482368245
2024-03-01	37.5	27.131040440402106
2024-03-01	32.0	3.576166827465582
2024-03-01	37.5	29.54140472654111
2024-03-01	37.5	27.057628992744338
2024-03-01	22.0	36.19307709428803
2024-03-01	37.5	25.562269554274458
2024-03-01	22.0	17.10947862016366
2024-03-01	20.0	27.828312978399715
2024-03-01	37.5	34.76542326314397
2024-03-01	37.5	35.77740982642061
2024-03-01	37.5	32.049982932163
2024-03-01	4.0	4.849214203362581
2024-03-01	37.5	12.723908701088137
2024-03-01	37.5	34.268156923963815
2024-03-01	37.5	27.862222252624097
2024-03-01	37.5	37.360549999478756
2024-03-01	16.0	10.615109925748186
2024-03-01	37.5	30.661074070641043
2024-03-01	5.0	21.946435611167516
2024-03-01	30.0	37.68823343515152
2024-03-01	37.5	37.636211802645896
2024-03-01	37.5	38.02189858606425
2024-03-01	1.0	7.761681973243752
2024-03-01	37.5	36.21026114585875
2024-03-01	37.5	36.98234328537624
2024-03-01	4.0	10.632099572113843
2024-03-01	8.0	12.580337615260316
2024-03-01	12.0	22.21744185597701
2024-03-01	8.0	15.81467038644133
2024-03-01	37.5	26.016964316316354
2024-03-01	8.0	10.960935797093345
2024-03-01	37.5	32.28249110419927
2024-03-01	8.0	8.797852491099968
2024-03-01	5.0	4.8794442070315736
2024-03-01	11.0	11.815577651603842
2024-03-01	37.5	32.676986283125345
2024-03-01	0.0	0.23225495859586537
2024-03-01	37.5	32.60773618184479
2024-03-01	17.0	12.938292883178711
2024-03-01	37.5	33.51728499896746
2024-03-01	37.5	36.76948113405377
2024-03-01	0.0	0.7668480222505899
2024-03-01	30.0	17.64112923076619
2024-03-01	30.0	11.858118423609879
2024-03-01	26.0	20.036602845963195
2024-03-01	37.5	31.039709303862246
2024-03-01	30.0	11.492706836798778
2024-03-01	37.5	17.069327403402614
2024-03-01	37.5	37.31713810930675
2024-03-01	37.5	24.86254139466303
2024-03-01	22.0	12.871716873858842
2024-03-01	37.5	36.6955182637481
2024-03-01	1.0	5.156990620813392
2024-03-01	37.5	37.26704991013019
2024-03-01	37.5	36.2467210757025
2024-03-01	16.0	28.812752395870277
2024-03-01	37.5	37.97041530954919
2024-03-01	37.5	37.87431936010283
2024-03-01	37.5	37.524061843710086
2024-03-01	37.5	38.05443291387601
2024-03-01	37.5	37.222084915825484
2024-03-01	3.0	11.364832883572731
2024-03-01	2.0	11.966163293081971
2024-03-01	30.0	35.74644771750384
2024-03-01	9.0	4.4162405154404105
2024-03-01	37.5	37.19733107254717
2024-03-01	37.5	29.106823031993954
2024-03-01	4.0	5.74181841237408
2024-03-01	4.0	10.502684012653438
2024-03-01	37.5	23.65411518849941
2024-03-01	37.5	28.077421771547243
2024-03-01	4.0	8.551193359559019
2024-03-01	37.5	36.05948394530725
2024-03-01	37.5	34.164444025869884
2024-03-01	37.5	38.485386807960914
2024-03-01	23.0	12.867693542281783
2024-03-01	0.0	1.1464437420786602
2024-03-01	27.0	15.47630423089774
2024-03-01	37.5	37.10269802402623
2024-03-01	7.0	8.000502856657594
2024-03-01	37.5	33.62721679502963
2024-03-01	37.5	33.253275050888654
2024-03-01	37.5	29.591238443445175
2024-03-01	37.5	29.784273073643064
2024-03-01	37.5	24.03720747609729
2024-03-01	37.5	38.11390328759452
2024-03-01	37.5	30.251162329158888
2024-03-01	37.5	36.75576442813238
2024-03-01	4.0	5.324421476840344
2024-03-01	37.5	30.963317528766755
2024-03-01	27.0	28.81051539341333
2024-03-01	37.5	35.28040323386076
2024-03-01	37.5	34.66340748021761
2024-03-01	26.0	29.931746049940763
2024-03-01	37.5	37.33567957381187
2024-03-01	9.0	11.733579638968859
2024-03-01	37.5	37.574811398285156
2024-03-01	37.5	37.541951428859164
2024-03-01	37.5	37.38273374612222
2024-03-01	37.5	34.976033457865796
2024-03-01	2.0	2.1507835724116915
2024-03-01	24.0	8.200175301785817
2024-03-01	11.0	8.081018590015765
2024-03-01	37.5	27.460466783696635
2024-03-01	37.5	36.98247860793152
2024-03-01	37.5	22.11622692750582
2024-03-01	14.0	34.08532199354199
2024-03-01	16.0	9.864872040783393
2024-03-01	3.0	6.279326777695842
2024-03-01	37.5	11.123499306693605
2024-03-01	6.0	12.440399865662002
2024-03-01	37.5	35.77325089227677
2024-03-01	34.0	9.623014677969977
2024-03-01	14.0	7.415793251913314
2024-03-01	37.5	28.444657359391375
2024-03-01	37.5	32.03264677061719
2024-03-01	37.0	29.29967694987584
2024-03-01	1.0	3.5579114074059217
2024-03-01	8.0	8.78764361499428
2024-03-01	20.0	16.3238139690174
2024-03-01	1.0	3.818663467040133
2024-03-01	2.0	4.0030689161316255
2024-03-01	37.5	35.02869699252978
2024-03-01	6.0	4.944952435122803
2024-03-01	1.0	3.613533672319397
2024-03-01	37.5	18.42906542811591
2024-03-01	37.5	37.13737739209659
2024-03-01	37.5	35.131906004667684
2024-03-01	37.5	22.94176749764218
2024-03-01	37.5	35.68424369174404
2024-03-01	2.0	15.288908036704917
2024-03-01	2.0	8.954719500945433
2024-03-01	21.0	17.50401833351051
2024-03-01	5.0	7.313929916926011
2024-03-01	37.5	32.52360269766971
2024-03-01	37.5	35.568293933765325
2024-03-01	1.0	4.935766824483601
2024-03-01	37.5	8.818716162383545
2024-03-01	20.0	12.474746120767024
2024-03-01	5.0	14.51801188059335
2024-03-01	0.0	1.1848275097485286
2024-03-01	26.0	28.697131406323436
2024-03-01	37.5	36.92906463248579
2024-03-01	3.0	12.111818735846978
2024-03-01	37.5	37.80875785643697
2024-03-01	37.5	35.188930901652945
2024-03-01	37.5	27.031849681855714
2024-03-01	37.5	34.29300578063375
2024-03-01	37.5	37.137812136707964
2024-03-01	37.5	37.26887744801328
2024-03-01	37.5	23.732216452039605
2024-03-01	37.5	26.66173039835777
2024-03-01	0.0	0.13071153055451698
2024-03-01	21.0	12.02586755057013
2024-03-01	24.0	33.586481202382046
2024-03-01	37.5	35.170328957460846
2024-03-01	3.0	11.133739819159835
2024-03-01	37.5	11.303749076920628
2024-03-01	37.5	37.0965663926705
2024-03-01	6.0	13.44612869802172
2024-03-01	37.5	34.784798479765286
2024-03-01	37.5	31.304623888855126
2024-03-01	37.5	37.98245157665335
2024-03-01	37.5	36.99468444156686
2024-03-01	37.5	15.156736538834895
2024-03-01	37.5	37.0341973451454
2024-03-01	37.5	18.39912812815093
2024-03-01	10.0	10.237890556696804
2024-03-01	31.0	14.780305844332624
2024-03-01	37.5	29.91926925770417
2024-03-01	37.5	19.417795229091762
2024-03-01	37.5	35.63844786968838
2024-03-01	17.0	7.201120746985485
2024-03-01	37.5	26.55755873672076
2024-03-01	37.5	37.33988310119426
2024-03-01	37.5	35.021063182113714
2024-03-01	13.0	12.627062067994101
2024-03-01	37.5	36.43430058379997
2024-03-01	25.0	11.621984906216692
2024-03-01	3.0	2.610525220330536
2024-03-01	37.5	33.99182197660453
2024-03-01	37.5	35.145306998929996
2024-03-01	12.0	5.44245252192276
2024-03-01	37.5	31.711913593889715
2024-03-01	37.5	31.515103726215077
2024-03-01	1.0	2.971125370096085
2024-03-01	9.0	6.7634697085124165
2024-03-01	37.5	35.31269768301706
2024-03-01	5.0	5.307661738096126
2024-03-01	37.5	21.383664310622887
2024-03-01	0.0	0.3719816527830682
2024-03-01	37.5	37.43219462795969
2024-03-01	37.5	34.63513810994323
2024-03-01	37.5	25.390583996250548
2024-03-01	37.5	35.74489622754925
2024-03-01	37.5	37.75595925362501
2024-03-01	37.5	28.922164845957273
2024-03-01	37.5	32.829027339273246
2024-03-01	1.0	7.870946134214411
2024-03-01	37.5	36.974836353375935
2024-03-01	8.0	7.073353507670453
2024-03-01	6.0	12.09724937019742
2024-03-01	37.5	36.62976766234621
2024-03-01	14.0	9.651558276372992
2024-03-01	6.0	8.405665285323119
2024-03-01	37.5	36.58614863838179
2024-03-01	14.0	15.129862518512823
2024-03-01	0.0	2.445798353316931
2024-03-01	37.5	36.27959020461212
2024-03-01	37.5	34.47623411753677
2024-03-01	18.0	22.70778387157554
2024-03-01	37.5	37.04826901023823
2024-03-01	37.5	35.52693480294673
2024-03-01	37.5	29.272063320043053
2024-03-01	0.0	0.007307473023961952
2024-03-01	37.5	35.933010697245635
2024-03-01	37.5	36.614416792637165
2024-03-01	32.0	10.252994510063154
2024-03-01	7.0	24.43654093853898
2024-03-01	1.0	5.818365675006085
2024-03-01	0.0	0.5092083887116537
2024-03-01	8.0	4.26914637465073
2024-03-01	3.0	2.8259361871005284
2024-03-01	20.0	25.510840870323662
2024-03-01	37.5	22.472247884021346
2024-03-01	29.0	6.966178194718584
2024-03-01	37.5	36.04436263028596
2024-03-01	18.0	7.863520482672683
2024-03-01	15.0	11.357056645416924
2024-03-01	3.0	6.557803852806208
2024-03-01	37.5	36.67084650378285
2024-03-01	4.0	7.929465940902748
2024-03-01	37.5	30.17417829858955
2024-03-01	37.5	35.67664463662964
2024-03-01	7.0	2.9442599281468045
2024-03-01	37.5	35.11654539094149
2024-03-01	37.5	36.53573081775531
2024-03-01	15.0	21.287845706163388
2024-03-01	37.5	23.670083236357215
2024-03-01	6.0	3.175786033550094
2024-03-01	37.5	37.012282777146496
2024-03-01	37.5	37.23983838422417
2024-03-01	4.0	13.109424894345848
2024-03-01	37.5	17.320000261829822
2024-03-01	1.0	8.706299347512541
2024-03-01	37.5	28.313698483508393
2024-03-01	11.0	10.366365349779528
2024-03-01	24.0	28.382396520579384
2024-03-01	3.0	2.8841267754365605
2024-03-01	37.5	37.05379932756531
2024-03-01	37.5	31.71358598762787
2024-03-01	2.0	2.5658386948918785
2024-03-01	37.5	38.0444443649787
2024-03-01	37.5	37.70945093084262
2024-03-01	37.5	37.03096209935104
2024-03-01	31.0	20.152440180054725
2024-03-01	18.0	10.566481068975534
2024-03-01	37.5	32.837094718599076
2024-03-01	37.5	17.7613217647434
2024-03-01	37.5	37.13061163210142
2024-03-01	37.0	13.056834358537559
2024-03-01	37.5	36.472601700913266
2024-03-01	2.0	10.997718201548036
2024-03-01	37.5	36.325423962603956
2024-03-01	37.5	33.85814829280743
2024-03-01	37.5	33.82152224942811
2024-03-01	6.0	10.881850379280948
2024-03-01	11.0	16.264397860220807
2024-03-01	6.0	14.134252762159429
2024-03-01	30.0	9.074994026497134
2024-03-01	37.5	21.525207166247515
2024-03-01	1.0	5.106400237138809
2024-03-01	0.0	0.09024920457644543
2024-03-01	37.5	37.749233153010394
2024-03-01	37.5	29.35508948780896
2024-03-01	37.5	37.43747016388159
2024-03-01	37.5	33.960836691222376
2024-03-01	1.0	2.79506129753575
2024-03-01	0.0	1.0711318856294738
2024-03-01	21.0	21.783268882836204
2024-03-01	7.0	11.974973790707434
2024-03-01	37.5	37.393011988291356
2024-03-01	12.0	21.408651106824173
2024-03-01	5.0	5.605255530632838
2024-03-01	37.5	28.778573778481093
2024-03-01	37.5	20.396430943833135
2024-03-01	0.0	0.20083261488504478
2024-03-01	27.0	12.712945751666817
2024-03-01	3.0	9.109108597695764
2024-03-01	2.0	6.967840923671509
2024-03-01	3.0	16.030779403697746
2024-03-01	37.5	32.89326970657174
2024-03-01	13.0	10.723026423612994
2024-03-01	37.5	37.834776129429855
2024-03-01	37.5	35.794054440661455
2024-03-01	37.5	34.57187820071495
2024-03-01	37.5	35.28620811004548
2024-03-01	4.0	3.5608009291506098
2024-03-01	37.5	32.573922447875674
2024-03-01	37.5	37.978941405403724
2024-03-01	1.0	4.87523997984691
2024-03-01	37.5	37.89125004820869
2024-03-01	37.5	36.93591428069987
2024-03-01	37.5	25.310304773849673
2024-03-01	37.5	27.308008169875023
2024-03-01	13.0	5.347793248674891
2024-03-01	19.0	23.54724941767107
2024-03-01	17.0	13.952643025365909
2024-03-01	37.5	37.452361832995415
2024-03-01	37.5	37.236776467443235
2024-03-01	37.5	35.70961931930132
2024-03-01	37.5	36.20272031335119
2024-03-01	37.5	31.73318778374543
2024-03-01	37.5	32.419599250302404
2024-03-01	5.0	18.306524737333717
2024-03-01	37.5	37.33221093147764
2024-03-01	6.0	9.127824239248573
2024-03-01	1.0	2.9445910679044083
2024-03-01	25.0	6.287969000021508
2024-03-01	37.5	23.92151257779245
2024-03-01	37.5	27.605135854816556
2024-03-01	37.5	36.85918605757815
2024-03-01	24.0	34.79800801096034
2024-03-01	37.5	36.540465450246714
2024-03-01	37.5	37.56099183278147
2024-03-01	37.5	37.68998288549859
2024-03-01	0.0	0.7110074081547708
2024-03-01	37.5	36.496764800817644
2024-03-01	32.0	23.02154083764716
2024-03-01	24.0	32.430559684609825
2024-03-01	37.5	32.922055696305144
2024-03-01	2.0	5.788319644299374
2024-03-01	0.0	0.2967364159801209
2024-03-01	37.5	26.39368246361204
2024-03-01	37.5	38.19342757052908
2024-03-01	37.5	31.120612010471998
2024-03-01	37.5	38.684314827410475
2024-03-01	13.0	6.0236318366969215
2024-03-01	28.0	19.503778882244795
2024-03-01	0.0	0.36559317571368666
2024-03-01	37.5	36.77428801642023
2024-03-01	4.0	4.733876676906191
2024-03-01	1.0	2.3830713936606363
2024-03-01	12.0	7.24495548879389
2024-03-01	37.5	21.780994487483195
2024-03-01	37.5	28.088503666452986
2024-03-01	8.0	18.3195783391062
2024-03-01	1.0	2.6170103814414456
2024-03-01	37.5	22.867959024349208
2024-03-01	19.0	16.123277125704927
2024-03-01	37.5	37.08278522610918
2024-03-01	1.0	4.913381323189454
2024-03-01	37.5	29.46562732722461
2024-03-01	1.0	24.076151584511805
2024-03-01	37.5	28.016672707217825
2024-03-01	8.0	15.039834787320203
2024-03-01	0.0	0.25249171070508464
2024-03-01	37.5	37.64485679833144
2024-03-01	1.0	4.393336079499488
2024-03-01	2.0	5.194044165632841
2024-03-01	37.5	38.083475506468986
2024-03-01	30.0	16.18646202851427
2024-03-01	21.0	6.601899887441604
2024-03-01	37.5	37.36166592671047
2024-03-01	2.0	9.766723374084265
2024-03-01	33.0	25.165424247793588
2024-03-01	37.5	36.571516946509924
2024-03-01	11.0	21.93680597105712
2024-03-01	1.0	5.50818254162576
2024-03-01	0.0	0.3549142234427603
2024-03-01	37.5	37.83572115724869
2024-03-01	3.0	6.974550275288343
2024-03-01	1.0	8.16607520196042
2024-03-01	37.5	35.541054309653106
2024-03-01	0.0	0.42543472276944094
2024-03-01	10.0	20.078380425966504
2024-03-01	0.0	0.38253688001219044
2024-03-01	21.0	19.28612057962573
2024-03-01	0.0	0.41313907953548384
2024-03-01	18.0	4.279954918526171
2024-03-01	30.0	31.986824514913742
2024-03-01	37.5	36.49201847904725
2024-03-01	37.5	32.08189184333682
2024-03-01	8.0	16.76702411503861
2024-03-01	12.0	19.607428025871577
2024-03-01	37.5	26.451383958156928
2024-03-01	37.5	32.50342087527074
2024-03-01	1.0	8.088669515428002
2024-03-01	37.5	37.822682456457564
2024-03-01	37.5	33.91922124061827
2024-03-01	37.5	36.69763499750741
2024-03-01	1.0	7.314511611312416
2024-03-01	37.5	35.73366737214334
2024-03-01	8.0	15.167182324710065
2024-03-01	16.0	6.9297260679824975
2024-03-01	37.5	8.584525871507946
2024-03-01	37.5	26.60082636987126
2024-03-01	14.0	19.593189582056162
2024-03-01	37.5	14.556783542924803
2024-03-01	37.5	32.414851338351475
2024-03-01	37.5	37.419868233782154
2024-03-01	26.0	17.7802008991506
2024-03-01	37.5	37.75193618477862
2024-03-01	5.0	25.784053743001365
2024-03-01	37.5	36.95273428883175
2024-03-01	37.5	36.92605749209232
2024-03-01	1.0	3.093835697242971
2024-03-01	37.5	27.806578314680152
2024-03-01	21.0	4.169886137781044
2024-03-01	37.5	34.73995108781405
2024-03-01	5.0	12.934494278923236
2024-03-01	6.0	11.834748524194088
2024-03-01	37.5	37.5071667497955
2024-03-01	2.0	5.794661364301479
2024-03-01	37.5	37.609675913018016
2024-03-01	3.0	22.920827051541067
2024-03-01	28.0	34.22621421723767
2024-03-01	37.5	37.10095916066397
2024-03-01	18.0	8.5619029535183
2024-03-01	37.5	37.66916954465869
2024-03-01	12.0	6.2381581852782535
2024-03-01	37.5	37.6934805637608
2024-03-01	4.0	5.994633787312309
2024-03-01	37.5	34.91831057412159
2024-03-01	37.5	33.140145845424385
2024-03-01	37.5	20.838339586401208
2024-03-01	25.0	33.36938135058304
2024-03-01	37.5	35.35592829438995
2024-03-01	4.0	4.663366958531731
2024-03-01	37.5	33.33491507047174
2024-03-01	37.5	28.221524750310195
2024-03-01	8.0	17.374952133140447
2024-03-01	37.5	33.3505019540103
2024-03-01	16.0	12.243314176071625
2024-03-01	5.0	11.869929623887547
2024-03-01	1.0	5.193819537065889
2024-03-01	37.5	13.87480151596345
2024-03-01	18.0	16.122815288276303
2024-03-01	2.0	4.532564756705936
2024-03-01	34.0	26.266576368896132
2024-03-01	37.5	35.49848007147848
2024-03-01	0.0	0.3083211164652233
2024-03-01	5.0	4.596026800887545
2024-03-01	5.0	9.958011111506151
2024-03-01	37.5	37.298012541420675
2024-03-01	2.0	6.876527949681371
2024-03-01	37.5	26.59279827556025
2024-03-01	2.0	7.801924145189792
2024-03-01	37.5	26.8305975680065
2024-03-01	7.0	14.573487586130426
2024-03-01	37.5	37.65153721630952
2024-03-01	18.0	12.973046673262473
2024-03-01	37.5	37.028920157995074
2024-03-01	1.0	2.724219173702451
2024-03-01	10.0	26.609531795842784
2024-03-01	14.0	20.704568753631357
2024-03-01	37.5	37.58091924511863
2024-03-01	37.5	37.17669800730829
2024-03-01	3.0	16.358343798438888
2024-03-01	37.5	32.14406035606047
2024-03-01	37.5	36.45004533976736
2024-03-01	6.0	7.606420821815285
2024-03-01	15.0	17.227408418018374
2024-03-01	7.0	4.144332799750963
2024-03-01	5.0	6.845054175296884
2024-03-01	0.0	0.8126464144583649
2024-03-01	25.0	14.18653885478566
2024-03-01	25.0	15.853383337963436
2024-03-01	37.5	13.210108446136918
2024-03-01	33.0	22.457779536635126
2024-03-01	2.0	5.657465675180233
2024-03-01	0.0	5.240872838341715
2024-03-01	37.5	37.14120098035389
2024-03-01	37.5	35.93091328223811
2024-03-01	37.5	30.59262019330341
2024-03-01	18.0	25.447623822047852
2024-03-01	15.0	21.27935747632474
2024-03-01	37.5	22.69553785872544
2024-03-01	30.0	19.129721857082146
2024-03-01	21.0	24.726247214206758
2024-03-01	37.5	33.21622934605382
2024-03-01	0.0	1.9422606486806742
2024-03-01	37.5	35.77887225187903
2024-03-01	37.5	24.9260980781322
2024-03-01	20.0	12.909857486751806
2024-03-01	37.5	38.190059270091055
2024-03-01	37.5	37.16477452419964
2024-03-01	17.0	5.946108544384195
2024-03-01	37.5	27.728114696300572
2024-03-01	1.0	7.998117379470726
2024-03-01	6.0	5.6680155755620945
2024-03-01	37.5	28.893323346888135
2024-03-01	37.5	36.095205940295706
2024-03-01	37.5	20.71750996940363
2024-03-01	6.0	12.624772939829924
2024-03-01	37.5	38.410382544795894
2024-03-01	37.5	34.25081753517418
2024-03-01	37.5	35.13053940587979
2024-03-01	7.0	6.05294349788693
2024-03-01	37.5	36.75447141736472
2024-03-01	4.0	8.838917970779477
2024-03-01	37.5	36.99990282025795
2024-03-01	7.0	10.057748175544655
2024-03-01	37.5	14.716448750835108
2024-03-01	37.5	35.70234031318332
2024-03-01	37.5	37.45476492046663
2024-03-01	5.0	12.693765865152347
2024-03-01	4.0	9.965969332734451
2024-03-01	0.0	0.07536229677245598
2024-03-01	8.0	3.5809805888293997
2024-03-01	37.5	35.876407704052994
2024-03-01	0.0	0.013797207679248254
2024-03-01	1.0	8.295695316014461
2024-03-01	4.0	2.970863524658716
2024-03-01	37.5	32.80038332073815
2024-03-01	37.5	35.73100575387341
2024-03-01	5.0	6.3878868861981974
2024-03-01	37.5	31.157276332601192
2024-03-01	37.5	36.19280588657823
2024-03-01	2.0	5.341628763177973
2024-03-01	37.5	36.594246225476134
2024-03-01	37.5	31.16530777208995
2024-03-01	37.5	34.91469125201095
2024-03-01	37.5	28.721405803430294
2024-03-01	0.0	1.5084583250994261
2024-03-01	2.0	0.28059583691017814
2024-03-01	37.5	31.177641889436657
2024-03-01	37.5	37.785540216079944
2024-03-01	4.0	7.1512582121446995
2024-03-01	13.0	4.603947684203218
2024-03-01	19.0	27.639019614336785
2024-03-01	37.5	30.36734436233043
2024-03-01	16.0	13.649058924290056
2024-03-01	12.0	4.412379049444869
2024-03-01	37.5	28.323593254319903
2024-03-01	7.0	7.008102523861566
2024-03-01	11.0	9.948572081652296
2024-03-01	37.5	28.38870921563986
2024-03-01	30.0	20.0611420031404
2024-03-01	8.0	7.459898161935274
2024-03-01	37.5	35.76983031044465
2024-03-01	37.5	35.93284687154552
2024-03-01	37.5	36.94239605762155
2024-03-01	2.0	9.512750003554974
2024-03-01	3.0	4.740530884676451
2024-03-01	10.0	7.262923168646713
2024-03-01	12.0	15.523183532501717
2024-03-01	37.5	21.109841597186357
2024-03-01	37.5	36.55754247268753
2024-03-01	20.0	18.18473601855163
2024-03-01	8.0	13.290757730161303
2024-03-01	37.5	37.336147232951134
2024-03-01	31.0	13.640888808823778
2024-03-01	0.0	1.613344257251314
2024-03-01	37.5	35.90874280887914
2024-03-01	32.0	14.64336804996172
2024-03-01	3.0	6.481059211992029
2024-03-01	37.5	13.246191599130526
2024-03-01	37.5	34.430351432282606
2024-03-01	24.0	29.414403823799514
2024-03-01	37.5	35.912716583921274
2024-03-01	0.0	3.0676117243587555
2024-03-01	17.0	7.663447095358089
2024-03-01	10.0	2.6929089546577627
2024-03-01	6.0	17.426825150951185
2024-03-01	8.0	11.133433407549575
2024-03-01	37.5	16.710752602636795
2024-03-01	5.0	11.04271018037976
2024-03-01	37.5	36.02815662028921
2024-03-01	37.5	37.60627158362714
2024-03-01	1.0	2.902796032177126
2024-03-01	30.0	3.459690057868645
2024-03-01	37.5	36.04729128103493
2024-03-01	13.0	12.71111440582506
2024-03-01	37.5	33.24825660020997
2024-03-01	37.5	31.44723864797311
2024-03-01	37.5	37.65727846173477
2024-03-01	37.5	34.626932020111994
2024-03-01	0.0	0.2033616127501401
2024-03-01	37.5	37.35222258176877
2024-03-01	37.5	37.218294552890825
2024-03-01	2.0	17.451876876706326
2024-03-01	37.5	35.048248275880226
2024-03-01	37.5	37.31011330811673
2024-03-01	15.0	18.275007104680483
2024-03-01	2.0	6.359928328464209
2024-03-01	21.0	4.2922281736786685
2024-03-01	37.5	37.47054803663356
2024-03-01	37.5	32.59859888897697
2024-03-01	37.5	37.4931983687799
2024-03-01	37.5	37.58659064626802
2024-03-01	37.5	35.72890384528773
2024-03-01	5.0	3.6268079884306834
2024-03-01	17.0	23.251350513158492
2024-03-01	28.0	5.732507879971102
2024-03-01	37.5	38.03708324861664
2024-03-01	37.5	36.2899043499297
2024-03-01	15.0	3.6120938603597854
2024-03-01	8.0	7.850026050244145
2024-03-01	37.5	34.96863459737533
2024-03-01	37.5	37.441980026705124
2024-03-01	37.5	36.2764009158745
2024-03-01	37.5	32.12418690974465
2024-03-01	0.0	0.5035517896238897
2024-03-01	37.5	34.38671061771409
2024-03-01	2.0	6.615120124195366
2024-03-01	37.5	37.191231940868356
2024-03-01	37.5	38.155761451302595
2024-03-01	15.0	14.034340795373867
2024-03-01	37.5	32.815702892014016
2024-03-01	37.5	20.22112429270747
2024-03-01	6.0	12.533515876461983
2024-03-01	37.5	35.73974644810933
2024-04-01	37.5	33.982153565323415
2024-04-01	2.0	5.662787004803235
2024-04-01	25.0	23.86403780527547
2024-04-01	1.0	0.003757804153772193
2024-04-01	37.5	30.09364743415608
2024-04-01	37.5	32.06301515820458
2024-04-01	37.5	28.932076360606565
2024-04-01	37.5	33.109698061635
2024-04-01	6.0	8.808743882394095
2024-04-01	3.0	2.9545026591141026
2024-04-01	1.0	2.9301436930353977
2024-04-01	23.0	10.372022428938937
2024-04-01	8.0	6.3934355418601605
2024-04-01	37.5	30.551121946992144
2024-04-01	2.0	2.9531702635204238
2024-04-01	37.5	37.72066919782184
2024-04-01	6.0	13.925307687403375
2024-04-01	6.0	4.304136168471467
2024-04-01	1.0	3.2114563447917712
2024-04-01	37.5	35.110829728413385
2024-04-01	37.5	36.175416775803015
2024-04-01	37.5	36.17600696713422
2024-04-01	37.5	31.31920867558105
2024-04-01	0.0	0.012888236272584869
2024-04-01	37.5	31.54918515064331
2024-04-01	37.5	32.34532113953594
2024-04-01	37.5	30.253897749696744
2024-04-01	36.0	8.827949447427214
2024-04-01	37.5	22.54064448998996
2024-04-01	37.5	17.74303554956683
2024-04-01	18.0	12.275592642612862
2024-04-01	33.0	19.637745694935028
2024-04-01	37.5	22.471104798468854
2024-04-01	37.5	32.47412541868058
2024-04-01	16.0	8.215423467436977
2024-04-01	20.0	9.017404085737839
2024-04-01	37.5	34.453328734752155
2024-04-01	0.0	0.05104618206334234
2024-04-01	24.0	5.9353902781940615
2024-04-01	1.0	0.013135836720012504
2024-04-01	1.0	5.1067812491177556
2024-04-01	11.0	9.306734507586823
2024-04-01	37.5	32.87854642389227
2024-04-01	37.5	36.27641649840304
2024-04-01	12.0	18.45081958465088
2024-04-01	37.5	19.964755128615487
2024-04-01	7.0	3.2141105200329965
2024-04-01	11.0	8.50626781400376
2024-04-01	37.5	33.56177204858361
2024-04-01	37.5	30.845888961484345
2024-04-01	37.5	35.648065322166204
2024-04-01	37.5	31.266386726600214
2024-04-01	37.5	28.72064646232581
2024-04-01	37.5	34.34731770855662
2024-04-01	16.0	5.793718472045224
2024-04-01	37.5	27.933727053222732
2024-04-01	33.0	26.624116442811946
2024-04-01	37.5	30.999186383023098
2024-04-01	37.5	7.049150151799102
2024-04-01	37.5	26.11670515048624
2024-04-01	6.0	4.400444332808033
2024-04-01	37.5	32.04687249578706
2024-04-01	32.0	11.993491390058697
2024-04-01	7.0	2.919868902075554
2024-04-01	37.5	32.49153272709286
2024-04-01	4.0	2.3664408389771405
2024-04-01	37.5	16.273119806741455
2024-04-01	37.5	10.030346731184684
2024-04-01	37.5	31.781191460038443
2024-04-01	37.5	23.402324050126825
2024-04-01	37.5	21.967744864865935
2024-04-01	37.5	36.92885818839138
2024-04-01	37.5	32.44018965123612
2024-04-01	22.0	12.25580875838861
2024-04-01	37.5	35.29023263495472
2024-04-01	37.5	29.027375718476627
2024-04-01	37.5	31.664772898680482
2024-04-01	8.0	6.828052740228709
2024-04-01	37.0	11.568657079928528
2024-04-01	13.0	4.302730172043215
2024-04-01	5.0	25.869749832991584
2024-04-01	37.5	29.752271204717434
2024-04-01	37.5	34.16228019776945
2024-04-01	37.5	36.049051775741184
2024-04-01	37.5	27.201195215573996
2024-04-01	31.0	8.835402216250955
2024-04-01	37.5	29.115926145747267
2024-04-01	1.0	0.011760993406922736
2024-04-01	37.5	30.978646532405097
2024-04-01	37.5	30.988844664080816
2024-04-01	37.5	34.41690264801463
2024-04-01	31.0	31.377603962169438
2024-04-01	37.5	26.142308655243383
2024-04-01	37.5	34.74871862025387
2024-04-01	37.5	28.8134556158732
2024-04-01	6.0	3.362779219089551
2024-04-01	37.5	14.673793816941016
2024-04-01	2.0	0.004495124347067016
2024-04-01	37.5	20.877090946453315
2024-04-01	12.0	6.165525870055949
2024-04-01	2.0	12.5534638300604
2024-04-01	1.0	7.9095303826828856
2024-04-01	37.5	30.07059816587952
2024-04-01	37.5	34.38544507053656
2024-04-01	16.0	31.5179240298081
2024-04-01	2.0	6.037624109377168
2024-04-01	24.0	14.781701097354928
2024-04-01	10.0	7.174024081647515
2024-04-01	17.0	9.117934510969999
2024-04-01	0.0	1.7944263427508147
2024-04-01	37.5	5.333634279260515
2024-04-01	37.5	31.134235336016985
2024-04-01	6.0	2.064137861475085
2024-04-01	6.0	1.7603509722047752
2024-04-01	5.0	3.562482042921342
2024-04-01	37.5	5.952789837663687
2024-04-01	37.5	35.36668284390708
2024-04-01	37.5	31.223378110697254
2024-04-01	37.5	35.14748819981826
2024-04-01	37.5	33.929192518827236
2024-04-01	37.5	19.218693094713366
2024-04-01	37.5	33.915818378194444
2024-04-01	37.5	22.030922697733274
2024-04-01	2.0	1.0685570932426995
2024-04-01	3.0	4.501807254543481
2024-04-01	7.0	0.0069235817833644955
2024-04-01	10.0	9.212823803126843
2024-04-01	2.0	0.0017020937547489881
2024-04-01	18.0	8.203914343665414
2024-04-01	21.0	13.359770728500655
2024-04-01	37.5	34.80594901653289
2024-04-01	37.5	31.602619051483238
2024-04-01	0.0	0.30356929722321413
2024-04-01	11.0	6.300505966689993
2024-04-01	37.5	34.43213766711026
2024-04-01	30.0	14.483037011457528
2024-04-01	31.0	7.857271418591938
2024-04-01	37.5	15.969887303508271
2024-04-01	2.0	4.280407455773097
2024-04-01	37.5	19.386923281902252
2024-04-01	37.5	32.451556976884504
2024-04-01	0.0	0.012659655926378589
2024-04-01	16.0	3.395550189205737
2024-04-01	15.0	9.511848486620025
2024-04-01	21.0	18.02168799565513
2024-04-01	37.5	31.261398603339654
2024-04-01	37.5	35.71839428951979
2024-04-01	37.5	32.89941618150324
2024-04-01	2.0	2.9096206988233613
2024-04-01	16.0	7.618405309071301
2024-04-01	3.0	4.798149161869469
2024-04-01	37.5	23.109896278410993
2024-04-01	34.0	11.639441418152979
2024-04-01	37.5	33.69359094842093
2024-04-01	3.0	3.732072508323105
2024-04-01	37.5	30.66228680905636
2024-04-01	37.5	27.264890805209998
2024-04-01	37.5	27.450508450843653
2024-04-01	2.0	2.8237104457553803
2024-04-01	37.5	28.475047614417345
2024-04-01	29.0	14.753927153588839
2024-04-01	36.0	15.83662403208408
2024-04-01	37.5	24.697387957952447
2024-04-01	3.0	4.238558810933549
2024-04-01	35.0	5.570037101604667
2024-04-01	37.5	20.703858651328147
2024-04-01	37.5	35.175123012149264
2024-04-01	37.5	34.848927775283826
2024-04-01	37.5	15.008147614118794
2024-04-01	37.5	26.61236931953821
2024-04-01	6.0	3.209116934839604
2024-04-01	20.0	2.1141737600944976
2024-04-01	37.5	18.04772671639427
2024-04-01	37.5	26.076122513559575
2024-04-01	25.0	21.941932976599244
2024-04-01	37.5	31.50629427579277
2024-04-01	37.5	31.98870526016362
2024-04-01	37.5	29.8057409748184
2024-04-01	37.5	33.01100250969245
2024-04-01	8.0	6.199167362580434
2024-04-01	1.0	14.48498992955928
2024-04-01	37.5	29.09121772302926
2024-04-01	37.5	33.60829609477563
2024-04-01	37.5	35.63430471355138
2024-04-01	37.5	27.60990806121529
2024-04-01	37.5	32.56225938913387
2024-04-01	37.5	31.84882704957375
2024-04-01	12.0	3.8725625983694725
2024-04-01	3.0	7.681126433680872
2024-04-01	1.0	2.179555967567134
2024-04-01	5.0	6.048804180530826
2024-04-01	2.0	4.129303431623622
2024-04-01	37.5	15.402222136387156
2024-04-01	37.5	28.528747732482778
2024-04-01	6.0	6.574248701318314
2024-04-01	37.5	29.192502582193402
2024-04-01	37.5	23.85307759779852
2024-04-01	37.5	31.2016535206141
2024-04-01	37.5	33.274715470748156
2024-04-01	37.5	32.430061004601455
2024-04-01	0.0	0.04084448087372791
2024-04-01	13.0	10.0847075031452
2024-04-01	37.5	25.922493060865328
2024-04-01	11.0	0.4422213813821671
2024-04-01	1.0	4.406153262236258
2024-04-01	0.0	0.10262749053720416
2024-04-01	7.0	11.154919650474268
2024-04-01	37.5	29.69808834214463
2024-04-01	37.5	21.990136363358012
2024-04-01	37.5	36.661954932844836
2024-04-01	13.0	12.432759619264104
2024-04-01	8.0	16.913912631682752
2024-04-01	37.5	31.91717297521073
2024-04-01	26.0	9.334711840153219
2024-04-01	9.0	10.737602385104887
2024-04-01	13.0	2.6732432979376917
2024-04-01	26.0	29.103063381127523
2024-04-01	37.5	32.85585654468603
2024-04-01	37.5	12.050676408742671
2024-04-01	37.5	30.8488489693773
2024-04-01	37.5	33.78294054897923
2024-04-01	18.0	8.948964506193812
2024-04-01	37.5	19.833354675305916
2024-04-01	5.0	3.3712650666946353
2024-04-01	0.0	0.11946967736563248
2024-04-01	37.5	30.145561718540623
2024-04-01	37.5	34.550268574470664
2024-04-01	5.0	2.4006129478042286
2024-04-01	1.0	2.5865265974586573
2024-04-01	37.5	34.615100970359734
2024-04-01	18.0	15.268358656061439
2024-04-01	37.5	33.18235507454126
2024-04-01	37.5	23.058784123359438
2024-04-01	7.0	2.4139127469350328
2024-04-01	8.0	5.533645843611623
2024-04-01	37.5	37.29906270685963
2024-04-01	37.5	31.732942378748078
2024-04-01	37.5	32.86170089174872
2024-04-01	37.5	24.962857256246853
2024-04-01	37.5	32.76371274173401
2024-04-01	11.0	10.170517308359399
2024-04-01	19.0	15.247137013269853
2024-04-01	37.5	24.423901761893624
2024-04-01	23.0	23.052755295841948
2024-04-01	3.0	3.965063457387648
2024-04-01	37.5	24.165290727564923
2024-04-01	37.5	35.48744038957287
2024-04-01	37.5	31.0260760918035
2024-04-01	37.5	33.67628462266284
2024-04-01	21.0	13.418945189616824
2024-04-01	37.5	29.137351133116844
2024-04-01	37.5	28.040943635662188
2024-04-01	37.5	23.96719502462785
2024-04-01	6.0	2.6008157601829347
2024-04-01	37.5	14.726282985786645
2024-04-01	0.0	3.8268311932490513
2024-04-01	37.5	36.55350778487028
2024-04-01	11.0	6.876398066835994
2024-04-01	1.0	1.6653761571913583
2024-04-01	37.5	31.54709064393159
2024-04-01	20.0	6.111259898655765
2024-04-01	10.0	6.173479457933275
2024-04-01	10.0	4.808140676745423
2024-04-01	1.0	1.9375653788466094
2024-04-01	37.5	36.34900074049285
2024-04-01	37.5	19.17831633903051
2024-04-01	8.0	6.788308228889445
2024-04-01	37.5	35.7299498782453
2024-04-01	1.0	0.0057569439718451595
2024-04-01	37.5	30.982026036852666
2024-04-01	2.0	4.014463982224712
2024-04-01	37.5	37.66759549536291
2024-04-01	37.5	32.608781329911494
2024-04-01	37.5	26.964059572945438
2024-04-01	37.5	36.07292032368093
2024-04-01	37.5	36.98441343932773
2024-04-01	37.5	17.657039496622577
2024-04-01	37.5	32.52751313569835
2024-04-01	37.5	29.711359615713977
2024-04-01	24.0	12.57666832671559
2024-04-01	6.0	5.9004497360068875
2024-04-01	1.0	0.0016837125506531572
2024-04-01	1.0	0.004851714486685357
2024-04-01	37.5	34.05936743478054
2024-04-01	7.0	3.9674350621266092
2024-04-01	37.5	36.38986030104405
2024-04-01	37.5	30.488646337811513
2024-04-01	14.0	6.17654101065536
2024-04-01	37.5	34.086333209152144
2024-04-01	37.5	16.297063882401748
2024-04-01	37.5	31.188548766018155
2024-04-01	37.5	32.181921950614495
2024-04-01	37.5	24.974947263065282
2024-04-01	37.5	31.663588259110373
2024-04-01	37.5	31.826823567577733
2024-04-01	35.0	26.986656850379653
2024-04-01	37.5	26.521161229592085
2024-04-01	32.0	6.37768109612683
2024-04-01	8.0	17.20280007046736
2024-04-01	37.5	22.71010198324881
2024-04-01	13.0	12.014338942483402
2024-04-01	37.5	33.54013185304067
2024-04-01	34.0	21.981225014782773
2024-04-01	12.0	6.720738047379509
2024-04-01	37.5	34.51209338606158
2024-04-01	2.0	2.2184047544263548
2024-04-01	37.5	28.175620476321686
2024-04-01	5.0	5.214484840401854
2024-04-01	3.0	4.904481958553662
2024-04-01	37.5	26.31151062999297
2024-04-01	37.5	16.3869451584662
2024-04-01	3.0	6.782669798125966
2024-04-01	37.5	35.21513655298067
2024-04-01	37.5	33.480208631367255
2024-04-01	37.5	33.57131958214061
2024-04-01	12.0	10.74338098753225
2024-04-01	37.5	34.951720709760586
2024-04-01	37.5	25.77936159595495
2024-04-01	8.0	2.7963378408458235
2024-04-01	12.0	4.714434358342333
2024-04-01	37.5	17.89271640584603
2024-04-01	37.5	28.0953758038926
2024-04-01	31.0	13.603109678518942
2024-04-01	32.0	16.287424109486594
2024-04-01	15.0	13.642528127468358
2024-04-01	31.0	7.585781589012161
2024-04-01	20.0	27.43819621258561
2024-04-01	37.5	28.27973723775941
2024-04-01	37.5	35.14647823036486
2024-04-01	1.0	4.4573367299925994
2024-04-01	37.5	29.8537921254691
2024-04-01	37.5	28.594905233099905
2024-04-01	16.0	1.791264388893746
2024-04-01	37.5	30.553883179108443
2024-04-01	2.0	5.241911925383367
2024-04-01	37.5	33.36221516906435
2024-04-01	37.5	33.84894885239925
2024-04-01	23.0	0.005090757729932787
2024-04-01	37.5	35.545439171533616
2024-04-01	37.5	11.562027256005845
2024-04-01	5.0	2.811573551194992
2024-04-01	22.0	14.6687485142888
2024-04-01	37.5	25.711533664397795
2024-04-01	37.5	19.730086084714923
2024-04-01	37.5	30.04048019506035
2024-04-01	35.0	12.154255308853806
2024-04-01	37.5	15.639297727449991
2024-04-01	37.5	31.61242191160527
2024-04-01	32.0	10.898589019748064
2024-04-01	37.5	36.14212874590999
2024-04-01	24.0	5.364720408549909
2024-04-01	37.5	31.058646253164987
2024-04-01	3.0	4.519549639267929
2024-04-01	0.0	0.027086587662239897
2024-04-01	20.0	7.940418848665587
2024-04-01	37.5	34.971752174779546
2024-04-01	37.5	36.558762187911235
2024-04-01	1.0	5.860212187983246
2024-04-01	37.5	35.6290249423527
2024-04-01	37.5	37.21382570442948
2024-04-01	3.0	4.882618405244976
2024-04-01	37.5	13.460593618063678
2024-04-01	37.5	19.48267200394963
2024-04-01	37.5	31.898995829698134
2024-04-01	37.5	16.551208696774996
2024-04-01	37.5	12.71729464363697
2024-04-01	37.5	35.9704674245839
2024-04-01	37.5	33.79965460999279
2024-04-01	37.5	35.396592590646605
2024-04-01	24.0	18.795077142728122
2024-04-01	37.5	34.46127907756349
2024-04-01	29.0	2.5352057012701588
2024-04-01	37.5	8.118819914394049
2024-04-01	37.5	23.869148916075506
2024-04-01	14.0	9.882886204065677
2024-04-01	37.5	36.266228160329575
2024-04-01	37.5	35.998423330021886
2024-04-01	37.5	25.111590157661645
2024-04-01	37.5	32.941328921734105
2024-04-01	37.5	25.038463552672223
2024-04-01	1.0	2.2773145618156208
2024-04-01	37.5	27.06543286512394
2024-04-01	37.5	26.203729701061675
2024-04-01	37.5	30.418838147072265
2024-04-01	14.0	7.012284499510169
2024-04-01	37.5	26.83904324801009
2024-04-01	37.5	32.97995810005201
2024-04-01	37.5	19.59212710600201
2024-04-01	37.5	22.113893038527056
2024-04-01	0.0	0.07103264233084798
2024-04-01	37.5	31.915644710411595
2024-04-01	8.0	3.909713393106864
2024-04-01	37.5	35.23979620614677
2024-04-01	37.5	35.07559829085645
2024-04-01	37.5	29.752775752114434
2024-04-01	3.0	0.089166291700879
2024-04-01	37.5	27.48896462153443
2024-04-01	21.0	15.172712424277874
2024-04-01	37.5	34.333101801943656
2024-04-01	11.0	3.2147921380810995
2024-04-01	37.5	36.45899234623489
2024-04-01	37.5	29.71222014533836
2024-04-01	32.0	8.465431574408182
2024-04-01	37.5	32.233810395903795
2024-04-01	37.5	36.10508737684023
2024-04-01	37.5	11.150835591345755
2024-04-01	37.5	36.698085206573246
2024-04-01	37.5	9.2224752292838
2024-04-01	10.0	8.129514110290145
2024-04-01	1.0	1.8221468231824054
2024-04-01	37.5	29.900357132369244
2024-04-01	37.5	34.91873049181313
2024-04-01	37.5	16.829123670667084
2024-04-01	37.5	31.815200553150014
2024-04-01	1.0	2.5240674877234937
2024-04-01	37.5	32.444652377318114
2024-04-01	37.5	30.9198345849088
2024-04-01	37.5	29.09552329063526
2024-04-01	0.0	0.03358635401125961
2024-04-01	2.0	3.138174587574791
2024-04-01	37.5	28.509305101976096
2024-04-01	6.0	3.893070344133349
2024-04-01	37.5	35.58900280988555
2024-04-01	2.0	4.575296840492268
2024-04-01	37.5	30.57726182363414
2024-04-01	37.5	33.9170925015311
2024-04-01	37.5	26.435086368367287
2024-04-01	1.0	7.194128309249136
2024-04-01	37.5	34.84197207382651
2024-04-01	37.5	33.25578116069039
2024-04-01	8.0	3.7162868959654323
2024-04-01	37.5	30.518900803444204
2024-04-01	37.5	36.30044373204252
2024-04-01	5.0	0.03006099361151139
2024-04-01	0.0	0.18791194173914647
2024-04-01	37.5	29.914057045182695
2024-04-01	37.5	29.02771860818306
2024-04-01	37.5	13.462496659151792
2024-04-01	37.5	36.02050368018972
2024-04-01	37.5	32.197307519247516
2024-04-01	8.0	8.496140774560494
2024-04-01	9.0	31.259347486746027
2024-04-01	37.5	31.287744977566945
2024-04-01	5.0	3.516490504395726
2024-04-01	33.0	8.572320308355655
2024-04-01	37.5	27.897409575373807
2024-04-01	11.0	10.86482624441054
2024-04-01	37.5	31.357693656860658
2024-04-01	14.0	18.881686471298273
2024-04-01	6.0	13.56569782200286
2024-04-01	12.0	4.768889622344197
2024-04-01	31.0	16.390386378620402
2024-04-01	10.0	5.639235370828068
2024-04-01	37.5	28.815310737266955
2024-04-01	7.0	0.005133344604439353
2024-04-01	37.5	29.456820370261475
2024-04-01	0.0	0.009038519179406962
2024-04-01	37.5	34.476522554478564
2024-04-01	12.0	8.45915307887144
2024-04-01	7.0	6.438636889446412
2024-04-01	37.5	34.33123956796699
2024-04-01	37.5	33.7731535470912
2024-04-01	37.5	26.540287621346152
2024-04-01	37.5	22.22603114750356
2024-04-01	3.0	3.451090250130778
2024-04-01	37.5	31.43473257170163
2024-04-01	37.5	35.118715818068644
2024-04-01	4.0	6.241685756921485
2024-04-01	7.0	6.675492766065551
2024-04-01	9.0	4.639884945741727
2024-04-01	37.5	28.899701421074266
2024-04-01	37.5	21.7352213017879
2024-04-01	37.5	33.93953676247591
2024-04-01	2.0	4.147663720729023
2024-04-01	1.0	29.022734441463644
2024-04-01	37.5	20.554577479761313
2024-04-01	37.5	15.132236503474827
2024-04-01	4.0	3.2587425467579525
2024-04-01	37.5	34.85778268772183
2024-04-01	37.5	36.47862897836504
2024-04-01	37.5	26.222067421108946
2024-04-01	37.5	32.23774128295611
2024-04-01	37.5	37.550258765083704
2024-04-01	37.5	28.636029877412334
2024-04-01	37.5	36.32013185146968
2024-04-01	37.5	31.702718788139457
2024-04-01	37.5	13.01072480834081
2024-04-01	37.5	15.712261723398958
2024-04-01	6.0	4.968811798539598
2024-04-01	4.0	5.073638273480293
2024-04-01	7.0	4.582180509670382
2024-04-01	10.0	7.124718101175395
2024-04-01	37.0	24.88193060494612
2024-04-01	37.5	27.021839637981028
2024-04-01	37.0	21.225585914441243
2024-04-01	37.5	28.641852993176244
2024-04-01	37.5	33.41415788067481
2024-04-01	37.5	36.52803001256512
2024-04-01	7.0	11.215049968191988
2024-04-01	37.5	30.06105959267778
2024-04-01	37.5	33.965963999767226
2024-04-01	34.0	14.650822777684166
2024-04-01	3.0	2.9916753542102277
2024-04-01	37.5	31.76629753889508
2024-04-01	37.5	33.12225514489514
2024-04-01	37.5	36.28536270215867
2024-04-01	37.5	31.99533745564045
2024-04-01	1.0	0.09010580983973342
2024-04-01	37.5	24.6618891893905
2024-04-01	37.5	26.43366491080808
2024-04-01	37.5	28.473988030381793
2024-04-01	37.5	27.70884709714768
2024-04-01	37.5	24.594094247070004
2024-04-01	9.0	9.455711861623731
2024-04-01	21.0	17.21622242717813
2024-04-01	37.5	34.02495639374889
2024-04-01	26.0	19.397027261081437
2024-04-01	10.0	20.902203393339068
2024-04-01	37.5	34.06595372949432
2024-04-01	37.5	35.75311315884558
2024-04-01	37.5	12.517012085866954
2024-04-01	37.5	35.094971126588725
2024-04-01	21.0	7.284744373564724
2024-04-01	2.0	3.8055407284333507
2024-04-01	37.5	36.60247768974404
2024-04-01	23.0	8.248079232435462
2024-04-01	37.5	35.52690238374972
2024-04-01	37.5	26.42792151967706
2024-04-01	1.0	2.431023927084323
2024-04-01	9.0	5.744576873349516
2024-04-01	13.0	14.341226051129079
2024-04-01	37.5	31.2347825737437
2024-04-01	37.5	23.32035360041387
2024-04-01	37.5	31.439848967554724
2024-04-01	37.5	37.45817739194436
2024-04-01	15.0	5.561272516089249
2024-04-01	37.5	20.913797205762087
2024-04-01	37.5	35.71343819724933
2024-04-01	37.5	37.56523786392842
2024-04-01	37.5	35.147643891139914
2024-04-01	17.0	13.898288192895198
2024-04-01	37.5	32.600460165294756
2024-04-01	37.5	30.672422810750728
2024-04-01	37.5	19.613348001868097
2024-04-01	37.5	32.98833179064431
2024-04-01	37.5	36.58285081545538
2024-04-01	37.5	17.8312991869356
2024-04-01	37.5	25.730427215291677
2024-04-01	9.0	6.274725646647681
2024-04-01	37.5	9.112649106158702
2024-04-01	37.5	24.812548577899655
2024-04-01	37.5	24.87663188748304
2024-04-01	16.0	7.585460676202449
2024-04-01	37.5	12.175497554869882
2024-04-01	37.5	31.900153172199282
2024-04-01	37.5	37.147294150159276
2024-04-01	37.5	32.01826008597728
2024-04-01	6.0	3.427061033772663
2024-04-01	13.0	9.174511211295217
2024-04-01	6.0	10.67658999705077
2024-04-01	37.5	34.967900801299336
2024-04-01	37.5	36.05024307886781
2024-04-01	37.5	33.487662405682926
2024-04-01	37.5	14.68040710554808
2024-04-01	37.5	30.89951200460465
2024-04-01	5.0	0.07765374325635166
2024-04-01	37.5	24.785886339396384
2024-04-01	2.0	7.4742320624705005
2024-04-01	37.5	34.8258250216416
2024-04-01	37.5	37.697078037212975
2024-04-01	16.0	3.9006572528995305
2024-04-01	37.5	30.469838821280064
2024-04-01	37.5	31.16206335648462
2024-04-01	37.5	30.603570780585095
2024-04-01	37.5	27.659139875066455
2024-04-01	37.5	31.274578970550102
2024-04-01	29.0	16.77187948105751
2024-04-01	37.5	30.890262813812644
2024-04-01	37.5	36.06830566742595
2024-04-01	37.5	34.21368992615217
2024-04-01	37.5	34.10369838491734
2024-04-01	37.5	27.946267901737357
2024-04-01	0.0	7.639945195624664
2024-04-01	14.0	9.370594408787323
2024-04-01	7.0	4.129473995630319
2024-04-01	37.5	27.868357707695086
2024-04-01	26.0	15.324124585212912
2024-04-01	37.5	25.343021776694247
2024-04-01	37.5	35.28895340328984
2024-04-01	5.0	5.484622582851579
2024-04-01	12.0	18.22278522784967
2024-04-01	6.0	3.558069506090739
2024-04-01	37.5	31.682618999747795
2024-04-01	37.5	36.638033097260525
2024-04-01	9.0	5.933365319749992
2024-04-01	37.5	31.96706950321497
2024-04-01	37.5	26.893640676777842
2024-04-01	2.0	4.121991178755589
2024-04-01	37.5	25.73749709385687
2024-04-01	37.5	32.0746125163777
2024-04-01	25.0	12.067139950230388
2024-04-01	11.0	2.4962286759096965
2024-04-01	0.0	27.067875811317855
2024-04-01	37.5	21.21021352666021
2024-04-01	37.5	36.70272092288105
2024-04-01	18.0	10.298987457484008
2024-04-01	37.5	30.281841337062822
2024-04-01	37.5	29.768373792256163
2024-04-01	37.5	32.907988076493076
2024-04-01	5.0	6.084037653121229
2024-04-01	37.5	35.20118238144003
2024-04-01	37.5	29.025805796113122
2024-04-01	37.5	37.753928263952254
2024-04-01	11.0	8.725296627453332
2024-04-01	7.0	3.6810464534850906
2024-04-01	0.0	0.039960614948794916
2024-04-01	37.5	31.49965461380549
2024-04-01	37.5	12.809232813317248
2024-04-01	37.5	31.784284053906937
2024-04-01	37.5	32.77667305930355
2024-04-01	17.0	4.770505984484904
2024-04-01	37.5	36.66067803409161
2024-04-01	2.0	3.5806713979958156
2024-04-01	37.5	33.738084980223185
2024-04-01	8.0	5.675108834928821
2024-04-01	18.0	10.894448213913122
2024-04-01	37.5	13.714671269421506
2024-04-01	1.0	4.358853127612903
2024-04-01	37.5	29.035272068812375
2024-04-01	37.5	24.724233794838987
2024-04-01	7.0	5.245239725192049
2024-04-01	2.0	2.128468245886371
2024-04-01	37.5	14.982406188435947
2024-04-01	37.5	36.560004459247025
2024-04-01	37.5	5.966716327031242
2024-04-01	20.0	24.00398967408796
2024-04-01	12.0	3.0740181023999247
2024-04-01	37.5	5.652753744865994
2024-04-01	37.5	19.500785518857782
2024-04-01	23.0	5.7226095855868895
2024-04-01	37.5	29.547724599661976
2024-04-01	37.5	31.700172147474156
2024-04-01	3.0	3.8227901367316366
2024-04-01	16.0	13.116914647961766
2024-04-01	4.0	6.779597513243486
2024-05-01	37.5	23.524173437207196
2024-05-01	37.5	23.192787219905938
2024-05-01	37.5	24.077175329518685
2024-05-01	37.5	26.701549410985645
2024-05-01	7.0	8.364430364840953
2024-05-01	33.0	9.330419046775852
2024-05-01	37.5	19.540452847863126
2024-05-01	5.0	3.2256260201933475
2024-05-01	37.5	17.35994998045199
2024-05-01	5.0	7.300390020548839
2024-05-01	11.0	6.814599114023181
2024-05-01	3.0	6.303719239478463
2024-05-01	37.5	24.836929053594112
2024-05-01	30.0	17.33211194819995
2024-05-01	37.5	35.375281387458614
2024-05-01	37.5	20.434323772596514
2024-05-01	37.5	29.364259162116838
2024-05-01	37.5	31.47987875968782
2024-05-01	37.5	36.18486011115686
2024-05-01	20.0	25.023711078137516
2024-05-01	37.5	20.54762579767512
2024-05-01	37.5	22.849060726590608
2024-05-01	14.0	5.834337063580698
2024-05-01	37.5	20.58943203962089
2024-05-01	13.0	12.795794931272347
2024-05-01	37.5	26.174992025832175
2024-05-01	2.0	1.9626765391825316
2024-05-01	37.5	27.102423835391704
2024-05-01	29.0	11.388426462115492
2024-05-01	37.5	29.4097070214124
2024-05-01	37.5	3.637117964273679
2024-05-01	37.5	35.74037914439799
2024-05-01	37.5	20.689847471879148
2024-05-01	37.5	26.89769192440314
2024-05-01	7.0	3.900851946430784
2024-05-01	37.5	7.74471121778913
2024-05-01	37.5	22.539799930705506
2024-05-01	37.5	24.378879196573045
2024-05-01	37.5	18.161780221071268
2024-05-01	37.5	28.445613323023874
2024-05-01	1.0	2.7320912506103703
2024-05-01	19.0	28.417435520361455
2024-05-01	12.0	6.796085951310009
2024-05-01	37.5	22.530576695057626
2024-05-01	37.5	20.03361938115003
2024-05-01	37.5	22.020477428040856
2024-05-01	25.0	11.416678121200466
2024-05-01	1.0	2.19031915131373
2024-05-01	1.0	4.994167901945066
2024-05-01	37.5	28.205723614524327
2024-05-01	34.0	9.623706927926753
2024-05-01	37.5	32.47798381363871
2024-05-01	37.5	28.334448901389845
2024-05-01	37.5	30.151014862304763
2024-05-01	37.5	24.353693898171496
2024-05-01	37.5	22.186643744691622
2024-05-01	37.5	15.0770545742933
2024-05-01	2.0	3.9950633504046884
2024-05-01	37.5	27.897599546965253
2024-05-01	1.0	7.572681559003596
2024-05-01	1.0	4.288918417745755
2024-05-01	37.5	26.72180842823738
2024-05-01	37.5	33.93653829780301
2024-05-01	37.5	26.72909906412296
2024-05-01	37.5	10.208987713040758
2024-05-01	37.5	23.779454276502264
2024-05-01	37.5	28.359524143519078
2024-05-01	34.0	23.617209311230944
2024-05-01	37.5	26.903874467723092
2024-05-01	37.5	34.97252877942795
2024-05-01	37.5	30.841974071607993
2024-05-01	37.5	27.34158120487826
2024-05-01	2.0	2.752500357678046
2024-05-01	1.0	1.3985834365712329
2024-05-01	37.5	36.36965597688746
2024-05-01	37.5	3.784675339945281
2024-05-01	37.5	32.65512536568696
2024-05-01	37.5	28.31249092193595
2024-05-01	37.5	22.264001579551124
2024-05-01	37.5	28.046989331635245
2024-05-01	37.0	8.277958546918113
2024-05-01	37.5	35.472738914621736
2024-05-01	37.5	36.0036546758425
2024-05-01	37.5	26.927476552910367
2024-05-01	37.5	29.26584531324952
2024-05-01	37.5	21.048182806179426
2024-05-01	37.5	20.43298137280441
2024-05-01	18.0	5.8802930911451
2024-05-01	37.5	22.414927456430362
2024-05-01	37.5	25.602212334065957
2024-05-01	37.5	24.342891071488356
2024-05-01	37.5	22.94740360503073
2024-05-01	37.5	22.44464807335077
2024-05-01	37.5	31.897744753838744
2024-05-01	37.5	24.861349050255836
2024-05-01	5.0	2.152420818030766
2024-05-01	29.0	7.412823716021926
2024-05-01	37.5	21.250343009607683
2024-05-01	30.0	7.703842194616555
2024-05-01	37.5	10.441626617248966
2024-05-01	30.0	5.875280359627039
2024-05-01	37.5	33.12873680196578
2024-05-01	4.0	3.4559290044616064
2024-05-01	28.0	9.15201605699377
2024-05-01	37.5	24.761937639619738
2024-05-01	2.0	8.096548730080004
2024-05-01	37.5	35.189971759884685
2024-05-01	37.5	24.85820301628001
2024-05-01	37.5	20.95467758539937
2024-05-01	37.5	24.46137430166919
2024-05-01	37.5	32.03052733777061
2024-05-01	37.5	28.200672087709332
2024-05-01	10.0	4.676800213566937
2024-05-01	37.5	31.47139740820812
2024-05-01	37.5	33.89096556318169
2024-05-01	37.5	27.073078264414317
2024-05-01	37.5	35.99319586303159
2024-05-01	15.0	15.486971217344397
2024-05-01	4.0	2.759967233945327
2024-05-01	10.0	11.72588751054446
2024-05-01	37.5	19.903267464922425
2024-05-01	37.5	35.236205987002585
2024-05-01	37.5	33.29334003640938
2024-05-01	37.5	35.554465419732686
2024-05-01	35.0	12.138320280335819
2024-05-01	17.0	17.416693772196183
2024-05-01	37.5	31.859992072631407
2024-05-01	37.5	16.848827375226502
2024-05-01	37.5	23.447476258711728
2024-05-01	37.5	16.965965720681343
2024-05-01	37.5	26.753753423274958
2024-05-01	22.0	12.724089563100486
2024-05-01	37.5	21.798890101820028
2024-05-01	37.5	18.610647376744506
2024-05-01	33.0	5.111247850471228
2024-05-01	18.0	4.790212788558608
2024-05-01	0.0	0.3800567491252803
2024-05-01	37.5	30.230524864747885
2024-05-01	37.5	26.65879189121095
2024-05-01	37.5	21.93528460073103
2024-05-01	37.5	13.035759890811992
2024-05-01	37.5	21.398630565529437
2024-05-01	37.5	29.691466509315976
2024-05-01	37.5	6.95249550679819
2024-05-01	37.5	25.041883195110376
2024-05-01	37.5	7.28159174030378
2024-05-01	37.5	19.720949703709913
2024-05-01	4.0	3.5036200191347198
2024-05-01	27.0	6.347822088364723
2024-05-01	37.5	31.777408856704437
2024-05-01	37.5	21.27005822960574
2024-05-01	37.5	34.209444569349415
2024-05-01	37.5	25.82090418570059
2024-05-01	37.5	22.85757719849628
2024-05-01	37.5	27.76790981956792
2024-05-01	36.0	12.087379226948142
2024-05-01	37.5	32.79721457264401
2024-05-01	37.5	22.554503413657425
2024-05-01	37.5	27.319478972321864
2024-05-01	2.0	4.063151292851084
2024-05-01	37.5	9.135178658634148
2024-05-01	37.5	23.6793492789324
2024-05-01	37.5	27.48545687759603
2024-05-01	27.0	8.576208704677564
2024-05-01	37.5	24.448489091129062
2024-05-01	1.0	3.5166825192984916
2024-05-01	37.5	28.127656381045774
2024-05-01	37.5	30.570305946544394
2024-05-01	37.5	27.54338585025472
2024-05-01	37.5	29.578963807928243
2024-05-01	37.5	25.24835360011528
2024-05-01	37.5	22.817110452328652
2024-05-01	1.0	4.711503167458742
2024-05-01	37.5	20.542341607022355
2024-05-01	37.5	31.6719918933027
2024-05-01	37.5	23.23064556547123
2024-05-01	1.0	3.6970278205191867
2024-05-01	37.5	28.28656411926925
2024-05-01	18.0	11.944777398813478
2024-05-01	37.5	17.967218515466904
2024-05-01	15.0	2.1814762310351226
2024-05-01	37.5	32.59470317015709
2024-05-01	37.5	29.922283362680453
2024-05-01	37.5	29.30093336223979
2024-05-01	37.5	17.841092616067105
2024-05-01	37.5	22.78394646008037
2024-05-01	17.0	10.678403183754305
2024-05-01	37.5	19.617334417374543
2024-05-01	14.0	12.207741351357306
2024-05-01	37.5	25.185516210548496
2024-05-01	37.5	27.95331605453581
2024-05-01	5.0	8.688822349274407
2024-05-01	1.0	0.7935158818259456
2024-05-01	37.5	5.141633199926924
2024-05-01	32.0	23.107577115726116
2024-05-01	37.5	17.671659223665458
2024-05-01	37.5	24.91431804418185
2024-05-01	9.0	2.8005671619896075
2024-05-01	13.0	6.1517879467517655
2024-05-01	37.5	33.90930943220674
2024-05-01	37.5	16.022584188768576
2024-05-01	2.0	2.8826002139464943
2024-05-01	13.0	20.13553483998529
2024-05-01	37.5	25.323338509641168
2024-05-01	5.0	5.255299592709923
2024-05-01	21.0	5.8406735296198855
2024-05-01	10.0	8.605662088402532
2024-05-01	3.0	2.045012736972787
2024-05-01	6.0	4.7350814610078995
2024-05-01	37.5	14.272394620156145
2024-05-01	4.0	14.375960098846654
2024-05-01	37.5	30.017614514390992
2024-05-01	37.5	12.335380136204803
2024-05-01	2.0	2.882224948524206
2024-05-01	31.0	9.475699689754714
2024-05-01	37.5	30.013402591555984
2024-05-01	37.5	25.000607673044396
2024-05-01	3.0	3.8644563861238996
2024-05-01	2.0	3.5810849532724096
2024-05-01	37.5	26.32876345277229
2024-05-01	37.5	21.926408396008732
2024-05-01	4.0	3.6518153072829866
2024-05-01	37.5	23.50165734003434
2024-05-01	37.5	8.903064428625814
2024-05-01	12.0	8.186539357257775
2024-05-01	37.5	26.97622526083509
2024-05-01	37.5	28.44073486666229
2024-05-01	0.0	0.6597253443066025
2024-05-01	37.5	24.107997360439192
2024-05-01	37.5	26.33008346888397
2024-05-01	24.0	13.631356484737465
2024-05-01	37.5	22.897322476786876
2024-05-01	37.5	21.923060347350553
2024-05-01	37.5	28.209961696533338
2024-05-01	6.0	1.345702021410196
2024-05-01	37.5	21.404923215004665
2024-05-01	37.5	23.946102877920126
2024-05-01	37.5	24.58512447503077
2024-05-01	37.5	26.559770956755433
2024-05-01	37.5	29.117944044989414
2024-05-01	37.5	25.26349456128635
2024-05-01	37.5	28.87257160929
2024-05-01	37.5	22.959775307652233
2024-05-01	37.5	23.374073778010573
2024-05-01	37.5	31.237340406883423
2024-05-01	37.5	26.773506454973596
2024-05-01	37.5	28.06528546431489
2024-05-01	37.5	24.812296470661
2024-05-01	37.5	23.143364371124562
2024-05-01	37.5	27.05493803036867
2024-05-01	1.0	1.9991100510163804
2024-05-01	37.5	25.93834508307092
2024-05-01	37.5	14.505543153755339
2024-05-01	37.5	19.297346830269273
2024-05-01	37.5	33.96429019452357
2024-05-01	37.5	27.060650704613327
2024-05-01	12.0	10.47604289495873
2024-05-01	37.5	27.1953854965682
2024-05-01	37.5	23.27981768091949
2024-05-01	13.0	7.909462350030777
2024-05-01	37.0	10.100728992978695
2024-05-01	10.0	2.398149120721106
2024-05-01	3.0	0.785839230317589
2024-05-01	37.5	14.019253002811997
2024-05-01	37.5	31.02861963738782
2024-05-01	8.0	0.7932853318794821
2024-05-01	37.5	24.94102867723052
2024-05-01	17.0	13.922796479839423
2024-05-01	37.5	27.761048161828835
2024-05-01	37.5	26.41022897501264
2024-05-01	37.5	22.77462677655953
2024-05-01	35.0	20.156346967698944
2024-05-01	33.0	15.305051533439793
2024-05-01	37.5	29.269701595789645
2024-05-01	37.0	4.220794450947956
2024-05-01	0.0	0.020152432604789855
2024-05-01	5.0	7.875244983163094
2024-05-01	37.5	26.82670821048309
2024-05-01	37.5	22.34167904385641
2024-05-01	37.5	25.42137145050387
2024-05-01	4.0	8.550544764628095
2024-05-01	37.5	27.010794625845357
2024-05-01	7.0	6.797951280735976
2024-05-01	7.0	14.748201012810494
2024-05-01	5.0	3.7817230811769793
2024-05-01	37.5	35.79157716436062
2024-05-01	37.5	32.08353065250352
2024-05-01	37.5	26.6926304328742
2024-05-01	37.5	32.20707776357595
2024-05-01	37.5	24.847694938433097
2024-05-01	37.5	37.074319158147276
2024-05-01	11.0	5.646160340397154
2024-05-01	26.0	7.20268146651523
2024-05-01	37.5	30.372612264763312
2024-05-01	37.5	23.649158451909926
2024-05-01	37.5	25.134166993534834
2024-05-01	37.5	20.289232309453453
2024-05-01	37.5	33.5286760036547
2024-05-01	37.5	25.238470351018634
2024-05-01	23.0	13.829019568148087
2024-05-01	37.5	38.332664444120454
2024-05-01	37.5	28.87637961026458
2024-05-01	20.0	7.092621737519189
2024-05-01	37.5	32.43310299353407
2024-05-01	34.0	23.167125014533617
2024-05-01	22.0	16.07573245357736
2024-05-01	37.5	21.29983344640956
2024-05-01	10.0	7.66908467219571
2024-05-01	35.0	28.928175161561967
2024-05-01	37.5	19.2401227033528
2024-05-01	3.0	1.3027868675205232
2024-05-01	37.5	24.79259554276714
2024-05-01	7.0	2.7470656263858735
2024-05-01	37.5	27.699293346498177
2024-05-01	37.5	14.09134438635343
2024-05-01	0.0	0.25506985060524645
2024-05-01	37.5	15.8768869779579
2024-05-01	4.0	1.4754519897333465
2024-05-01	37.5	16.802330332454854
2024-05-01	8.0	3.4489585683621966
2024-05-01	1.0	6.721725303150155
2024-05-01	37.5	24.005218324730773
2024-05-01	7.0	7.254476293826565
2024-05-01	37.5	26.25655228974528
2024-05-01	20.0	20.24884933495141
2024-05-01	6.0	2.6814961331474496
2024-05-01	37.5	26.679631250260982
2024-05-01	2.0	2.667994771359303
2024-05-01	37.5	23.348617272562386
2024-05-01	4.0	1.6631539303069223
2024-05-01	37.5	25.580215219259248
2024-05-01	23.0	8.370530424816424
2024-05-01	37.5	31.315412419530965
2024-05-01	1.0	4.0253508097714015
2024-05-01	37.5	32.40252652166533
2024-05-01	35.0	20.71198422019055
2024-05-01	0.0	0.8616224045690133
2024-05-01	37.5	18.38732063457677
2024-05-01	12.0	6.259298920100765
2024-05-01	37.5	27.024068454670726
2024-05-01	37.5	37.06801205819856
2024-05-01	37.5	32.766874396851506
2024-05-01	37.5	26.093044996004576
2024-05-01	37.5	32.005882400529
2024-05-01	37.5	23.831489463547502
2024-05-01	37.5	30.230671571737055
2024-05-01	37.5	23.71846159596367
2024-05-01	2.0	2.7167987351885063
2024-05-01	37.5	23.48718425522311
2024-05-01	37.5	24.820033254522748
2024-05-01	37.5	28.217604555920122
2024-05-01	37.5	16.48356565378615
2024-05-01	37.5	26.24701980751209
2024-05-01	18.0	7.860937997971097
2024-05-01	37.5	18.059399739164
2024-05-01	37.5	23.08947788899554
2024-05-01	3.0	4.681310932822333
2024-05-01	37.5	29.97967109975059
2024-05-01	37.5	7.493098461020927
2024-05-01	37.5	37.284323279049026
2024-05-01	37.5	13.153895043791055
2024-05-01	6.0	7.598230637296909
2024-05-01	9.0	2.8963863798654756
2024-05-01	37.5	19.368374179127816
2024-05-01	7.0	22.47002838653216
2024-05-01	37.5	27.425466069450003
2024-05-01	37.5	25.514573084723683
2024-05-01	37.5	35.738158139990325
2024-05-01	12.0	5.178371020231812
2024-05-01	0.0	1.3432489700375667
2024-05-01	5.0	0.7339932102799516
2024-05-01	14.0	6.2346134405381735
2024-05-01	37.5	29.327194246571487
2024-05-01	18.0	7.409119138927039
2024-05-01	14.0	7.272641753714276
2024-05-01	37.5	8.277932609649557
2024-05-01	37.5	30.444877589945712
2024-05-01	37.5	29.278223146636194
2024-05-01	37.5	31.72209902057265
2024-05-01	27.0	6.42404667232149
2024-05-01	37.5	24.802284229743524
2024-05-01	11.0	5.272446823395946
2024-05-01	10.0	5.620810934690641
2024-05-01	37.5	25.201933479006172
2024-05-01	37.5	22.13526313939016
2024-05-01	0.0	0.060342332042520076
2024-05-01	36.0	3.691767193330267
2024-05-01	24.0	5.60533855875399
2024-05-01	1.0	3.375948856862559
2024-05-01	4.0	7.17074461556803
2024-05-01	24.0	26.342294208984057
2024-05-01	37.5	23.12110373295426
2024-05-01	37.5	27.29337782625469
2024-05-01	37.5	21.15569633356434
2024-05-01	18.0	6.024757886416165
2024-05-01	37.5	3.926174239295993
2024-05-01	4.0	2.353554464574479
2024-05-01	2.0	2.1136567201744745
2024-05-01	1.0	4.070049988014164
2024-05-01	37.5	32.5623999562484
2024-05-01	6.0	4.964552599583046
2024-05-01	7.0	3.8899771113602
2024-05-01	35.0	5.7871981905473175
2024-05-01	37.5	5.7558476374229395
2024-05-01	37.5	34.51862732222887
2024-05-01	37.5	24.64236799931669
2024-05-01	37.5	21.610203527100317
2024-05-01	37.5	30.779436232539712
2024-05-01	37.5	21.553855613076003
2024-05-01	37.5	18.267779411565474
2024-05-01	17.0	4.08815122324425
2024-05-01	37.5	22.04263378517294
2024-05-01	37.5	38.16680867020769
2024-05-01	3.0	0.6826039523255472
2024-05-01	7.0	1.978654322590728
2024-05-01	37.5	30.82342804366256
2024-05-01	37.5	23.7391956403831
2024-05-01	37.5	29.390607186153293
2024-05-01	37.5	24.141101338892767
2024-05-01	37.5	31.73694522189694
2024-05-01	12.0	9.033342162576968
2024-05-01	37.5	24.763932896028322
2024-05-01	37.5	22.792125420245263
2024-05-01	23.0	3.7319789082841863
2024-05-01	37.5	15.984505859631948
2024-05-01	16.0	6.716608581738365
2024-05-01	0.0	0.001505623209441477
2024-05-01	0.0	10.279649084048412
2024-05-01	37.5	6.949514021334188
2024-05-01	37.5	24.011958031522994
2024-05-01	37.5	29.83708826041211
2024-05-01	16.0	12.864912126871772
2024-05-01	37.5	26.18649699629608
2024-05-01	37.5	22.513202130308635
2024-05-01	16.0	7.257155659497251
2024-05-01	34.0	19.849352779620453
2024-05-01	37.5	26.832394619826598
2024-05-01	6.0	4.169037913516587
2024-05-01	37.5	33.656240302790614
2024-05-01	37.5	35.9612714136031
2024-05-01	37.5	31.2772832828221
2024-05-01	37.5	35.213506788897625
2024-05-01	4.0	6.611372957367129
2024-05-01	37.5	27.94665124484918
2024-05-01	37.5	14.039864287734016
2024-05-01	2.0	0.08350803280599087
2024-05-01	10.0	2.179700009454332
2024-05-01	37.5	27.991758309801828
2024-05-01	37.5	5.2717005215165855
2024-05-01	24.0	9.514646374743249
2024-05-01	4.0	2.8163961207258543
2024-05-01	11.0	8.87393652371883
2024-05-01	28.0	15.53098206007437
2024-05-01	7.0	3.0129912416968603
2024-05-01	37.5	18.2651433857012
2024-05-01	13.0	6.931518549695909
2024-05-01	3.0	6.170130050833434
2024-05-01	37.5	25.006668138202635
2024-05-01	24.0	9.408682298766285
2024-05-01	37.5	25.928850307101577
2024-05-01	31.0	7.505858859236957
2024-05-01	37.5	11.55859815513255
2024-05-01	1.0	2.652168656677572
2024-05-01	23.0	12.427288341767168
2024-05-01	28.0	3.8769947140174263
2024-05-01	37.5	24.249480112884783
2024-05-01	37.5	29.22007028677675
2024-05-01	37.5	26.33159225447181
2024-05-01	37.5	25.609584689174035
2024-05-01	27.0	12.527248481941935
2024-05-01	37.5	23.271116900614885
2024-05-01	37.5	26.48431072307425
2024-05-01	37.5	22.35852253764343
2024-05-01	7.0	5.2032949273172795
2024-05-01	37.5	30.023615340462555
2024-05-01	37.5	28.256249191810486
2024-05-01	22.0	7.284282382237588
2024-05-01	3.0	4.409868253328219
2024-05-01	37.5	23.69529246497245
2024-05-01	37.5	28.743865927892728
2024-05-01	9.0	6.954489162817123
2024-05-01	2.0	3.3642225084901547
2024-05-01	37.5	24.39421517487895
2024-05-01	37.5	27.535300783213714
2024-05-01	37.5	16.72378156597319
2024-05-01	37.5	20.70143625659408
2024-05-01	37.5	23.54128181769959
2024-05-01	2.0	4.150639340299948
2024-05-01	37.5	23.698560219409536
2024-05-01	37.5	25.13618932666246
2024-05-01	37.5	23.16823474649502
2024-05-01	37.5	34.686051193407245
2024-05-01	8.0	6.1747530553976695
2024-05-01	37.5	17.218058259590443
2024-05-01	37.5	32.03400356902282
2024-05-01	10.0	8.223362096374014
2024-05-01	37.5	22.979293394632926
2024-05-01	0.0	0.7205671206576099
2024-05-01	37.5	29.05905863810996
2024-05-01	37.5	23.043429223877933
2024-05-01	37.5	14.085439812618375
2024-05-01	37.5	21.518526330650054
2024-05-01	37.5	16.961814752539112
2024-05-01	37.5	25.726372245176496
2024-05-01	37.5	14.900502795102243
2024-05-01	37.5	27.29380961836104
2024-05-01	37.5	16.410454784482987
2024-05-01	37.5	15.03675045956329
2024-05-01	37.5	26.150822936049742
2024-05-01	37.5	19.72252491077426
2024-05-01	9.0	25.65844699070086
2024-05-01	37.5	29.952859397189677
2024-05-01	37.5	21.319171826610198
2024-05-01	23.0	14.671456437026373
2024-05-01	20.0	25.08141938370019
2024-05-01	21.0	2.234781662175696
2024-05-01	37.5	25.96433615269393
2024-05-01	26.0	8.96984850871703
2024-05-01	37.5	36.492094095773666
2024-05-01	9.0	24.635546288547403
2024-05-01	37.5	27.68627729638142
2024-05-01	37.5	24.814995351077297
2024-05-01	37.5	21.249307233898442
2024-05-01	33.0	23.595757211820256
2024-05-01	3.0	16.34591395489517
2024-05-01	37.5	7.850551387020888
2024-05-01	37.5	21.942918806100742
2024-05-01	37.5	26.03535448129057
2024-05-01	37.5	18.83198449177651
2024-05-01	37.5	27.56670917856684
2024-05-01	31.0	11.861736204470334
2024-05-01	37.5	24.06573560005131
2024-05-01	30.0	11.036748401954615
2024-05-01	37.5	12.00827695046436
2024-05-01	14.0	6.085736152541037
2024-05-01	37.5	20.914633714384895
2024-05-01	37.5	20.879281459754385
2024-05-01	3.0	3.994845752760403
2024-05-01	7.0	4.4444442982561
2024-05-01	37.5	25.762618651489046
2024-05-01	37.5	18.744925639703666
2024-05-01	3.0	3.290548307631091
2024-05-01	0.0	0.3061679450829621
2024-05-01	37.5	15.006274231558832
2024-05-01	10.0	5.961677675967671
2024-05-01	37.5	15.876426744609617
2024-05-01	37.5	32.39858296270461
2024-05-01	0.0	0.03833323541221138
2024-05-01	37.5	24.314151715994583
2024-05-01	27.0	9.05783930730132
2024-05-01	2.0	0.0693929473144059
2024-05-01	37.5	17.429883245824076
2024-05-01	37.5	23.175258303272027
2024-05-01	37.5	35.43674578824947
2024-05-01	37.5	23.880777180389344
2024-05-01	37.5	35.58558484266889
2024-05-01	7.0	8.79677570176353
2024-05-01	36.0	10.198117303950953
2024-05-01	37.5	27.34121761638723
2024-05-01	37.5	32.95162575997279
2024-05-01	37.5	26.98408654712007
2024-05-01	37.5	22.44964164443705
2024-05-01	33.0	15.887105655486131
2024-05-01	37.5	29.209047575557022
2024-05-01	31.0	21.608870822368072
2024-05-01	37.5	12.114558356866226
2024-05-01	37.5	27.575388979289364
2024-05-01	2.0	3.7924857647769
2024-05-01	8.0	9.178206266447726
2024-05-01	37.5	22.74838580179098
2024-05-01	7.0	6.921981139018188
2024-05-01	1.0	2.3521592137241916
2024-05-01	32.0	13.801928974260964
2024-05-01	17.0	5.909925576289586
2024-05-01	19.0	5.330464400538057
2024-05-01	37.5	29.83873496311648
2024-05-01	37.5	25.672426141751917
2024-05-01	37.5	18.76944826775352
2024-05-01	37.5	16.763485059503655
2024-05-01	4.0	3.1798572920413255
2024-05-01	37.5	25.815196092981868
2024-05-01	13.0	9.700662564964997
2024-05-01	37.5	8.012827403768743
2024-05-01	37.5	37.586441623065625
2024-05-01	2.0	4.057396234634189
2024-05-01	37.5	28.281165437971822
2024-05-01	18.0	8.63253298193334
2024-05-01	37.5	22.653998747013663
2024-05-01	2.0	4.276485005259488
2024-05-01	37.5	30.844480214634768
2024-05-01	0.0	6.223312108670453
2024-05-01	37.5	22.258914056249395
2024-05-01	37.5	21.792090980538696
2024-05-01	37.5	28.147445506000288
2024-05-01	37.5	24.539302694661757
2024-05-01	18.0	27.222640289183094
2024-05-01	37.5	21.60053748320103
2024-05-01	4.0	4.163606612938539
2024-05-01	26.0	5.523222484281494
2024-05-01	6.0	4.316414914370943
2024-05-01	37.5	11.393900021057622
2024-05-01	37.5	29.047122824273494
2024-05-01	37.5	13.499128584221165
2024-05-01	11.0	7.886532390711952
2024-05-01	37.5	18.11101395141103
2024-05-01	37.5	25.85481165068425
2024-05-01	37.5	26.286933878646348
2024-05-01	7.0	6.06796812467293
2024-05-01	37.5	29.557777125251242
2024-05-01	37.5	30.606177695087965
2024-05-01	37.5	35.48619157520284
2024-05-01	37.5	29.549113067288335
2024-05-01	2.0	0.473399812056391
2024-05-01	13.0	6.487059289827004
2024-05-01	37.5	25.558234846082215
2024-05-01	37.5	33.797845755938944
2024-05-01	9.0	8.617012589810566
2024-05-01	37.5	27.52909642621298
2024-05-01	5.0	5.282464727789739
2024-05-01	37.5	6.670657237310308
2024-05-01	1.0	3.1471442522756057
2024-05-01	37.5	22.926156232473527
2024-05-01	37.5	25.559355877765903
2024-05-01	20.0	4.828274850408042
2024-05-01	14.0	3.1187615380288642
2024-05-01	8.0	4.322871330872854
2024-05-01	37.5	9.995908053690439
2024-05-01	37.5	26.456219695218877
2024-05-01	0.0	0.20371085702846586
2024-05-01	5.0	4.661766552354158
2024-05-01	37.5	26.638592931054347
2024-05-01	7.0	4.96483006876928
2024-05-01	2.0	8.776635727265063
2024-05-01	37.5	17.948408483816337
2024-05-01	37.5	31.956381093000022
2024-05-01	5.0	4.1787818091355735
2024-05-01	37.5	33.016586064183784
2024-05-01	37.5	26.145604286045934
2024-05-01	18.0	6.804152985684463
2024-05-01	37.5	37.00120455876754
2024-05-01	37.5	27.057941873373416
2024-05-01	9.0	3.811148446027655
2024-05-01	37.5	17.713359263027353
2024-05-01	37.5	36.40983300852674
2024-05-01	37.5	32.561808459968304
2024-06-01	0.0	0.02406890658110536
2024-06-01	37.5	32.012416215758684
2024-06-01	11.0	11.39748560983272
2024-06-01	37.5	21.037309710541123
2024-06-01	26.0	16.346742281299292
2024-06-01	37.5	21.948499891579484
2024-06-01	37.5	31.405447590107897
2024-06-01	1.0	0.12367214159108884
2024-06-01	37.5	23.305366072355415
2024-06-01	18.0	19.731110663607563
2024-06-01	4.0	2.5803591963085517
2024-06-01	31.0	20.673158583964472
2024-06-01	20.0	8.911377347094955
2024-06-01	16.0	3.370026752235903
2024-06-01	1.0	4.147749518494237
2024-06-01	37.5	25.575896157863273
2024-06-01	1.0	12.071749013104643
2024-06-01	37.5	14.982664731606786
2024-06-01	14.0	8.589363592193148
2024-06-01	18.0	17.231226145624586
2024-06-01	16.0	5.1195612352990105
2024-06-01	37.5	17.782060633735462
2024-06-01	7.0	11.977325659118033
2024-06-01	37.5	20.34090079562435
2024-06-01	37.5	30.47756554510796
2024-06-01	12.0	15.15550117704584
2024-06-01	1.0	3.863593348258279
2024-06-01	2.0	3.583997083762748
2024-06-01	20.0	16.125052998141545
2024-06-01	2.0	4.412534460812265
2024-06-01	0.0	0.5670344262165288
2024-06-01	0.0	0.15101789752814554
2024-06-01	37.5	11.17262712895425
2024-06-01	37.5	19.253509829846337
2024-06-01	29.0	32.37523425646759
2024-06-01	37.5	35.53608344084957
2024-06-01	14.0	19.90959581422631
2024-06-01	3.0	2.2781459709512317
2024-06-01	37.5	16.27334291269393
2024-06-01	0.0	0.00764923121642388
2024-06-01	37.5	20.990055565192005
2024-06-01	21.0	10.951834858662618
2024-06-01	37.5	18.966757662665337
2024-06-01	11.0	13.47473845926619
2024-06-01	17.0	14.362938943295003
2024-06-01	6.0	11.553136725497605
2024-06-01	37.5	21.929665891019813
2024-06-01	4.0	11.28455533840167
2024-06-01	37.5	18.47329550607971
2024-06-01	4.0	2.0335261316661146
2024-06-01	33.0	18.920011950411933
2024-06-01	5.0	13.234426424247719
2024-06-01	37.5	15.076749897128275
2024-06-01	0.0	6.002242565124535
2024-06-01	1.0	2.4237893562795243
2024-06-01	37.5	24.492553985559493
2024-06-01	37.5	21.958629696362884
2024-06-01	37.5	24.123337894683345
2024-06-01	37.5	36.422600868570555
2024-06-01	0.0	2.149336859704479
2024-06-01	0.0	0.21937276179840565
2024-06-01	37.5	20.706448986208116
2024-06-01	37.5	26.12857241127964
2024-06-01	37.5	22.68753303329411
2024-06-01	37.5	31.27619063606828
2024-06-01	3.0	13.633548354292937
2024-06-01	24.0	11.56675650473796
2024-06-01	9.0	3.724552389865278
2024-06-01	14.0	3.7669917186587285
2024-06-01	3.0	5.653741922876687
2024-06-01	4.0	16.687770045856546
2024-06-01	28.0	14.68913976714315
2024-06-01	5.0	3.668590272658862
2024-06-01	36.0	19.693806006033988
2024-06-01	37.5	20.374386310068587
2024-06-01	6.0	2.7310924668143057
2024-06-01	2.0	6.4218866930348035
2024-06-01	37.5	19.70411328127691
2024-06-01	3.0	4.249865174081172
2024-06-01	37.5	19.68164797991419
2024-06-01	6.0	22.982797965626183
2024-06-01	2.0	3.2861868793361206
2024-06-01	37.5	15.677914482252529
2024-06-01	3.0	3.7775224052872325
2024-06-01	0.0	0.009107280533625054
2024-06-01	22.0	20.511199155686768
2024-06-01	29.0	16.23387651515418
2024-06-01	37.5	14.26968521047567
2024-06-01	6.0	3.598540683006626
2024-06-01	37.5	18.411159083866515
2024-06-01	37.5	22.349533927449144
2024-06-01	5.0	6.363103400132757
2024-06-01	19.0	17.038919043133564
2024-06-01	29.0	12.24743968386248
2024-06-01	19.0	17.461539562487022
2024-06-01	37.5	17.27252058019968
2024-06-01	11.0	10.850792472367722
2024-06-01	15.0	9.906743123923272
2024-06-01	37.5	20.170272982930296
2024-06-01	12.0	22.958089857433446
2024-06-01	37.5	21.18775239575821
2024-06-01	2.0	1.1204526249441538
2024-06-01	36.0	20.333630654035996
2024-06-01	9.0	4.931465722802859
2024-06-01	21.0	17.44357550054208
2024-06-01	37.5	18.339818646780312
2024-06-01	12.0	3.9222302006200396
2024-06-01	0.0	0.006685121663417605
2024-06-01	12.0	11.323544386014685
2024-06-01	37.5	22.40764195018932
2024-06-01	19.0	17.94713233785168
2024-06-01	37.5	21.594586760400926
2024-06-01	9.0	5.180518490079997
2024-06-01	2.0	3.4500801123536746
2024-06-01	37.5	18.15244852848746
2024-06-01	37.5	19.949929454557303
2024-06-01	37.5	26.18969197486431
2024-06-01	37.5	32.83881029442442
2024-06-01	37.5	25.632273772456152
2024-06-01	29.0	23.239399110809437
2024-06-01	37.5	17.716401762030802
2024-06-01	1.0	2.0282717143165527
2024-06-01	37.5	26.586721303795127
2024-06-01	24.0	14.116373252880383
2024-06-01	37.5	19.535507713310622
2024-06-01	37.5	21.356125630643483
2024-06-01	37.5	32.43109203241461
2024-06-01	37.5	21.699961887491824
2024-06-01	37.5	17.71096447809475
2024-06-01	37.5	23.318204735166113
2024-06-01	37.5	20.58096821464449
2024-06-01	37.5	22.90612640564296
2024-06-01	37.5	25.194197122899368
2024-06-01	11.0	16.16675411325419
2024-06-01	7.0	11.048010301544723
2024-06-01	37.5	35.24261154073409
2024-06-01	37.5	4.160599854254534
2024-06-01	12.0	13.222505029609138
2024-06-01	1.0	4.202714237583224
2024-06-01	19.0	20.772763496574584
2024-06-01	37.5	16.279464219028995
2024-06-01	20.0	20.374358844204536
2024-06-01	29.0	17.449752505766032
2024-06-01	37.5	23.10171160951467
2024-06-01	4.0	3.390939621411641
2024-06-01	37.5	29.33732988501503
2024-06-01	13.0	10.191055872082396
2024-06-01	7.0	20.465030398106123
2024-06-01	37.5	35.462708088544154
2024-06-01	37.5	23.072493868523107
2024-06-01	31.0	20.672984313693895
2024-06-01	15.0	6.115913005032742
2024-06-01	37.5	21.261808671167053
2024-06-01	26.0	15.948778942213428
2024-06-01	13.0	3.9897004837276113
2024-06-01	37.5	22.34133485655523
2024-06-01	37.5	28.35455276348028
2024-06-01	37.5	22.316160037908325
2024-06-01	7.0	11.942797090414427
2024-06-01	0.0	4.117705191838704
2024-06-01	10.0	9.337912887819492
2024-06-01	37.5	25.436178902793454
2024-06-01	37.5	23.700670760585943
2024-06-01	37.5	20.011338139571315
2024-06-01	37.5	31.40768561405997
2024-06-01	18.0	10.311435953955723
2024-06-01	37.5	14.74435736732367
2024-06-01	5.0	10.21054383722565
2024-06-01	37.5	21.003452239294525
2024-06-01	37.5	24.650854007189377
2024-06-01	37.5	15.783946382115701
2024-06-01	1.0	5.732041673439401
2024-06-01	37.5	21.515576558198813
2024-06-01	20.0	7.020922213448506
2024-06-01	3.0	1.5090533201011491
2024-06-01	3.0	6.334573746777576
2024-06-01	36.0	16.04670796478395
2024-06-01	4.0	4.107388141116369
2024-06-01	21.0	7.4336698350315515
2024-06-01	32.0	19.249063032595025
2024-06-01	37.5	29.816244592834263
2024-06-01	0.0	1.1315272247317316
2024-06-01	20.0	6.878141422311128
2024-06-01	37.5	18.028385297108432
2024-06-01	6.0	5.785287180750043
2024-06-01	19.0	17.475521739636996
2024-06-01	11.0	13.724856174701834
2024-06-01	18.0	15.566991348197709
2024-06-01	37.5	21.222159101023774
2024-06-01	37.5	22.618324345162385
2024-06-01	37.5	24.94176510175825
2024-06-01	37.5	17.495598861221723
2024-06-01	37.5	12.507856214283153
2024-06-01	37.5	22.327567597679128
2024-06-01	21.0	6.035771292217385
2024-06-01	35.0	14.237130928766476
2024-06-01	2.0	4.89766969422007
2024-06-01	37.5	35.28021773724665
2024-06-01	13.0	13.136418383102363
2024-06-01	17.0	22.61614909493513
2024-06-01	37.5	14.111095951932457
2024-06-01	0.0	2.241990727103466
2024-06-01	21.0	8.139423908914205
2024-06-01	37.5	14.516889695347498
2024-06-01	23.0	22.284251242577874
2024-06-01	20.0	13.722589056385575
2024-06-01	24.0	21.446044087751993
2024-06-01	31.0	23.765688081178464
2024-06-01	37.5	23.007924809600283
2024-06-01	37.5	28.096166662144913
2024-06-01	11.0	7.482644919963543
2024-06-01	37.5	20.107736793319
2024-06-01	6.0	3.9924994371827753
2024-06-01	9.0	7.0161389293896335
2024-06-01	37.0	18.456626056201806
2024-06-01	37.5	25.936810327482355
2024-06-01	21.0	13.727806532853894
2024-06-01	0.0	0.9021032356963148
2024-06-01	7.0	4.514637819675218
2024-06-01	37.5	21.41824151950857
2024-06-01	12.0	14.23470667484367
2024-06-01	37.5	18.342808862618334
2024-06-01	3.0	3.2798978400273375
2024-06-01	37.5	18.804456836428425
2024-06-01	37.5	21.416838074850453
2024-06-01	13.0	14.751030473966432
2024-06-01	37.5	5.297500617162303
2024-06-01	24.0	18.1106865015389
2024-06-01	6.0	10.581437714668326
2024-06-01	1.0	3.365083361886855
2024-06-01	37.5	20.008052924525447
2024-06-01	37.5	25.03828440513968
2024-06-01	19.0	4.394887822208702
2024-06-01	37.5	28.764503214030356
2024-06-01	37.5	22.7970089060394
2024-06-01	37.5	20.78149439244737
2024-06-01	2.0	1.4056591709964956
2024-06-01	37.5	24.23207074024426
2024-06-01	8.0	16.921817895644732
2024-06-01	0.0	0.2858839404617649
2024-06-01	18.0	14.36016105724756
2024-06-01	37.5	18.16925354534191
2024-06-01	37.5	22.43626714507709
2024-06-01	3.0	5.339828933914858
2024-06-01	37.5	24.274974230633315
2024-06-01	11.0	13.327881112527507
2024-06-01	0.0	1.135593571670913
2024-06-01	1.0	2.2387985379128073
2024-06-01	37.5	20.866219491797494
2024-06-01	25.0	10.964090393850814
2024-06-01	11.0	17.776209234481904
2024-06-01	37.0	17.70943730904114
2024-06-01	37.5	19.551687028221863
2024-06-01	37.5	19.168840042719527
2024-06-01	3.0	3.803162872111832
2024-06-01	37.5	22.572322918699193
2024-06-01	16.0	18.970938644486598
2024-06-01	2.0	13.554463780499649
2024-06-01	37.5	19.60339179699505
2024-06-01	7.0	15.3007325047315
2024-06-01	20.0	16.936138399816436
2024-06-01	1.0	2.687952574295846
2024-06-01	21.0	18.487702004160447
2024-06-01	7.0	3.307626123871437
2024-06-01	0.0	1.123822276781582
2024-06-01	37.5	32.3318331824583
2024-06-01	37.5	23.530309065159987
2024-06-01	8.0	7.079619923572372
2024-06-01	37.5	25.106918923714307
2024-06-01	37.5	21.84088392328125
2024-06-01	37.5	13.803721891102946
2024-06-01	21.0	17.7494453827437
2024-06-01	37.5	29.230279883530084
2024-06-01	37.5	17.827288624896763
2024-06-01	34.0	23.3589460665752
2024-06-01	0.0	0.02972670003246749
2024-06-01	4.0	5.517899436881434
2024-06-01	37.5	18.41314580324777
2024-06-01	15.0	12.65009816287305
2024-06-01	37.5	27.108628838230217
2024-06-01	3.0	2.2524681950699037
2024-06-01	15.0	12.774002526007125
2024-06-01	37.5	22.852821104989747
2024-06-01	37.5	17.423814944058797
2024-06-01	37.5	26.398074476953443
2024-06-01	37.5	25.008590271982882
2024-06-01	37.5	21.539092810606174
2024-06-01	37.5	20.833715116690378
2024-06-01	37.5	25.1386974072468
2024-06-01	9.0	4.437695029287058
2024-06-01	2.0	2.1462939661747744
2024-06-01	37.5	18.421555053565413
2024-06-01	1.0	1.6765846715765786
2024-06-01	1.0	2.2026877842819155
2024-06-01	5.0	4.554387731848963
2024-06-01	21.0	6.493262680358932
2024-06-01	0.0	0.00828616532944269
2024-06-01	8.0	7.944908989141938
2024-06-01	5.0	19.986345175994312
2024-06-01	7.0	19.09623440746597
2024-06-01	37.5	12.188074190647985
2024-06-01	4.0	4.05365358578561
2024-06-01	0.0	0.0015481237696009856
2024-06-01	18.0	17.866342770477264
2024-06-01	37.5	20.061061438011976
2024-06-01	18.0	3.988395687655097
2024-06-01	37.5	19.936902714283505
2024-06-01	37.5	19.296998994842554
2024-06-01	1.0	1.8745645748301922
2024-06-01	1.0	2.188593048335394
2024-06-01	1.0	6.837241469920329
2024-06-01	23.0	11.190040767273935
2024-06-01	4.0	10.615676456184431
2024-06-01	15.0	3.7034718794583754
2024-06-01	21.0	16.44503872558108
2024-06-01	37.5	20.731461088337173
2024-06-01	28.0	14.7529671469992
2024-06-01	6.0	1.0517956577279641
2024-06-01	19.0	13.251331923718165
2024-06-01	1.0	1.5361221046558462
2024-06-01	37.5	23.258899949597684
2024-06-01	37.5	20.854326128851085
2024-06-01	2.0	3.309665223616007
2024-06-01	17.0	20.478552013237795
2024-06-01	6.0	8.559956946681435
2024-06-01	37.5	18.270416765333515
2024-06-01	37.5	18.071981073302357
2024-06-01	3.0	7.71726661013953
2024-06-01	9.0	8.450478925056778
2024-06-01	37.5	22.759889223124897
2024-06-01	37.5	22.58542746989319
2024-06-01	0.0	0.18435917644615354
2024-06-01	37.5	23.060412765913373
2024-06-01	5.0	1.7523872756533925
2024-06-01	37.5	18.275835419553307
2024-06-01	37.5	18.214122125388887
2024-06-01	2.0	2.7896001761900098
2024-06-01	37.5	25.374609758577808
2024-06-01	30.0	21.86413002461415
2024-06-01	37.5	22.268579360020272
2024-06-01	37.5	22.741604873685233
2024-06-01	37.5	21.87842121348464
2024-06-01	37.5	30.245732512978943
2024-06-01	37.5	25.708650546824046
2024-06-01	0.0	0.2372909177354447
2024-06-01	37.5	16.7087372288365
2024-06-01	25.0	16.98990524558763
2024-06-01	37.5	22.272887491648454
2024-06-01	37.5	18.98466828864263
2024-06-01	9.0	15.956276177193871
2024-06-01	37.5	25.772289580537226
2024-06-01	37.5	21.209404872820453
2024-06-01	37.5	18.285019571493738
2024-06-01	6.0	0.060649487709158956
2024-06-01	9.0	17.809638407002918
2024-06-01	6.0	5.071205915576381
2024-06-01	1.0	1.0561493673158258
2024-06-01	37.5	21.545600523388018
2024-06-01	37.5	26.959914699943702
2024-06-01	7.0	4.706926825604023
2024-06-01	37.5	24.77636321866592
2024-06-01	37.5	17.6405269824946
2024-06-01	37.5	17.002042692257685
2024-06-01	1.0	3.9662331795178742
2024-06-01	37.5	21.86338264128675
2024-06-01	37.5	23.058551481226026
2024-06-01	37.5	25.073790759391464
2024-06-01	2.0	3.916685931505194
2024-06-01	34.0	8.6840337306796
2024-06-01	14.0	15.105718230133887
2024-06-01	1.0	1.7605206221051086
2024-06-01	13.0	7.4401787725893875
2024-06-01	8.0	21.374303402029767
2024-06-01	37.5	35.300531438206576
2024-06-01	2.0	5.890906455108305
2024-06-01	21.0	13.605911976890821
2024-06-01	37.5	18.561896428527223
2024-06-01	2.0	2.013520576582994
2024-06-01	37.5	25.998521361137524
2024-06-01	10.0	16.680217672356797
2024-06-01	4.0	7.622141384681335
2024-06-01	37.5	17.937529143726913
2024-06-01	6.0	12.611912891617974
2024-06-01	37.5	19.36168480452244
2024-06-01	37.5	13.860627053875385
2024-06-01	37.5	19.536803987039693
2024-06-01	37.5	26.210169355052393
2024-06-01	10.0	8.887253506635712
2024-06-01	37.5	19.440907257612903
2024-06-01	37.5	18.851072264563264
2024-06-01	30.0	24.037405715739634
2024-06-01	37.5	30.07036205180703
2024-06-01	37.5	24.581624641205096
2024-06-01	37.5	19.01045490453427
2024-06-01	13.0	16.299093716859776
2024-06-01	7.0	10.716380839696232
2024-06-01	37.5	23.691561142775818
2024-06-01	6.0	2.2563290007635466
2024-06-01	37.5	22.0829467659145
2024-06-01	18.0	15.176429960564766
2024-06-01	0.0	1.178274729903564
2024-06-01	37.5	23.679947046113647
2024-06-01	11.0	9.58013806756667
2024-06-01	16.0	14.441095350681241
2024-06-01	33.0	17.81218039832478
2024-06-01	13.0	16.66296336070156
2024-06-01	0.0	0.049958687063409155
2024-06-01	37.5	19.5764695064016
2024-06-01	15.0	14.964025587040325
2024-06-01	37.5	16.11256641702231
2024-06-01	37.5	30.21401082607727
2024-06-01	32.0	16.834663461582256
2024-06-01	27.0	15.779155811169986
2024-06-01	37.5	25.35917291504801
2024-06-01	37.5	24.20546531703461
2024-06-01	37.5	29.76017582551472
2024-06-01	18.0	15.24838910825968
2024-06-01	37.0	18.131003277953116
2024-06-01	2.0	11.00787047057711
2024-06-01	37.5	24.63803664320555
2024-06-01	7.0	4.972517855797996
2024-06-01	37.5	24.486969752699412
2024-06-01	37.5	21.438440372901955
2024-06-01	3.0	3.5960418781851233
2024-06-01	0.0	8.641315795356247
2024-06-01	17.0	18.697018948062233
2024-06-01	37.5	25.86913719295594
2024-06-01	37.5	12.668579263731822
2024-06-01	1.0	1.1070497237956638
2024-06-01	37.0	17.42476326346631
2024-06-01	37.5	21.52765735759862
2024-06-01	37.5	31.29042372962698
2024-06-01	16.0	5.725605938495295
2024-06-01	37.5	22.597973673121803
2024-06-01	37.5	18.48121391949281
2024-06-01	3.0	1.4715786229164451
2024-06-01	37.5	32.76353955016343
2024-06-01	2.0	1.8564421318328008
2024-06-01	12.0	6.419630838284565
2024-06-01	37.5	24.084644375841737
2024-06-01	8.0	3.035672990960558
2024-06-01	36.0	15.090936495800507
2024-06-01	13.0	9.77328127537816
2024-06-01	37.5	25.36029454711269
2024-06-01	14.0	19.692792875039064
2024-06-01	1.0	13.567050354125666
2024-06-01	29.0	20.332875225404962
2024-06-01	37.5	28.54395187787546
2024-06-01	9.0	18.869105565301453
2024-06-01	27.0	19.78467862938418
2024-06-01	30.0	19.958145396456533
2024-06-01	26.0	11.946656754821715
2024-06-01	37.5	20.434220153929484
2024-06-01	37.5	24.275857286286104
2024-06-01	37.5	24.525949654545393
2024-06-01	10.0	5.757475890340986
2024-06-01	37.5	16.130162738348172
2024-06-01	37.5	18.683002314259436
2024-06-01	37.5	15.019728809870706
2024-06-01	37.5	18.30201187461701
2024-06-01	0.0	0.4696327715547198
2024-06-01	18.0	10.065475228750527
2024-06-01	7.0	7.036476465309466
2024-06-01	36.0	23.077156054776093
2024-06-01	37.5	20.72197608917685
2024-06-01	5.0	13.754899658001058
2024-06-01	37.5	32.444261954266345
2024-06-01	37.5	26.289321504299
2024-06-01	37.5	25.64108414464114
2024-06-01	10.0	5.200924393535956
2024-06-01	37.5	24.996782532756058
2024-06-01	1.0	2.4858851355886182
2024-06-01	37.5	28.435172953648127
2024-06-01	23.0	17.86862618089808
2024-06-01	37.5	35.23144305318925
2024-06-01	37.5	21.30782047312589
2024-06-01	37.5	23.151466879575107
2024-06-01	37.5	18.977412318098207
2024-06-01	37.5	23.874777568823063
2024-06-01	37.5	24.351517120709513
2024-06-01	1.0	3.3338484322756545
2024-06-01	6.0	14.389205645111325
2024-06-01	1.0	1.9659945059127661
2024-06-01	10.0	6.722040385823848
2024-06-01	26.0	8.245102234795793
2024-06-01	0.0	0.02789335764085806
2024-06-01	10.0	1.9160841899733891
2024-06-01	37.5	19.839641217204424
2024-06-01	37.5	19.284717918487843
2024-06-01	2.0	0.6554027095795373
2024-06-01	37.5	15.698023842822863
2024-06-01	37.5	20.769512108132588
2024-06-01	33.0	19.720098183534724
2024-06-01	22.0	19.410593880903857
2024-06-01	37.5	23.253692741479483
2024-06-01	5.0	7.414197371320707
2024-06-01	37.5	18.607487342736476
2024-06-01	27.0	17.827945674145077
2024-06-01	1.0	0.7183791129182704
2024-06-01	37.5	31.445582947334756
2024-06-01	15.0	17.83912896107303
2024-06-01	37.5	21.761251513048055
2024-06-01	37.5	19.23695588497308
2024-06-01	25.0	18.275296229350598
2024-06-01	7.0	3.348509914041452
2024-06-01	10.0	5.793364319865059
2024-06-01	37.5	16.95157257063634
2024-06-01	37.5	21.892307778570718
2024-06-01	37.5	20.989336696375464
2024-06-01	0.0	0.06114174597917656
2024-06-01	37.5	24.129609615913786
2024-06-01	0.0	0.041699199222419256
2024-06-01	1.0	2.1731232309654462
2024-06-01	37.5	18.870294012690124
2024-06-01	37.5	22.289290483162038
2024-06-01	16.0	17.270949141136214
2024-06-01	3.0	3.703258537237281
2024-06-01	11.0	5.4484408464483245
2024-06-01	37.5	29.254102768731133
2024-06-01	37.5	21.710544431722898
2024-06-01	37.5	21.062015309234823
2024-06-01	37.5	21.65658525461523
2024-06-01	1.0	2.7797154358127383
2024-06-01	26.0	13.18430420718787
2024-06-01	2.0	2.0096916191852676
2024-06-01	37.5	20.818755705696972
2024-06-01	37.5	22.974275169041718
2024-06-01	6.0	14.887017164746986
2024-06-01	37.5	23.868062369817444
2024-06-01	9.0	21.37354282087785
2024-06-01	3.0	16.961777468641415
2024-06-01	17.0	14.292815250546296
2024-06-01	37.5	21.738106297540174
2024-06-01	28.0	16.059775882236234
2024-06-01	37.5	25.310603353017818
2024-06-01	37.5	21.592331846294112
2024-06-01	37.5	15.727831637425364
2024-06-01	37.5	16.698400614001617
2024-06-01	25.0	14.440365227777736
2024-06-01	26.0	14.666567355070812
2024-06-01	0.0	1.2262702312589393
2024-06-01	11.0	19.622122485994876
2024-06-01	37.5	23.708724001546955
2024-06-01	37.5	24.23034255809947
2024-06-01	10.0	18.039423168640567
2024-06-01	17.0	19.561339850634585
2024-06-01	1.0	2.3097001796866463
2024-06-01	37.5	21.09930547862426
2024-06-01	12.0	13.592987900265731
2024-06-01	37.5	20.117116589135495
2024-06-01	0.0	2.5650005194871133
2024-06-01	10.0	13.728337684964842
2024-06-01	37.5	16.435310343320833
2024-06-01	4.0	4.327656797120486
2024-06-01	37.5	23.18943937619272
2024-06-01	5.0	4.367482779037466
2024-06-01	9.0	7.667049819533631
2024-06-01	9.0	8.017563213441733
2024-06-01	37.5	21.936401739762335
2024-06-01	37.5	25.96662854918217
2024-06-01	9.0	4.6412258252103715
2024-06-01	1.0	2.5470818569722082
2024-06-01	7.0	19.426741210312628
2024-06-01	37.5	13.788419702366017
2024-06-01	37.5	13.390236979223205
2024-06-01	37.5	14.056617081511275
2024-06-01	37.5	26.82091083669567
2024-06-01	8.0	8.239182239593571
2024-06-01	5.0	0.03785472513204331
2024-06-01	37.5	9.967515181688247
2024-06-01	37.5	28.767478524095377
2024-06-01	37.5	20.59994002035193
2024-06-01	1.0	5.737020044081686
2024-06-01	2.0	20.67080681449928
2024-06-01	37.0	26.072768973079793
2024-06-01	37.5	15.668537587736115
2024-06-01	37.5	23.348441578545753
2024-06-01	11.0	6.30630168877375
2024-06-01	37.5	21.516436658031967
2024-06-01	37.5	19.034504195435442
2024-06-01	37.5	17.489187586502723
2024-06-01	0.0	2.2254404067375324
2024-06-01	37.5	18.26678048491214
2024-06-01	21.0	13.766147946020066
2024-06-01	0.0	3.492649197576598
2024-06-01	0.0	0.002832589309545717
2024-06-01	37.5	32.91328233159758
2024-06-01	4.0	3.8911276006569935
2024-06-01	37.5	24.44190144008229
2024-06-01	30.0	16.87738985473622
2024-06-01	4.0	4.470471024506984
2024-06-01	37.5	14.093513516026327
2024-06-01	5.0	2.5955617373396302
2024-06-01	14.0	16.80640782333074
2024-06-01	2.0	2.840779822606193
2024-06-01	37.5	13.106051067223099
2024-06-01	33.0	19.65195712736255
2024-06-01	37.5	22.47092267707016
2024-06-01	37.5	23.87365281544425
2024-06-01	3.0	2.661662979868004
2024-06-01	37.5	22.493452693804606
2024-06-01	7.0	3.8381810324369074
2024-06-01	37.5	21.174998262413368
2024-06-01	1.0	3.2312671285224392
2024-06-01	3.0	4.860050837865461
2024-06-01	1.0	2.4837879699737186
2024-06-01	0.0	0.010619940462714694
2024-06-01	37.5	24.41946331418346
2024-06-01	0.0	0.045872861244130245
2024-06-01	8.0	12.024816873431885
2024-06-01	19.0	13.130354003785529
2024-06-01	37.5	22.940977132916995
2024-06-01	1.0	3.15913856414064
2024-06-01	37.5	18.34842024939749
2024-06-01	22.0	12.201064038051257
2024-06-01	1.0	1.1957756519148681
2024-06-01	37.5	16.519677280763005
2024-06-01	2.0	5.150641024000839
2024-06-01	32.0	16.64243055155046
2024-06-01	4.0	5.2372438631148786
2024-06-01	37.5	22.078842630806665
2024-06-01	37.5	23.83884140556909
2024-06-01	5.0	6.85041452277673
2024-06-01	37.5	31.50944338497362
2024-06-01	1.0	16.612841944322298
2024-06-01	37.5	4.8355420311336195
2024-06-01	1.0	0.06483823759283464
2024-06-01	13.0	22.637822958928794
2024-06-01	4.0	4.145351438638068
2024-06-01	7.0	5.966969904926371
2024-06-01	37.5	4.248408577609417
2024-06-01	14.0	24.202330702377164
2024-06-01	0.0	0.01878062943923438
2024-06-01	0.0	0.05664892245011534
2024-06-01	37.5	24.833367141427374
2024-06-01	16.0	17.52354123802793
2024-06-01	37.5	22.17000444005837
2024-06-01	10.0	3.2967408543262233
2024-06-01	37.5	24.103585223625625
2024-06-01	36.0	15.018241896326748
2024-06-01	0.0	0.03454531371728912
2024-06-01	12.0	17.78973383547181
2024-06-01	1.0	2.2048571240091617
2024-06-01	37.5	31.490447028732316
2024-06-01	21.0	10.876679229222214
2024-07-01	0.0	0.2463527996775735
2024-07-01	11.0	8.217043131965939
2024-07-01	5.0	4.610234517903447
2024-07-01	37.5	28.32936284010033
2024-07-01	10.0	14.110727503645833
2024-07-01	3.0	0.16377394315214652
2024-07-01	0.0	0.05043648223835816
2024-07-01	2.0	4.81195046597697
2024-07-01	3.0	4.880259418536211
2024-07-01	5.0	12.693169569672353
2024-07-01	5.0	22.406635466241948
2024-07-01	1.0	2.0716816327620604
2024-07-01	21.0	19.879116323946906
2024-07-01	21.0	23.81709482822278
2024-07-01	20.0	23.111210027064793
2024-07-01	10.0	5.246203892841401
2024-07-01	1.0	0.20901303445651143
2024-07-01	22.0	8.580012803800265
2024-07-01	1.0	2.71433304270093
2024-07-01	14.0	25.960939675705976
2024-07-01	8.0	5.280615520910448
2024-07-01	0.0	0.006508613499169544
2024-07-01	4.0	7.111562647376254
2024-07-01	1.0	2.001520776500908
2024-07-01	9.0	6.795019629649053
2024-07-01	18.0	17.48115909667303
2024-07-01	4.0	4.679901578497115
2024-07-01	5.0	8.239086543345909
2024-07-01	1.0	4.068887481923845
2024-07-01	14.0	28.131765280545487
2024-07-01	9.0	16.316183872094868
2024-07-01	0.0	0.005713215546417166
2024-07-01	31.0	18.67467579896708
2024-07-01	6.0	5.086280822425932
2024-07-01	30.0	20.784754610487337
2024-07-01	10.0	26.360778242081167
2024-07-01	37.5	18.32289428761846
2024-07-01	1.0	2.202142632383832
2024-07-01	5.0	5.14131532007481
2024-07-01	9.0	19.69448880171184
2024-07-01	37.5	23.587650900169123
2024-07-01	37.5	24.220849975631527
2024-07-01	37.5	29.625549606524384
2024-07-01	9.0	3.8196953864127
2024-07-01	37.5	25.919363472028245
2024-07-01	0.0	1.1734157707301487
2024-07-01	12.0	9.525001957510765
2024-07-01	17.0	23.31640021146874
2024-07-01	9.0	8.408854039604465
2024-07-01	25.0	22.00178156039908
2024-07-01	0.0	0.4866520071179046
2024-07-01	0.0	6.101040380171254
2024-07-01	10.0	8.586494927867735
2024-07-01	37.5	22.44466248858534
2024-07-01	31.0	24.151094948013473
2024-07-01	37.5	25.156263679131925
2024-07-01	0.0	0.01580800480459904
2024-07-01	37.5	36.78889757148234
2024-07-01	37.5	22.78593106142061
2024-07-01	4.0	3.4105340293057713
2024-07-01	37.5	35.93182847116077
2024-07-01	24.0	21.897807700580834
2024-07-01	0.0	5.448821445763585
2024-07-01	3.0	18.179008663641962
2024-07-01	23.0	21.708166147758902
2024-07-01	1.0	9.363321806015124
2024-07-01	37.5	26.5720710226066
2024-07-01	37.5	27.484276757325766
2024-07-01	3.0	4.999528432999322
2024-07-01	9.0	4.93076631900011
2024-07-01	37.5	31.462779662856345
2024-07-01	23.0	19.623543863757785
2024-07-01	3.0	2.9457673103473287
2024-07-01	37.5	27.303673911073474
2024-07-01	0.0	0.03354544341419109
2024-07-01	17.0	29.259491008236367
2024-07-01	0.0	1.0362045861016975
2024-07-01	2.0	4.654167148985946
2024-07-01	2.0	5.7186280738167214
2024-07-01	3.0	3.119183761367471
2024-07-01	24.0	16.588887694717243
2024-07-01	27.0	18.263389468213933
2024-07-01	19.0	23.854935001921945
2024-07-01	20.0	25.499671032661077
2024-07-01	5.0	12.188815413148479
2024-07-01	1.0	1.9232387919146392
2024-07-01	12.0	23.73657855945736
2024-07-01	37.5	24.253838367898133
2024-07-01	6.0	6.8500733920732975
2024-07-01	0.0	0.6414195299459295
2024-07-01	19.0	17.864777655640037
2024-07-01	37.5	31.511036470381043
2024-07-01	0.0	0.007520217459988202
2024-07-01	5.0	25.877206606013964
2024-07-01	37.5	22.019426280201152
2024-07-01	37.5	36.87218468432778
2024-07-01	37.5	28.661171248272026
2024-07-01	0.0	0.179405970549248
2024-07-01	4.0	3.1080366788182303
2024-07-01	8.0	5.4810895905780335
2024-07-01	17.0	9.471150786363236
2024-07-01	14.0	5.073553826921986
2024-07-01	0.0	0.29553982925191485
2024-07-01	12.0	19.63484845820046
2024-07-01	37.5	24.64977737502764
2024-07-01	0.0	2.913381062635217
2024-07-01	8.0	7.1159665277039785
2024-07-01	0.0	0.17320815641988674
2024-07-01	16.0	21.018505361000415
2024-07-01	18.0	6.6177243206332
2024-07-01	0.0	0.025955343611019206
2024-07-01	2.0	0.5308395405635349
2024-07-01	1.0	2.4763151593950594
2024-07-01	37.5	30.039658107747048
2024-07-01	4.0	4.713341328915941
2024-07-01	13.0	9.281474440585978
2024-07-01	37.5	36.59914037278238
2024-07-01	12.0	19.1438432442287
2024-07-01	37.5	22.30857712886945
2024-07-01	29.0	27.412615165825287
2024-07-01	33.0	9.521286694050877
2024-07-01	0.0	0.01352141589090592
2024-07-01	8.0	19.41936687620059
2024-07-01	11.0	2.0479110036849737
2024-07-01	4.0	19.57915234715786
2024-07-01	0.0	0.25559578512013004
2024-07-01	0.0	0.9906316035257838
2024-07-01	1.0	3.389994933612737
2024-07-01	2.0	5.184477182422087
2024-07-01	0.0	0.006950985766677799
2024-07-01	1.0	3.438661016343085
2024-07-01	1.0	7.0997178802849765
2024-07-01	2.0	4.226629602474804
2024-07-01	12.0	5.462993480653029
2024-07-01	0.0	0.06412990058803494
2024-07-01	37.5	23.711535018777102
2024-07-01	37.5	33.127484897937336
2024-07-01	1.0	2.311416074098606
2024-07-01	8.0	16.492562508034137
2024-07-01	19.0	13.416518540331712
2024-07-01	7.0	29.087438087011023
2024-07-01	1.0	4.927244755654202
2024-07-01	2.0	4.80804074580092
2024-07-01	3.0	3.787173157606047
2024-07-01	3.0	2.407036570721112
2024-07-01	6.0	20.84639873129266
2024-07-01	25.0	9.141585144704267
2024-07-01	37.5	21.767742544189726
2024-07-01	27.0	4.9986988808553665
2024-07-01	7.0	11.024456718645377
2024-07-01	4.0	2.102162782572847
2024-07-01	23.0	19.440100387726496
2024-07-01	26.0	22.27372116653465
2024-07-01	4.0	6.917453302836465
2024-07-01	4.0	2.418327211321779
2024-07-01	37.5	24.876699524342882
2024-07-01	37.5	20.192011822364677
2024-07-01	23.0	10.359737071635607
2024-07-01	0.0	1.6347792353122328
2024-07-01	16.0	21.495423074665016
2024-07-01	2.0	2.2090403909977736
2024-07-01	0.0	0.0685227933008132
2024-07-01	25.0	21.411757909258313
2024-07-01	37.5	34.12936386323415
2024-07-01	37.5	33.25818838674657
2024-07-01	4.0	2.236679348100069
2024-07-01	37.5	30.37762549201079
2024-07-01	0.0	0.0015196737266802386
2024-07-01	11.0	12.748935340353732
2024-07-01	1.0	1.4480382811486103
2024-07-01	7.0	21.008979861889618
2024-07-01	8.0	8.078472136133128
2024-07-01	8.0	5.096469985591124
2024-07-01	37.5	25.084062931706825
2024-07-01	0.0	0.03945955840599868
2024-07-01	8.0	11.36951500323876
2024-07-01	1.0	3.4600223140117894
2024-07-01	1.0	7.650464460409367
2024-07-01	9.0	10.408852129477031
2024-07-01	1.0	1.6815355248281774
2024-07-01	37.5	25.28292584477886
2024-07-01	33.0	22.937370174573623
2024-07-01	3.0	2.2932803246381797
2024-07-01	37.5	34.85305365573467
2024-07-01	0.0	1.6291478452310229
2024-07-01	1.0	2.4277834094143023
2024-07-01	4.0	0.10976696844091056
2024-07-01	0.0	0.009807657804822721
2024-07-01	19.0	26.92984101984365
2024-07-01	37.5	31.7739699036506
2024-07-01	3.0	4.836322605877174
2024-07-01	10.0	5.374694164134256
2024-07-01	0.0	1.0930420630630606
2024-07-01	37.5	27.590470895942094
2024-07-01	32.0	27.11362638882524
2024-07-01	4.0	1.0348981635409202
2024-07-01	2.0	5.59752538295264
2024-07-01	0.0	0.6003969324194778
2024-07-01	5.0	6.71480278471827
2024-07-01	12.0	21.408474175957792
2024-07-01	9.0	9.074222322761191
2024-07-01	2.0	15.865948516642733
2024-07-01	0.0	2.1727621483082777
2024-07-01	37.5	34.94791793027221
2024-07-01	6.0	10.738524039752793
2024-07-01	34.0	30.347887734965212
2024-07-01	0.0	0.015344776073131606
2024-07-01	37.5	24.507328625470876
2024-07-01	1.0	4.154937902140663
2024-07-01	2.0	1.7504193498796852
2024-07-01	0.0	0.7335798914080766
2024-07-01	17.0	11.278090270599403
2024-07-01	1.0	3.6700959642946245
2024-07-01	21.0	24.433447193643925
2024-07-01	37.5	32.13909372184916
2024-07-01	37.5	25.108729805073676
2024-07-01	3.0	7.170097229351426
2024-07-01	37.5	33.638929338144436
2024-07-01	37.5	29.691735531678454
2024-07-01	1.0	0.19884707660931034
2024-07-01	4.0	16.742101599191145
2024-07-01	37.5	19.67510377316497
2024-07-01	2.0	3.081904802267716
2024-07-01	6.0	3.286414872521579
2024-07-01	37.5	18.35884458929896
2024-07-01	5.0	7.997448246087771
2024-07-01	5.0	2.3655488249003835
2024-07-01	34.0	18.632880408870214
2024-07-01	2.0	3.3312476555553503
2024-07-01	0.0	1.2951529478270052
2024-07-01	37.5	18.52820401180462
2024-07-01	1.0	1.9625443755717629
2024-07-01	4.0	9.436540064588899
2024-07-01	10.0	11.33224647069499
2024-07-01	37.5	29.88174277225182
2024-07-01	9.0	24.529597454053004
2024-07-01	37.5	29.982312685513453
2024-07-01	19.0	20.885643345275184
2024-07-01	17.0	4.232228976823535
2024-07-01	19.0	17.66373413027042
2024-07-01	22.0	13.075879915768956
2024-07-01	36.0	22.216648318997972
2024-07-01	37.5	25.702707172032042
2024-07-01	37.5	18.46738099602814
2024-07-01	7.0	24.65675924533697
2024-07-01	0.0	0.07074007454916985
2024-07-01	37.5	22.205618597631112
2024-07-01	5.0	11.823521145227549
2024-07-01	29.0	27.561710153857156
2024-07-01	4.0	6.793301070302042
2024-07-01	0.0	1.8348873245833575
2024-07-01	0.0	0.017695882322522713
2024-07-01	7.0	7.155905766223041
2024-07-01	0.0	0.8446292226191932
2024-07-01	4.0	4.909780368648459
2024-07-01	3.0	3.29952356519692
2024-07-01	2.0	2.569487077951372
2024-07-01	0.0	0.3426876291985289
2024-07-01	18.0	26.302263246421347
2024-07-01	37.5	32.882307693998435
2024-07-01	2.0	15.1433754117981
2024-07-01	0.0	0.010476536718195123
2024-07-01	5.0	5.368005481605387
2024-07-01	6.0	0.5971201978389025
2024-07-01	13.0	14.658920713846278
2024-07-01	4.0	2.6599956725105796
2024-07-01	37.5	26.739650042384667
2024-07-01	8.0	5.138324494867564
2024-07-01	27.0	21.468365317490882
2024-07-01	0.0	0.3040006212863934
2024-07-01	5.0	9.680256220510987
2024-07-01	22.0	4.857389585083827
2024-07-01	37.5	24.566126206552678
2024-07-01	5.0	17.302570174368864
2024-07-01	0.0	0.004079975375633501
2024-07-01	22.0	7.110461275097988
2024-07-01	37.5	28.917615856398285
2024-07-01	0.0	0.25432098487230903
2024-07-01	24.0	19.64576728123944
2024-07-01	37.5	29.294929041844732
2024-07-01	2.0	2.255004605725185
2024-07-01	2.0	4.092247977248606
2024-07-01	8.0	8.858568093440837
2024-07-01	37.5	31.877072427998783
2024-07-01	4.0	4.213149503890021
2024-07-01	16.0	14.533087639446213
2024-07-01	10.0	7.057208950735355
2024-07-01	1.0	4.4663798884308505
2024-07-01	2.0	4.857920479407585
2024-07-01	37.5	20.387750257924836
2024-07-01	5.0	4.586943138795474
2024-07-01	1.0	3.4828919759960337
2024-07-01	37.5	25.600632301114302
2024-07-01	26.0	31.293465381139704
2024-07-01	1.0	3.123739005156905
2024-07-01	1.0	2.046853507974862
2024-07-01	6.0	11.0585968564295
2024-07-01	37.5	32.56773793209243
2024-07-01	20.0	29.109682223970484
2024-07-01	37.5	25.723475535242095
2024-07-01	20.0	23.109613724640102
2024-07-01	37.5	35.40641867945335
2024-07-01	0.0	0.2582836445357265
2024-07-01	3.0	6.032382082452286
2024-07-01	0.0	0.42661799967003633
2024-07-01	3.0	4.1675384246716245
2024-07-01	0.0	0.037805486454956544
2024-07-01	37.5	23.157564576348783
2024-07-01	2.0	18.109704162716714
2024-07-01	6.0	4.107851272581746
2024-07-01	6.0	18.79377593886483
2024-07-01	37.5	11.211485804464646
2024-07-01	0.0	8.747475873707824
2024-07-01	37.5	31.871418830832976
2024-07-01	1.0	1.8551367494168123
2024-07-01	37.5	28.097142824720553
2024-07-01	37.5	24.295257015392124
2024-07-01	0.0	5.256169764128354
2024-07-01	1.0	2.586252866016341
2024-07-01	4.0	2.8957369139916134
2024-07-01	6.0	6.331904999778978
2024-07-01	0.0	1.172076857899433
2024-07-01	37.5	22.95884746004334
2024-07-01	37.5	24.757757377449042
2024-07-01	9.0	9.862468689148058
2024-07-01	6.0	5.752505764965413
2024-07-01	0.0	0.24503602447465067
2024-07-01	0.0	0.5840399210632926
2024-07-01	11.0	19.343935816590534
2024-07-01	5.0	7.2372628104729975
2024-07-01	26.0	13.930705620818118
2024-07-01	37.5	26.759589875009436
2024-07-01	3.0	18.954228368541486
2024-07-01	1.0	3.71494204064738
2024-07-01	37.5	8.384848194929619
2024-07-01	0.0	0.3926728159049051
2024-07-01	37.5	26.394794141462565
2024-07-01	8.0	17.462807041787336
2024-07-01	14.0	15.263476683162777
2024-07-01	3.0	2.08434252682385
2024-07-01	0.0	2.7390109807193146
2024-07-01	1.0	2.4360452314784102
2024-07-01	28.0	22.065602672846808
2024-07-01	2.0	3.665977421899167
2024-07-01	29.0	26.33328690279558
2024-07-01	1.0	3.6623840807576733
2024-07-01	1.0	3.3403965184084456
2024-07-01	3.0	2.8454389624435885
2024-07-01	0.0	0.04678952632573066
2024-07-01	5.0	7.840359409542363
2024-07-01	37.5	26.910151732907146
2024-07-01	0.0	3.071188248489076
2024-07-01	1.0	2.901015043324788
2024-07-01	1.0	1.7560311177665322
2024-07-01	7.0	4.816850140996205
2024-07-01	37.5	24.869493980255015
2024-07-01	3.0	5.391273425026165
2024-07-01	20.0	20.425042149843613
2024-07-01	19.0	4.637929902393305
2024-07-01	37.5	25.373771965702847
2024-07-01	0.0	0.6127998470902876
2024-07-01	37.5	32.24917129681599
2024-07-01	17.0	17.762438902478802
2024-07-01	2.0	3.1412199726270438
2024-07-01	0.0	0.056664324018144266
2024-07-01	0.0	2.7408936810896387
2024-07-01	24.0	22.836606219398558
2024-07-01	7.0	6.010241093827247
2024-07-01	1.0	0.480016389530612
2024-07-01	33.0	6.194371476155996
2024-07-01	8.0	7.646368410540294
2024-07-01	0.0	0.012631870986164952
2024-07-01	10.0	7.028956049591022
2024-07-01	0.0	0.44315446029494765
2024-07-01	37.5	24.879160238717414
2024-07-01	1.0	2.7827136777678736
2024-07-01	1.0	2.4254338827997386
2024-07-01	26.0	20.976952324749252
2024-07-01	4.0	5.754668426497457
2024-07-01	0.0	0.03557048866265104
2024-07-01	17.0	15.589034914865165
2024-07-01	37.5	8.278435224416807
2024-07-01	15.0	5.90265614651822
2024-07-01	1.0	0.005584187703267248
2024-07-01	24.0	10.598218750165241
2024-07-01	37.5	37.16388438526866
2024-07-01	0.0	1.8569214702074817
2024-07-01	0.0	0.09290111109623374
2024-07-01	14.0	14.40185139676887
2024-07-01	1.0	2.6047160235226787
2024-07-01	0.0	1.460342559580717
2024-07-01	21.0	22.2483760665317
2024-07-01	0.0	2.2229488044647385
2024-07-01	0.0	0.35832050961375106
2024-07-01	13.0	8.048094633460346
2024-07-01	37.5	26.271049124296724
2024-07-01	2.0	3.62481779810469
2024-07-01	13.0	10.241713094142298
2024-07-01	37.5	33.05250641988364
2024-07-01	0.0	8.459338679569091
2024-07-01	4.0	8.30187199358889
2024-07-01	0.0	0.04228702435704361
2024-07-01	37.5	31.728492660956455
2024-07-01	10.0	17.632506774652963
2024-07-01	1.0	2.802377719448521
2024-07-01	4.0	11.714554263108365
2024-07-01	26.0	20.631581061553213
2024-07-01	1.0	2.6260159832698267
2024-07-01	0.0	17.564678186615545
2024-07-01	37.5	19.351138349223085
2024-07-01	5.0	25.352206507321593
2024-07-01	15.0	26.411979955185974
2024-07-01	37.5	28.834162449653963
2024-07-01	0.0	0.029117809666581854
2024-07-01	1.0	3.1747403733650286
2024-07-01	6.0	24.48345891677382
2024-07-01	37.5	20.484813656765024
2024-07-01	23.0	11.40046842231058
2024-07-01	7.0	6.119726928862071
2024-07-01	4.0	0.1656969068578947
2024-07-01	9.0	11.727073108511508
2024-07-01	37.0	23.793012380280906
2024-07-01	6.0	8.172432437483518
2024-07-01	14.0	21.116141652201676
2024-07-01	5.0	4.299422101541181
2024-07-01	30.0	28.869605486092034
2024-07-01	37.5	23.23815493405222
2024-07-01	6.0	5.623788720536614
2024-07-01	1.0	4.264164749755768
2024-07-01	11.0	6.470193630485992
2024-07-01	1.0	9.188986030724681
2024-07-01	37.5	22.317792862258564
2024-07-01	20.0	8.46363574499388
2024-07-01	8.0	19.9397161762965
2024-07-01	0.0	0.14840733118181368
2024-07-01	23.0	20.733184000081543
2024-07-01	7.0	21.867009537725828
2024-07-01	3.0	6.864130234583129
2024-07-01	37.5	32.42493532762637
2024-07-01	0.0	1.4137126869889323
2024-07-01	0.0	0.1635851261102153
2024-07-01	37.5	36.864785817853075
2024-07-01	31.0	23.136016312367904
2024-07-01	18.0	21.60076105390812
2024-07-01	37.5	28.51346424485388
2024-07-01	0.0	0.08640271723318112
2024-07-01	4.0	4.162111838787034
2024-07-01	12.0	6.483856834567682
2024-07-01	2.0	3.8836429544659947
2024-07-01	37.5	28.015545458622057
2024-07-01	2.0	12.946473642170876
2024-07-01	7.0	18.232413969731084
2024-07-01	13.0	14.835128620963062
2024-07-01	0.0	0.014126863803635415
2024-07-01	37.5	26.606925809054687
2024-07-01	0.0	0.026014012916775686
2024-07-01	4.0	7.827888203758087
2024-07-01	6.0	2.9360390369119105
2024-07-01	31.0	17.29641832779846
2024-07-01	8.0	25.018280482356023
2024-07-01	0.0	0.098942620566253
2024-07-01	1.0	1.6363291803842883
2024-07-01	22.0	15.165824982254119
2024-07-01	5.0	2.2762940592007905
2024-07-01	5.0	20.28213858258851
2024-07-01	37.5	28.432276343944
2024-07-01	36.0	23.38521545725542
2024-07-01	4.0	7.602913388355891
2024-07-01	6.0	8.670809007093425
2024-07-01	0.0	0.1950172056083851
2024-07-01	1.0	2.700060501825411
2024-07-01	4.0	7.902866833418298
2024-07-01	37.5	35.04532447015356
2024-07-01	37.5	30.687162253983104
2024-07-01	0.0	0.5540248516702291
2024-07-01	13.0	11.494117236384927
2024-07-01	5.0	5.565031013915207
2024-07-01	23.0	20.660519300087
2024-07-01	37.5	21.72203639095379
2024-07-01	28.0	15.488169876052151
2024-07-01	1.0	23.755064065148158
2024-07-01	9.0	15.251413137318101
2024-07-01	9.0	12.969891557006006
2024-07-01	9.0	11.188114109690721
2024-07-01	37.5	28.225840335570176
2024-07-01	37.5	31.215298893390575
2024-07-01	31.0	19.18559929377866
2024-07-01	37.5	27.703800923745582
2024-07-01	20.0	30.60487262376535
2024-07-01	37.5	30.711266116571174
2024-07-01	37.5	26.406425311243357
2024-07-01	37.5	25.17056551406874
2024-07-01	35.0	26.982545960969553
2024-07-01	0.0	2.901115648605728
2024-07-01	37.5	20.027326945648685
2024-07-01	37.5	31.478105224782915
2024-07-01	8.0	3.8933430611967434
2024-07-01	37.5	30.382317291104467
2024-07-01	8.0	21.181370947197404
2024-07-01	16.0	5.086786664751779
2024-07-01	3.0	29.726068625938268
2024-07-01	1.0	19.014031639842255
2024-07-01	37.5	22.79045929421312
2024-07-01	0.0	0.3769804219114531
2024-07-01	0.0	0.24736288550564908
2024-07-01	37.5	28.455731937350457
2024-07-01	27.0	22.39429198363956
2024-07-01	21.0	22.0407021976177
2024-07-01	33.0	21.843760622320378
2024-07-01	0.0	0.24641898102237414
2024-07-01	0.0	0.06568974045748194
2024-07-01	2.0	5.465296810116475
2024-07-01	37.5	22.600196327032187
2024-07-01	0.0	1.5364794047327675
2024-07-01	37.5	28.417186626672027
2024-07-01	37.5	35.795445640840896
2024-07-01	10.0	23.132186647881444
2024-07-01	37.5	24.176634104446986
2024-07-01	3.0	4.578577736965808
2024-07-01	37.5	35.97547936293813
2024-07-01	2.0	3.901763195967815
2024-07-01	37.5	21.76059082752132
2024-07-01	3.0	8.263386837578775
2024-07-01	34.0	22.45724277576917
2024-07-01	37.5	21.618192434095267
2024-07-01	0.0	0.26547020132256766
2024-07-01	12.0	3.2587481199400177
2024-07-01	37.5	23.172637132759604
2024-07-01	4.0	5.434644190560734
2024-07-01	37.5	30.337222157271
2024-07-01	1.0	1.1388036846208855
2024-07-01	1.0	3.0551778608551583
2024-07-01	35.0	15.455446253872582
2024-07-01	23.0	22.92344460979536
2024-07-01	37.5	28.023757156544246
2024-07-01	37.5	20.00986836399642
2024-07-01	37.5	18.662903220637848
2024-07-01	7.0	2.970069830193247
2024-07-01	12.0	6.975859216516169
2024-07-01	37.5	30.098898410412268
2024-07-01	37.5	23.939746694709537
2024-07-01	2.0	2.759185921197592
2024-07-01	0.0	0.5661653316763231
2024-07-01	37.5	30.01048991515659
2024-07-01	37.5	25.390685010020345
2024-07-01	29.0	18.71387333722152
2024-07-01	26.0	16.098200544541935
2024-07-01	37.5	28.351092523078293
2024-07-01	4.0	14.468907541760204
2024-07-01	4.0	6.0435521688255385
2024-07-01	1.0	4.935974911793187
2024-07-01	3.0	3.499532006534692
2024-07-01	0.0	0.017695180965466385
2024-07-01	4.0	16.265810337521586
2024-07-01	20.0	13.030149540213973
2024-07-01	1.0	2.1651069299030152
2024-07-01	0.0	0.0235904197693949
2024-07-01	37.5	23.519588336546096
2024-07-01	37.5	20.635415429721725
2024-07-01	37.5	24.592053171352603
2024-07-01	37.5	17.24215341535239
2024-07-01	0.0	0.19177856147780445
2024-07-01	2.0	3.9028201387140253
2024-07-01	0.0	0.0776440478084811
2024-07-01	2.0	2.847009827193218
2024-07-01	37.5	28.864625062019325
2024-07-01	8.0	23.651273216664553
2024-07-01	1.0	3.3821003916923047
2024-07-01	0.0	0.19865643030596325
2024-07-01	37.5	23.557737186620535
2024-07-01	18.0	23.010492685508623
2024-07-01	0.0	0.017938238072667628
2024-07-01	15.0	22.666427450964743
2024-07-01	5.0	2.3382834010845865
2024-07-01	13.0	22.269358908067524
2024-07-01	37.5	26.938086929017953
2024-07-01	9.0	24.494831415352394
2024-07-01	37.5	22.381914890015302
2024-07-01	37.5	29.3154922546342
2024-07-01	25.0	20.781731590634706
2024-07-01	30.0	8.821165086665454
2024-07-01	2.0	15.172207197196773
2024-07-01	1.0	3.5012323839737984
2024-07-01	2.0	3.103271793986285
2024-07-01	14.0	5.638440377391174
2024-07-01	4.0	5.301795418883751
2024-07-01	27.0	24.15800912295754
2024-07-01	0.0	0.005452464252733241
2024-07-01	11.0	3.2945841830702145
2024-07-01	2.0	2.238505646186546
2024-07-01	11.0	17.002218265607546
2024-07-01	1.0	6.722830161981889
2024-07-01	0.0	0.04286235336457028
2024-07-01	0.0	0.17547679614824607
2024-07-01	28.0	21.076506133475142
2024-07-01	4.0	5.842500030641958
2024-07-01	9.0	2.1346931924648254
2024-07-01	37.5	30.28679117844373
2024-07-01	19.0	19.352578916928163
2024-07-01	37.5	21.938739049310257
2024-07-01	37.5	26.29761053271596
2024-07-01	37.5	30.378074368215078
2024-07-01	16.0	25.22371543526637
2024-07-01	4.0	20.065730304991185
2024-07-01	37.5	16.84139352504696
2024-07-01	10.0	4.726016772114206
2024-07-01	0.0	0.02459353085310162
2024-07-01	37.5	28.951905731628912
2024-07-01	0.0	11.24055889224258
2024-07-01	2.0	2.690513517174519
2024-07-01	37.5	20.945952012206504
2024-07-01	1.0	21.20472070958532
2024-07-01	12.0	17.17244088491229
2024-07-01	37.5	25.990066444509626
2024-07-01	37.5	24.700899127231246
2024-07-01	1.0	3.361818327214407
2024-07-01	8.0	27.906779766879474
2024-07-01	1.0	4.983078436827211
2024-07-01	3.0	4.304160714116083
2024-07-01	5.0	14.591766317039097
2024-07-01	28.0	14.029881418862246
2024-07-01	25.0	18.21944450313822
2024-07-01	37.5	28.434417740002154
2024-07-01	37.5	26.43137002635444
2024-07-01	0.0	0.026070458194226966
2024-07-01	10.0	18.656482197583813
2024-07-01	18.0	18.003783761036694
2024-07-01	14.0	14.037649739951434
2024-07-01	1.0	4.776018858946727
2024-07-01	24.0	9.385195666793814
2024-07-01	23.0	11.055217946780475
2024-07-01	1.0	2.347304460746402
2024-07-01	7.0	2.3542833630202025
2024-07-01	37.5	24.2113578228726
2024-07-01	0.0	0.01096663130800403
2024-07-01	37.5	27.10509961462201
2024-07-01	0.0	0.07924012809490318
2024-07-01	2.0	5.184388608816757
2024-07-01	1.0	1.78046594709158
2024-07-01	37.5	27.17722117926451
2024-07-01	4.0	7.216482428219734
2024-07-01	0.0	1.4188848255012476
2024-07-01	15.0	4.424752242323376
2024-07-01	1.0	4.198202064663267
2024-07-01	10.0	7.502643537035829
2024-08-01	0.0	0.05775499364769826
2024-08-01	0.0	0.08967192646379518
2024-08-01	5.0	9.035280606989899
2024-08-01	5.0	6.681091044967793
2024-08-01	2.0	3.3072978775739625
2024-08-01	1.0	2.183013510210924
2024-08-01	9.0	13.819797886460696
2024-08-01	6.0	8.6305346151975
2024-08-01	0.0	7.7019053006956
2024-08-01	5.0	8.05264862156741
2024-08-01	37.5	26.622657572353837
2024-08-01	37.5	31.842879469054303
2024-08-01	2.0	3.9378975299285472
2024-08-01	3.0	7.440511768296639
2024-08-01	0.0	0.007829203675624497
2024-08-01	16.0	4.547249034365139
2024-08-01	34.0	25.239789878413415
2024-08-01	0.0	0.19725265005982298
2024-08-01	12.0	10.685694403095429
2024-08-01	2.0	12.813908027089399
2024-08-01	1.0	5.532270830798566
2024-08-01	2.0	2.0172700324284736
2024-08-01	1.0	1.7809377667884023
2024-08-01	0.0	0.01585162656758587
2024-08-01	11.0	10.633122224974617
2024-08-01	0.0	0.01471470697068405
2024-08-01	0.0	0.5060835155781394
2024-08-01	6.0	31.486704639048078
2024-08-01	4.0	2.373471919316433
2024-08-01	0.0	0.1801963228874048
2024-08-01	1.0	2.781037840090557
2024-08-01	1.0	2.2844503353846566
2024-08-01	5.0	3.0946863060677847
2024-08-01	37.5	21.549393863084813
2024-08-01	37.5	34.872692287571326
2024-08-01	37.5	32.084554625805765
2024-08-01	17.0	25.401429141259626
2024-08-01	37.5	26.011832717195105
2024-08-01	30.0	29.2984812750957
2024-08-01	9.0	22.577649059568586
2024-08-01	0.0	0.022396192704393594
2024-08-01	0.0	0.43511901669998027
2024-08-01	0.0	0.019698825628091953
2024-08-01	1.0	3.6300675249381147
2024-08-01	37.5	25.74829765707949
2024-08-01	4.0	3.857964306886341
2024-08-01	2.0	1.5532091849837668
2024-08-01	9.0	3.7565108054987686
2024-08-01	0.0	0.033843851579602895
2024-08-01	0.0	0.010462124957491395
2024-08-01	1.0	4.811134161022422
2024-08-01	6.0	6.500632954812695
2024-08-01	2.0	5.545597890583293
2024-08-01	0.0	0.018430532221411448
2024-08-01	1.0	1.9884650282622713
2024-08-01	3.0	3.603359347220438
2024-08-01	37.5	29.983584245370544
2024-08-01	4.0	7.640401866287167
2024-08-01	37.5	24.485912740545174
2024-08-01	0.0	0.12432796327188529
2024-08-01	1.0	3.2721987524886993
2024-08-01	7.0	8.907620046076326
2024-08-01	37.5	23.268573704591482
2024-08-01	0.0	0.22625654646683677
2024-08-01	1.0	1.722456178088311
2024-08-01	16.0	4.013831131388444
2024-08-01	0.0	0.10152558211000384
2024-08-01	1.0	5.408951812504563
2024-08-01	0.0	1.0779046778658676
2024-08-01	6.0	2.343545145473446
2024-08-01	37.5	29.021314674825614
2024-08-01	4.0	2.479625953477946
2024-08-01	3.0	5.175150002604564
2024-08-01	1.0	2.6417496051073375
2024-08-01	10.0	7.64749947519752
2024-08-01	11.0	18.99349246916661
2024-08-01	37.5	29.442721539888332
2024-08-01	37.5	32.798586884548
2024-08-01	18.0	5.871433416393355
2024-08-01	1.0	2.7912939846068827
2024-08-01	21.0	30.665077374871657
2024-08-01	0.0	2.50142856043536
2024-08-01	12.0	22.247995839454482
2024-08-01	1.0	2.2137210966640404
2024-08-01	6.0	8.526561429069902
2024-08-01	1.0	2.3867803378355403
2024-08-01	11.0	34.121790873996794
2024-08-01	10.0	3.57540478199821
2024-08-01	37.5	33.816256794563095
2024-08-01	20.0	34.661517736883354
2024-08-01	0.0	0.23009454315303013
2024-08-01	2.0	3.3748772818155364
2024-08-01	8.0	2.8193994573137084
2024-08-01	4.0	7.974273488175159
2024-08-01	0.0	0.00763476763860203
2024-08-01	12.0	6.982725208298912
2024-08-01	0.0	0.375620523529494
2024-08-01	14.0	13.453950850524901
2024-08-01	0.0	0.2685784552771643
2024-08-01	2.0	1.874963737168197
2024-08-01	1.0	4.368968640503006
2024-08-01	8.0	10.383733642197496
2024-08-01	8.0	11.576266201147554
2024-08-01	0.0	0.06014904219994546
2024-08-01	2.0	3.102454456646578
2024-08-01	0.0	3.3164109355130256
2024-08-01	5.0	2.414252780976383
2024-08-01	3.0	2.0221200741894814
2024-08-01	37.5	27.00743370882011
2024-08-01	0.0	0.20651872894021306
2024-08-01	1.0	1.840145638901152
2024-08-01	1.0	3.048100248171756
2024-08-01	10.0	3.108435901243401
2024-08-01	37.5	32.5284588096229
2024-08-01	17.0	23.710248733753893
2024-08-01	37.5	23.52685878940822
2024-08-01	4.0	3.653938747699842
2024-08-01	2.0	3.800958358075105
2024-08-01	37.5	27.97281702792688
2024-08-01	0.0	0.18338849510476232
2024-08-01	6.0	4.24977418046361
2024-08-01	3.0	4.748789433916178
2024-08-01	0.0	0.2125311182281852
2024-08-01	24.0	8.244867757433955
2024-08-01	0.0	0.0361564737951199
2024-08-01	8.0	4.587755341566006
2024-08-01	37.5	32.38313353249979
2024-08-01	2.0	2.8641532894260826
2024-08-01	0.0	0.03889867709919989
2024-08-01	3.0	4.85154515572544
2024-08-01	37.5	15.18784409949915
2024-08-01	37.5	31.35497003034201
2024-08-01	5.0	2.9034029863315456
2024-08-01	1.0	5.146385451184644
2024-08-01	11.0	24.950933563765844
2024-08-01	4.0	3.478049043663785
2024-08-01	37.5	23.206142720133037
2024-08-01	5.0	7.916580601472008
2024-08-01	3.0	2.7798672859116618
2024-08-01	8.0	8.205298598284443
2024-08-01	0.0	3.3177649767365063
2024-08-01	3.0	2.6715521856506625
2024-08-01	12.0	28.654910695013164
2024-08-01	1.0	11.141989226517188
2024-08-01	3.0	4.222827440650037
2024-08-01	2.0	2.4291580606414085
2024-08-01	0.0	0.30669628277338173
2024-08-01	0.0	0.004791355789103274
2024-08-01	6.0	4.869185924594508
2024-08-01	0.0	0.016346080933293653
2024-08-01	0.0	0.9958788072976454
2024-08-01	16.0	5.442546739200423
2024-08-01	0.0	0.49697918494569926
2024-08-01	33.0	21.746241198564377
2024-08-01	37.5	23.40134690266919
2024-08-01	3.0	1.5709976390898985
2024-08-01	1.0	5.1559350697638076
2024-08-01	1.0	2.823806865909665
2024-08-01	0.0	0.04317675333159203
2024-08-01	2.0	3.077655096324659
2024-08-01	2.0	9.861468594231349
2024-08-01	0.0	0.014955868578209137
2024-08-01	0.0	0.26260946144658703
2024-08-01	17.0	12.169375425658687
2024-08-01	0.0	0.08062299782845639
2024-08-01	17.0	15.231306543059858
2024-08-01	37.5	30.173041738363814
2024-08-01	37.5	24.31410404537226
2024-08-01	7.0	8.461069438541886
2024-08-01	2.0	1.7323166245528283
2024-08-01	14.0	19.8564824242219
2024-08-01	30.0	25.282834715525443
2024-08-01	7.0	24.435302711692685
2024-08-01	18.0	19.18971094322675
2024-08-01	2.0	3.4160239955160048
2024-08-01	18.0	7.1327230405438735
2024-08-01	1.0	2.9690181344794944
2024-08-01	1.0	4.012038308399184
2024-08-01	37.5	32.03389092298271
2024-08-01	0.0	0.025491991252971375
2024-08-01	3.0	2.0762243580163107
2024-08-01	37.5	36.7453551276264
2024-08-01	0.0	0.017606789289854135
2024-08-01	6.0	13.507052622651347
2024-08-01	4.0	4.488074435915407
2024-08-01	0.0	2.4367921392738463
2024-08-01	7.0	5.3655569445024955
2024-08-01	15.0	24.070721550078
2024-08-01	0.0	0.019751399046900233
2024-08-01	1.0	4.8023576095366085
2024-08-01	3.0	4.038135814139226
2024-08-01	0.0	0.013899906439117676
2024-08-01	9.0	3.6341874005677015
2024-08-01	0.0	0.07103085961959142
2024-08-01	1.0	3.1411456675524887
2024-08-01	5.0	21.159657597806675
2024-08-01	0.0	0.126781705939657
2024-08-01	0.0	0.0244732983470062
2024-08-01	2.0	3.1328407223055925
2024-08-01	6.0	1.6155632158394186
2024-08-01	6.0	2.6636010747048378
2024-08-01	1.0	7.141924733773839
2024-08-01	0.0	0.12101129651741702
2024-08-01	0.0	0.0506982625482523
2024-08-01	3.0	2.221413830597669
2024-08-01	4.0	3.071475147171429
2024-08-01	37.5	19.929232678330177
2024-08-01	0.0	0.01414989323995381
2024-08-01	3.0	1.691667198310751
2024-08-01	1.0	1.8893201719206654
2024-08-01	37.5	6.212531181258371
2024-08-01	22.0	22.577516793717976
2024-08-01	2.0	4.753877894919074
2024-08-01	23.0	14.581390922611307
2024-08-01	0.0	0.2601968485798623
2024-08-01	7.0	23.69957545630332
2024-08-01	9.0	7.815815254634958
2024-08-01	0.0	1.3053818185107706
2024-08-01	23.0	9.741848873897366
2024-08-01	0.0	0.033832464395204084
2024-08-01	0.0	0.08000246422832681
2024-08-01	1.0	4.489314739534892
2024-08-01	1.0	4.601918773528067
2024-08-01	0.0	0.8244587292551118
2024-08-01	37.5	28.956928541343572
2024-08-01	37.5	25.261554325685452
2024-08-01	0.0	0.01308303069028468
2024-08-01	2.0	2.9991264158952244
2024-08-01	8.0	9.124436277865037
2024-08-01	6.0	8.754731890696398
2024-08-01	2.0	4.4630194487847215
2024-08-01	26.0	31.549584595109305
2024-08-01	4.0	5.814774225245163
2024-08-01	16.0	8.683629439315412
2024-08-01	2.0	5.503070520547309
2024-08-01	0.0	0.24291098380746654
2024-08-01	12.0	17.8941597581476
2024-08-01	0.0	0.8414849032679595
2024-08-01	37.5	30.631936037282053
2024-08-01	2.0	9.328454778453024
2024-08-01	1.0	4.18801221777714
2024-08-01	0.0	0.01904192571993399
2024-08-01	2.0	17.848167619623446
2024-08-01	27.0	27.35178554271492
2024-08-01	0.0	0.09829208675376702
2024-08-01	1.0	2.768446086482289
2024-08-01	37.5	22.077967721813494
2024-08-01	12.0	10.837239797554762
2024-08-01	0.0	0.03745343009426205
2024-08-01	1.0	1.6374882148161343
2024-08-01	2.0	1.6572522510974672
2024-08-01	0.0	0.03417832679697818
2024-08-01	7.0	4.514077208642849
2024-08-01	36.0	32.15182890590548
2024-08-01	37.5	24.981570217621734
2024-08-01	37.5	29.31597456324907
2024-08-01	12.0	7.802889534493428
2024-08-01	1.0	1.923246044008915
2024-08-01	0.0	0.07472683156040674
2024-08-01	0.0	0.14001054593927137
2024-08-01	0.0	0.036573486526549556
2024-08-01	4.0	4.6831318552747
2024-08-01	37.5	32.52384357147659
2024-08-01	0.0	0.14841741846425133
2024-08-01	1.0	4.430041001234679
2024-08-01	3.0	2.3804643408877784
2024-08-01	1.0	1.5647936355502965
2024-08-01	1.0	2.1805259684044067
2024-08-01	0.0	0.1294634112932635
2024-08-01	0.0	0.029617715928286843
2024-08-01	34.0	27.662279066797296
2024-08-01	0.0	1.1541767703593993
2024-08-01	37.5	30.220240001791776
2024-08-01	1.0	2.5103791573129297
2024-08-01	13.0	6.660287554390207
2024-08-01	3.0	2.843660435647749
2024-08-01	1.0	2.0215558371252826
2024-08-01	0.0	0.13955555837658812
2024-08-01	12.0	10.540525491583981
2024-08-01	37.5	29.02441634866122
2024-08-01	1.0	2.363429775716758
2024-08-01	37.5	25.369940372313835
2024-08-01	37.5	27.39523501510341
2024-08-01	3.0	2.811772617922335
2024-08-01	37.5	25.700475210943853
2024-08-01	2.0	1.7999595281340772
2024-08-01	4.0	5.113440321815906
2024-08-01	15.0	10.48301936671901
2024-08-01	1.0	3.3427100207034677
2024-08-01	0.0	0.15871713269978038
2024-08-01	37.5	34.244503494721705
2024-08-01	0.0	0.21699713666558096
2024-08-01	16.0	10.72004573454037
2024-08-01	0.0	0.12180437758371263
2024-08-01	3.0	6.432421236344846
2024-08-01	3.0	6.980221109644868
2024-08-01	1.0	6.321430087851327
2024-08-01	5.0	2.31619718117421
2024-08-01	0.0	0.20246537038349105
2024-08-01	0.0	0.0031956809561163677
2024-08-01	8.0	7.326161208755289
2024-08-01	2.0	3.363747988772011
2024-08-01	1.0	0.6667013843228986
2024-08-01	37.5	29.54496082445629
2024-08-01	3.0	2.919846424053173
2024-08-01	19.0	18.85920363579909
2024-08-01	18.0	13.37168743634101
2024-08-01	37.5	20.41448427467159
2024-08-01	0.0	0.007038441730258795
2024-08-01	37.5	26.797502986439653
2024-08-01	0.0	2.9713684520459616
2024-08-01	8.0	8.953921903223987
2024-08-01	2.0	3.334749170912814
2024-08-01	3.0	2.432757919898254
2024-08-01	4.0	12.092652259366805
2024-08-01	13.0	12.314235943513841
2024-08-01	23.0	20.18848712562997
2024-08-01	0.0	0.19714146495503415
2024-08-01	1.0	1.936177813510115
2024-08-01	37.0	32.69001186427021
2024-08-01	6.0	27.106804047383235
2024-08-01	5.0	2.9365829301740805
2024-08-01	28.0	28.502289660245857
2024-08-01	1.0	3.763935591613196
2024-08-01	37.5	30.31529729137473
2024-08-01	0.0	0.4080121011509603
2024-08-01	0.0	0.04314772663426858
2024-08-01	0.0	0.12503811746827262
2024-08-01	26.0	18.296198239629692
2024-08-01	0.0	0.12622533216462917
2024-08-01	0.0	3.0115249204481427
2024-08-01	0.0	0.526951815577861
2024-08-01	6.0	8.89574943446532
2024-08-01	1.0	3.385009481251668
2024-08-01	8.0	11.321594687250244
2024-08-01	1.0	4.210096245699723
2024-08-01	1.0	3.366161352196453
2024-08-01	0.0	0.6299073910331107
2024-08-01	0.0	0.02102689779102629
2024-08-01	23.0	29.52497370822624
2024-08-01	8.0	2.8311547769101217
2024-08-01	0.0	0.9633306208479621
2024-08-01	10.0	4.350112605206694
2024-08-01	1.0	3.6866314501594393
2024-08-01	1.0	2.451322223017312
2024-08-01	31.0	30.04396000000229
2024-08-01	37.5	29.55941068514224
2024-08-01	0.0	0.017562695019615333
2024-08-01	4.0	5.230205451527052
2024-08-01	24.0	20.13017369883499
2024-08-01	5.0	4.941453927395578
2024-08-01	0.0	0.11646853721294358
2024-08-01	6.0	8.129095637087806
2024-08-01	4.0	4.9197709731500625
2024-08-01	6.0	7.086645157522577
2024-08-01	9.0	11.894993971653214
2024-08-01	37.5	28.171492427338276
2024-08-01	4.0	5.472119329830442
2024-08-01	0.0	0.7102472285893748
2024-08-01	3.0	2.2475738573711137
2024-08-01	12.0	10.574358159352622
2024-08-01	37.5	31.096199491644413
2024-08-01	6.0	3.5306385968311913
2024-08-01	6.0	6.92395835739906
2024-08-01	12.0	6.325566221559096
2024-08-01	0.0	0.13802159331333855
2024-08-01	8.0	5.20964324481848
2024-08-01	2.0	2.3244715355729566
2024-08-01	0.0	0.09548230379743144
2024-08-01	3.0	12.406236180151511
2024-08-01	1.0	3.7867453802794295
2024-08-01	2.0	2.3549327339018973
2024-08-01	13.0	6.568216603074079
2024-08-01	6.0	6.732098069146473
2024-08-01	0.0	0.06254377178610827
2024-08-01	37.5	25.808982676669277
2024-08-01	34.0	19.3454319861965
2024-08-01	24.0	17.880327907367132
2024-08-01	1.0	2.0421595493057794
2024-08-01	0.0	0.005503581723302931
2024-08-01	3.0	30.52966565735546
2024-08-01	3.0	3.9013444034039337
2024-08-01	0.0	0.5273241148859374
2024-08-01	1.0	4.359568347746722
2024-08-01	0.0	0.10538931926131623
2024-08-01	6.0	2.9785067077884975
2024-08-01	27.0	23.219116698520054
2024-08-01	16.0	21.947095785897098
2024-08-01	2.0	10.942088513194669
2024-08-01	16.0	30.45696835621178
2024-08-01	11.0	25.788836659029403
2024-08-01	0.0	0.03684915435346114
2024-08-01	0.0	0.036491540163847355
2024-08-01	1.0	4.286390370143417
2024-08-01	2.0	4.286779797222414
2024-08-01	13.0	7.654192675858287
2024-08-01	37.5	24.355771672009187
2024-08-01	37.5	18.376212815243665
2024-08-01	13.0	21.456750629862576
2024-08-01	14.0	12.555656072627226
2024-08-01	5.0	2.383923733967071
2024-08-01	0.0	0.024519500208778997
2024-08-01	3.0	1.9755534079530146
2024-08-01	5.0	29.653761781112276
2024-08-01	8.0	2.630893450398876
2024-08-01	9.0	23.214443758445274
2024-08-01	0.0	0.165889295395395
2024-08-01	0.0	0.08474195192847726
2024-08-01	2.0	2.3536986163287557
2024-08-01	15.0	27.92014098922184
2024-08-01	1.0	3.582968821570252
2024-08-01	37.5	20.519194043114187
2024-08-01	2.0	2.5028769528168624
2024-08-01	0.0	0.03907666005848136
2024-08-01	37.0	24.985933392799343
2024-08-01	0.0	0.004168374470582425
2024-08-01	13.0	6.761778110175698
2024-08-01	4.0	5.6881851715724485
2024-08-01	35.0	2.966843338887223
2024-08-01	3.0	6.586482250231354
2024-08-01	0.0	0.8821098604247348
2024-08-01	4.0	1.6588663321138348
2024-08-01	0.0	0.8205633996258348
2024-08-01	30.0	7.806462719235202
2024-08-01	8.0	5.347155308934501
2024-08-01	19.0	9.07988482794156
2024-08-01	32.0	28.260329249862266
2024-08-01	4.0	8.366281652124616
2024-08-01	6.0	7.624192433895454
2024-08-01	3.0	4.946833037136671
2024-08-01	4.0	4.957562613003293
2024-08-01	24.0	29.24699812791915
2024-08-01	37.5	31.939544442271462
2024-08-01	0.0	0.013406295382370282
2024-08-01	10.0	14.699821037245554
2024-08-01	0.0	0.9927272715005795
2024-08-01	1.0	2.257351999291349
2024-08-01	37.5	18.82910578117068
2024-08-01	1.0	2.484103540226176
2024-08-01	4.0	5.777893729734613
2024-08-01	4.0	4.102986826802802
2024-08-01	5.0	2.562733489199495
2024-08-01	37.5	34.7951123519413
2024-08-01	0.0	10.579199275505644
2024-08-01	0.0	0.12431057945134963
2024-08-01	37.5	30.671111139397
2024-08-01	8.0	3.4047692239644816
2024-08-01	6.0	3.112704974094024
2024-08-01	0.0	0.1723002404471116
2024-08-01	2.0	5.4050453279156105
2024-08-01	0.0	0.5796208547116277
2024-08-01	18.0	26.58486677724875
2024-08-01	0.0	0.041368497340562554
2024-08-01	1.0	4.327078257979324
2024-08-01	23.0	17.617794261927443
2024-08-01	2.0	7.793351027139133
2024-08-01	5.0	4.313248200310992
2024-08-01	8.0	2.526540511449373
2024-08-01	5.0	5.382026967535796
2024-08-01	3.0	2.445615548717875
2024-08-01	5.0	2.761663652948883
2024-08-01	5.0	4.3015440331751895
2024-08-01	0.0	0.18591904765133752
2024-08-01	0.0	0.029217536650544836
2024-08-01	0.0	0.040702273428118996
2024-08-01	2.0	3.4414022071290917
2024-08-01	0.0	0.006065528795645101
2024-08-01	2.0	13.341305649373021
2024-08-01	0.0	0.0653517568157231
2024-08-01	0.0	0.02971165077014314
2024-08-01	3.0	4.683830350028897
2024-08-01	1.0	3.306219462854422
2024-08-01	31.0	11.446939689198047
2024-08-01	22.0	5.250975479620355
2024-08-01	4.0	5.755951503916646
2024-08-01	37.5	31.682777833305508
2024-08-01	37.5	29.66806390634218
2024-08-01	37.5	33.27295881618632
2024-08-01	37.5	25.949095989307004
2024-08-01	0.0	0.03859856853728542
2024-08-01	23.0	22.987941264296875
2024-08-01	37.5	32.431188198353205
2024-08-01	1.0	3.3798724867433165
2024-08-01	31.0	24.972324289351633
2024-08-01	9.0	13.25253343982079
2024-08-01	21.0	14.594765626748316
2024-08-01	0.0	5.997990866323217
2024-08-01	0.0	10.636013940865311
2024-08-01	37.5	37.63408427950981
2024-08-01	21.0	6.009081052426384
2024-08-01	37.5	31.34306537026199
2024-08-01	37.5	32.01717476578615
2024-08-01	0.0	0.410616890598438
2024-08-01	0.0	0.5433699603288755
2024-08-01	11.0	11.405970595418797
2024-08-01	0.0	0.2250406293678849
2024-08-01	5.0	1.7791640586310384
2024-08-01	8.0	10.619654781694278
2024-08-01	37.5	30.8457096177739
2024-08-01	27.0	27.83246606933487
2024-08-01	0.0	0.11945882931317128
2024-08-01	13.0	9.340616904541196
2024-08-01	37.5	36.7351233733108
2024-08-01	1.0	9.305306393548417
2024-08-01	8.0	13.154206858429353
2024-08-01	6.0	1.8744110710181412
2024-08-01	0.0	0.16416887608434963
2024-08-01	1.0	1.503723828827137
2024-08-01	8.0	10.372848491215382
2024-08-01	6.0	4.7584065896128225
2024-08-01	37.5	32.393892572267134
2024-08-01	37.5	33.975225809959504
2024-08-01	10.0	10.254558618234208
2024-08-01	21.0	15.349482570635328
2024-08-01	1.0	4.216740745090699
2024-08-01	0.0	1.0766212169356213
2024-08-01	0.0	0.03320828942145762
2024-08-01	1.0	2.7838403376983165
2024-08-01	0.0	0.05422936090041633
2024-08-01	37.5	34.519012261191165
2024-08-01	3.0	3.228929609191571
2024-08-01	24.0	5.0170504177199415
2024-08-01	2.0	5.399747660523675
2024-08-01	0.0	3.0957056082140633
2024-08-01	4.0	10.2608675954067
2024-08-01	32.0	18.693513494877397
2024-08-01	5.0	14.969372300082044
2024-08-01	4.0	6.366650794693297
2024-08-01	1.0	3.6698868172181145
2024-08-01	3.0	4.908348279017928
2024-08-01	1.0	3.974652157391228
2024-08-01	0.0	0.09780914792225164
2024-08-01	0.0	0.08078830893289599
2024-08-01	37.5	23.530677308686755
2024-08-01	37.5	11.420915173886627
2024-08-01	4.0	5.726478672099708
2024-08-01	1.0	2.2182385309980837
2024-08-01	2.0	3.164885159722528
2024-08-01	0.0	0.04923250701836172
2024-08-01	0.0	0.7978539691161985
2024-08-01	37.5	32.314149069392684
2024-08-01	3.0	10.055414128198056
2024-08-01	0.0	0.2423060097605325
2024-08-01	3.0	7.2929702185586365
2024-08-01	0.0	0.017073688664407193
2024-08-01	4.0	6.57952546462165
2024-08-01	37.5	32.44134075238079
2024-08-01	0.0	0.7150997185742449
2024-08-01	3.0	2.0956032656118846
2024-08-01	0.0	0.024826894664859763
2024-08-01	0.0	0.7147097932374984
2024-08-01	2.0	2.8281068378679715
2024-08-01	37.5	32.56897880108179
2024-08-01	0.0	0.18440372310919073
2024-08-01	5.0	4.782292015605336
2024-08-01	10.0	5.4168719240955125
2024-08-01	37.5	23.940734612344297
2024-08-01	4.0	4.71692099192435
2024-08-01	0.0	0.02607872087030635
2024-08-01	0.0	3.127364393516772
2024-08-01	9.0	8.162996727003161
2024-08-01	5.0	6.209004405375174
2024-08-01	1.0	2.5450063187534124
2024-08-01	0.0	2.3608520538005147
2024-08-01	0.0	0.572093938885354
2024-08-01	4.0	2.7409257987504088
2024-08-01	28.0	28.194126150879246
2024-08-01	3.0	2.0149266370394776
2024-08-01	0.0	0.7336654037953224
2024-08-01	35.0	22.73454268671916
2024-08-01	33.0	21.54925781999836
2024-08-01	0.0	0.07902611000757737
2024-08-01	37.5	31.21293680427368
2024-08-01	4.0	5.646316610907824
2024-08-01	33.0	29.208683293682352
2024-08-01	0.0	0.070733827512106
2024-08-01	4.0	5.126118873899779
2024-08-01	4.0	3.2828253864401837
2024-08-01	0.0	0.03645079672157871
2024-08-01	2.0	5.276915500363971
2024-08-01	28.0	11.94238396461859
2024-08-01	2.0	6.740801413103679
2024-08-01	2.0	8.955526599511277
2024-08-01	0.0	0.00428881216432519
2024-08-01	33.0	10.249873269709651
2024-08-01	2.0	4.806160319198279
2024-08-01	37.5	37.2482202438076
2024-08-01	1.0	1.623806828165979
2024-08-01	37.5	25.205290036271126
2024-08-01	1.0	2.727171845427471
2024-08-01	5.0	10.818544806474549
2024-08-01	9.0	6.442891575396509
2024-08-01	0.0	3.5798834931475705
2024-08-01	0.0	0.16986260887242985
2024-08-01	0.0	0.488025375697935
2024-08-01	1.0	1.2895136462976107
2024-08-01	30.0	22.124907573691114
2024-08-01	9.0	5.422261208134454
2024-08-01	37.5	37.0250148981257
2024-08-01	12.0	9.247868420691972
2024-08-01	0.0	0.421334088096135
2024-08-01	8.0	8.546209503210878
2024-08-01	17.0	15.008427310509722
2024-08-01	11.0	10.297349416578667
2024-08-01	23.0	10.277257304782616
2024-08-01	3.0	4.554509645948461
2024-08-01	3.0	1.813962201967514
2024-08-01	27.0	28.997547060128355
2024-08-01	0.0	0.04696018539960753
2024-08-01	1.0	3.395549676493581
2024-08-01	14.0	25.228319892839902
2024-08-01	37.5	34.85283863860686
2024-08-01	0.0	0.017397203207390226
2024-08-01	0.0	0.036029239025886575
2024-08-01	37.5	37.19530139242608
2024-08-01	3.0	3.3227381446380035
2024-08-01	9.0	3.366372578457856
2024-08-01	0.0	1.1805646587060794
2024-08-01	18.0	12.430104038470486
2024-08-01	37.5	29.487430333323626
2024-08-01	7.0	12.882980336896507
2024-08-01	0.0	0.11424298314292727
2024-08-01	0.0	1.1984465199219996
2024-08-01	37.5	3.2259591158901846
2024-08-01	29.0	14.805111022023521
2024-08-01	0.0	0.09191265647443987
2024-08-01	1.0	2.4188850773569106
2024-08-01	11.0	9.738915799227502
2024-08-01	4.0	4.4484402060091845
2024-08-01	1.0	1.822932324075702
2024-08-01	1.0	3.1411073828311484
2024-08-01	2.0	5.213056148625702
2024-08-01	4.0	5.031943116138738
2024-08-01	1.0	3.084049634675083
2024-08-01	23.0	17.668664149236694
2024-08-01	0.0	0.050959930055461455
2024-08-01	0.0	0.43590181722854465
2024-08-01	1.0	2.4309276671890476
2024-08-01	0.0	4.813092310130462
2024-08-01	37.5	20.651847508465934
2024-08-01	37.5	27.07812694400515
2024-08-01	11.0	8.127537615979154
2024-08-01	0.0	0.532758815913082
2024-08-01	0.0	0.055286822776757144
2024-08-01	21.0	9.751293740148316
2024-09-01	0.0	0.7042704550599258
2024-09-01	3.0	12.906013960329343
2024-09-01	0.0	7.687135657999018
2024-09-01	0.0	0.007242242651520712
2024-09-01	0.0	0.010001129404853808
2024-09-01	23.0	29.63258729899569
2024-09-01	0.0	0.14003157745280004
2024-09-01	1.0	2.3120402638645725
2024-09-01	1.0	8.756222716448736
2024-09-01	0.0	0.011313663681571114
2024-09-01	0.0	10.243233114090664
2024-09-01	3.0	9.757088976047301
2024-09-01	1.0	20.520352587992896
2024-09-01	0.0	0.11852196428540378
2024-09-01	11.0	37.33839869791546
2024-09-01	2.0	32.809501339317016
2024-09-01	0.0	1.5157192987878907
2024-09-01	0.0	1.1152471122593017
2024-09-01	1.0	3.405728236361584
2024-09-01	0.0	0.005939043723712856
2024-09-01	15.0	32.21384584199083
2024-09-01	0.0	0.6953191490625804
2024-09-01	2.0	9.567103452764618
2024-09-01	0.0	0.45714499006371706
2024-09-01	1.0	4.968559186197731
2024-09-01	6.0	5.28225954607912
2024-09-01	0.0	0.06641111224264247
2024-09-01	4.0	4.0340462554909475
2024-09-01	2.0	15.430981469059722
2024-09-01	9.0	17.36186726852587
2024-09-01	2.0	5.352748572252342
2024-09-01	0.0	0.0035851675574279105
2024-09-01	0.0	0.045755890953004044
2024-09-01	0.0	4.101778370814874
2024-09-01	10.0	19.416402554492933
2024-09-01	4.0	4.80351247151389
2024-09-01	0.0	0.12492058860283145
2024-09-01	0.0	5.9701667068164035
2024-09-01	3.0	6.5732522013300345
2024-09-01	4.0	9.469027602091828
2024-09-01	13.0	34.24992346080092
2024-09-01	0.0	10.183018632925204
2024-09-01	0.0	31.134100130029672
2024-09-01	0.0	0.018827794348839307
2024-09-01	2.0	2.145893828559543
2024-09-01	0.0	0.015224387014022072
2024-09-01	0.0	0.02153665785338354
2024-09-01	0.0	2.022322361439713
2024-09-01	1.0	4.439441568095903
2024-09-01	0.0	0.2687037099192075
2024-09-01	0.0	0.2156479393942629
2024-09-01	0.0	17.52695664244939
2024-09-01	5.0	22.51801387792931
2024-09-01	1.0	5.565445879212344
2024-09-01	0.0	0.026886255281032695
2024-09-01	0.0	0.012777425981031848
2024-09-01	0.0	4.425118171386988
2024-09-01	1.0	31.00377481624622
2024-09-01	0.0	0.5402255566745373
2024-09-01	0.0	0.011614107132491766
2024-09-01	16.0	35.035843740676704
2024-09-01	0.0	0.042566287151583324
2024-09-01	0.0	0.1390448159516411
2024-09-01	0.0	0.02635022212496109
2024-09-01	1.0	7.191697869227869
2024-09-01	10.0	11.290817277255142
2024-09-01	0.0	22.736211958222608
2024-09-01	0.0	0.710360871284358
2024-09-01	1.0	5.605208907691003
2024-09-01	0.0	1.231567687889807
2024-09-01	4.0	6.388134459752601
2024-09-01	0.0	0.27412736305322855
2024-09-01	0.0	2.486723510839502
2024-09-01	1.0	1.9148896537363893
2024-09-01	3.0	7.629602355998283
2024-09-01	2.0	23.011765224207206
2024-09-01	7.0	36.1742326084584
2024-09-01	0.0	0.01920955705944827
2024-09-01	1.0	10.28414403334615
2024-09-01	12.0	20.564300852770725
2024-09-01	0.0	5.388450742765443
2024-09-01	1.0	4.724954685963887
2024-09-01	0.0	0.21113939672894896
2024-09-01	10.0	37.03418507862194
2024-09-01	0.0	0.5528865390348281
2024-09-01	6.0	21.814503591867275
2024-09-01	0.0	0.014909374479612767
2024-09-01	12.0	25.894369287131394
2024-09-01	0.0	0.020359276239366304
2024-09-01	37.5	36.57165291585856
2024-09-01	0.0	4.077697404305473
2024-09-01	0.0	0.16687147282085024
2024-09-01	0.0	0.5846927780941096
2024-09-01	8.0	24.356354543109184
2024-09-01	0.0	0.15451942579276315
2024-09-01	0.0	0.04544804220598606
2024-09-01	1.0	1.7918731666382488
2024-09-01	0.0	1.6758952085785364
2024-09-01	0.0	0.343778440280859
2024-09-01	2.0	12.41056869411958
2024-09-01	10.0	14.031124870788915
2024-09-01	0.0	11.464327792386488
2024-09-01	3.0	8.761279515340343
2024-09-01	5.0	7.540992798233432
2024-09-01	0.0	12.94680221074503
2024-09-01	4.0	2.1056651548879435
2024-09-01	2.0	0.2138058913244721
2024-09-01	1.0	34.172259399820156
2024-09-01	0.0	0.6126840867413845
2024-09-01	8.0	29.415891717809725
2024-09-01	1.0	7.267030980603119
2024-09-01	2.0	6.052487528686884
2024-09-01	5.0	4.278434006505127
2024-09-01	0.0	0.6451614414709341
2024-09-01	3.0	21.395144568796194
2024-09-01	0.0	0.2464182983027329
2024-09-01	4.0	35.2297145136006
2024-09-01	0.0	0.01105808619941697
2024-09-01	0.0	0.0071248218508705155
2024-09-01	0.0	1.4350186375796399
2024-09-01	0.0	0.015288611778281214
2024-09-01	3.0	15.354213521697003
2024-09-01	0.0	0.06075848574810665
2024-09-01	0.0	1.6427657352894405
2024-09-01	0.0	2.7508487644222717
2024-09-01	0.0	0.007431399129786022
2024-09-01	3.0	0.5537009647292367
2024-09-01	0.0	0.1610508981229781
2024-09-01	0.0	0.01109882236224268
2024-09-01	0.0	0.047835022866905774
2024-09-01	0.0	27.547429069870354
2024-09-01	3.0	33.95147114998104
2024-09-01	37.5	33.525124491195704
2024-09-01	7.0	16.407446988245677
2024-09-01	7.0	23.54809966938428
2024-09-01	0.0	31.040920512280543
2024-09-01	0.0	0.021991172756437388
2024-09-01	16.0	34.25174482968006
2024-09-01	0.0	0.043491285618527525
2024-09-01	2.0	4.7559467095382
2024-09-01	0.0	0.7362305322215951
2024-09-01	0.0	6.6680709845076755
2024-09-01	0.0	1.9296753345206077
2024-09-01	0.0	0.1441660132216654
2024-09-01	0.0	0.1383542644146965
2024-09-01	9.0	22.408880498009943
2024-09-01	2.0	13.766256883578492
2024-09-01	0.0	0.0810612608212659
2024-09-01	1.0	1.558633053212533
2024-09-01	0.0	0.01680565684558312
2024-09-01	2.0	3.2104391883584853
2024-09-01	0.0	0.8754578102642179
2024-09-01	1.0	1.6739199417564181
2024-09-01	0.0	0.32350542526705167
2024-09-01	1.0	3.82079874778133
2024-09-01	0.0	0.1648741062153563
2024-09-01	0.0	6.801670994234846
2024-09-01	0.0	0.1014780068221558
2024-09-01	0.0	0.13283180479078263
2024-09-01	0.0	3.4491562008333316
2024-09-01	0.0	0.02634946386691683
2024-09-01	1.0	22.140671094290965
2024-09-01	0.0	0.005174565937031105
2024-09-01	1.0	0.6967513399085715
2024-09-01	11.0	32.5273211051491
2024-09-01	0.0	0.557845760272653
2024-09-01	0.0	0.4423379831762789
2024-09-01	37.5	35.726178001156626
2024-09-01	0.0	4.864584818348296
2024-09-01	0.0	0.007675635693142358
2024-09-01	0.0	1.419015869259446
2024-09-01	0.0	27.15339095467354
2024-09-01	2.0	2.420799631927754
2024-09-01	10.0	12.512456862966578
2024-09-01	3.0	11.453832958605648
2024-09-01	0.0	27.76426081699876
2024-09-01	1.0	13.136561558630298
2024-09-01	0.0	0.11422473647410702
2024-09-01	21.0	35.20876270685477
2024-09-01	0.0	0.03321482186887719
2024-09-01	25.0	33.98734314071659
2024-09-01	13.0	23.221105454779657
2024-09-01	0.0	0.012990177618670157
2024-09-01	5.0	3.9990926920558625
2024-09-01	1.0	1.3175226933574038
2024-09-01	2.0	8.922741229130816
2024-09-01	0.0	0.1184876449798954
2024-09-01	4.0	18.74656828764462
2024-09-01	1.0	18.829266244001094
2024-09-01	1.0	10.845785504465074
2024-09-01	6.0	4.146817665512806
2024-09-01	0.0	0.6919852107868993
2024-09-01	0.0	0.060375927491461284
2024-09-01	0.0	0.193980229713349
2024-09-01	1.0	2.108839749303037
2024-09-01	5.0	14.615054769201071
2024-09-01	0.0	0.020217762484665287
2024-09-01	0.0	0.03401450303085614
2024-09-01	0.0	1.729254981141199
2024-09-01	0.0	0.02342869805710214
2024-09-01	0.0	1.0036421109764133
2024-09-01	0.0	0.046634886834791826
2024-09-01	0.0	1.2323074330045571
2024-09-01	2.0	2.5287067057525983
2024-09-01	28.0	35.516382146070875
2024-09-01	0.0	0.24910792730183332
2024-09-01	0.0	5.63279445151733
2024-09-01	0.0	0.022148277341786766
2024-09-01	0.0	0.008161405831255863
2024-09-01	37.5	35.500776093562756
2024-09-01	0.0	0.06150862359242369
2024-09-01	1.0	8.974473452506613
2024-09-01	0.0	0.15677223197569526
2024-09-01	1.0	4.127798883451533
2024-09-01	6.0	2.5239087323676874
2024-09-01	0.0	0.07130980615106267
2024-09-01	0.0	0.10337681783270557
2024-09-01	7.0	35.72359170751733
2024-09-01	0.0	5.660037070430734
2024-09-01	0.0	11.423541475045518
2024-09-01	0.0	0.05202295475364088
2024-09-01	0.0	0.007183451856975601
2024-09-01	0.0	7.315332210237865
2024-09-01	0.0	0.15292436364110223
2024-09-01	0.0	0.03387756712871692
2024-09-01	0.0	1.6284409716167931
2024-09-01	5.0	9.417696886887821
2024-09-01	0.0	7.063366193669942
2024-09-01	0.0	0.017161963095575387
2024-09-01	0.0	0.015896334113992685
2024-09-01	5.0	2.1708057650684647
2024-09-01	0.0	0.48162375486525644
2024-09-01	15.0	28.0794229130135
2024-09-01	1.0	3.3712144378653353
2024-09-01	0.0	0.20061470527855774
2024-09-01	1.0	4.02706797008622
2024-09-01	0.0	0.03396036689576669
2024-09-01	0.0	8.724737164996863
2024-09-01	0.0	0.8207069391797801
2024-09-01	1.0	3.837746388288794
2024-09-01	23.0	19.12513549336917
2024-09-01	15.0	33.381433016837576
2024-09-01	0.0	0.20344489624200504
2024-09-01	0.0	0.007492354599768113
2024-09-01	0.0	0.034889840893224236
2024-09-01	0.0	5.186640538788108
2024-09-01	0.0	0.0879893811333424
2024-09-01	0.0	0.5156969594140102
2024-09-01	0.0	0.13948429787540273
2024-09-01	2.0	20.205890568384135
2024-09-01	1.0	1.465466991773703
2024-09-01	1.0	1.99916592763927
2024-09-01	0.0	0.685277101499037
2024-09-01	0.0	0.016667665843496667
2024-09-01	6.0	24.118358065139
2024-09-01	37.5	34.12768360499605
2024-09-01	0.0	1.4708291882426991
2024-09-01	30.0	35.04048912980138
2024-09-01	2.0	2.0769787387461167
2024-09-01	7.0	23.139966396839878
2024-09-01	1.0	1.887609740860847
2024-09-01	11.0	6.871039985969864
2024-09-01	0.0	0.3635932246465549
2024-09-01	0.0	0.009230707218216488
2024-09-01	0.0	0.0259302753635031
2024-09-01	0.0	9.748302535024552
2024-09-01	0.0	0.5943866556679203
2024-09-01	14.0	34.48454380809245
2024-09-01	0.0	0.02987388675316372
2024-09-01	9.0	32.170273837535106
2024-09-01	0.0	0.01668098496720725
2024-09-01	0.0	0.010830572954003068
2024-09-01	0.0	1.2369543721141212
2024-09-01	0.0	0.016792120284869094
2024-09-01	3.0	21.705778255777577
2024-09-01	2.0	4.441479921181982
2024-09-01	8.0	27.570540614736675
2024-09-01	9.0	28.848023972588614
2024-09-01	0.0	0.004154379260545022
2024-09-01	0.0	0.08005259700948719
2024-09-01	0.0	29.646148229389023
2024-09-01	0.0	0.00815151096141298
2024-09-01	5.0	16.38855425213172
2024-09-01	0.0	1.406577775805367
2024-09-01	1.0	5.010859632617597
2024-09-01	0.0	3.732737561747996
2024-09-01	4.0	15.173388810573632
2024-09-01	0.0	0.16102924975765429
2024-09-01	0.0	0.012944300866550974
2024-09-01	3.0	33.853778537629836
2024-09-01	0.0	0.007596413715386523
2024-09-01	0.0	1.6917081491708998
2024-09-01	2.0	3.0792167250713582
2024-09-01	37.5	37.97120498836964
2024-09-01	0.0	1.4099682658415147
2024-09-01	0.0	0.03185935630726916
2024-09-01	0.0	4.609199759642367
2024-09-01	0.0	2.7513243471050473
2024-09-01	0.0	30.306753027297738
2024-09-01	0.0	0.4303681739595592
2024-09-01	0.0	0.6425414269081421
2024-09-01	0.0	0.12028791273571966
2024-09-01	19.0	26.1645384790118
2024-09-01	34.0	32.29800797090782
2024-09-01	2.0	17.123628442343197
2024-09-01	0.0	0.04156047471086743
2024-09-01	37.5	35.466866757537304
2024-09-01	1.0	15.165166642957486
2024-09-01	1.0	6.931598934611097
2024-09-01	0.0	0.3132779763964909
2024-09-01	0.0	1.4929581552179438
2024-09-01	0.0	7.676165027289973
2024-09-01	3.0	7.4117166814782784
2024-09-01	5.0	19.21910055143115
2024-09-01	0.0	0.37660894530271893
2024-09-01	0.0	18.209349815378598
2024-09-01	0.0	0.036144838232971634
2024-09-01	0.0	0.017134412579119948
2024-09-01	0.0	0.017499625499415066
2024-09-01	0.0	0.6312092514045324
2024-09-01	1.0	2.6163380740595428
2024-09-01	0.0	0.21127567025100252
2024-09-01	0.0	0.10145653833304083
2024-09-01	0.0	0.15449509547240858
2024-09-01	0.0	4.807358902602551
2024-09-01	0.0	0.012851604118269938
2024-09-01	0.0	2.137177268468844
2024-09-01	25.0	34.620513525678334
2024-09-01	1.0	18.07870646708022
2024-09-01	4.0	3.783850937285295
2024-09-01	0.0	0.022492340578508106
2024-09-01	1.0	7.478537486699901
2024-09-01	37.5	37.487921304521066
2024-09-01	0.0	0.005553335572549945
2024-09-01	0.0	0.07289715874526329
2024-09-01	0.0	0.012184487020420472
2024-09-01	0.0	1.466944531158312
2024-09-01	3.0	5.943263053265521
2024-09-01	0.0	1.1995614230197462
2024-09-01	1.0	10.340430584919531
2024-09-01	0.0	0.1878268898616012
2024-09-01	0.0	0.007033416979318936
2024-09-01	0.0	0.04845482097659455
2024-09-01	1.0	3.07887913331039
2024-09-01	0.0	0.007700057160895193
2024-09-01	0.0	0.851185163608467
2024-09-01	37.5	36.55087449452546
2024-09-01	0.0	1.0473125551663731
2024-09-01	0.0	0.00344482184060692
2024-09-01	0.0	0.013368212118887599
2024-09-01	2.0	5.329609507415548
2024-09-01	1.0	2.840613279556783
2024-09-01	1.0	0.1528022314191854
2024-09-01	1.0	3.737045195153855
2024-09-01	0.0	0.026746530775209318
2024-09-01	0.0	8.426890942640194
2024-09-01	0.0	0.40779485782292263
2024-09-01	0.0	14.880006806239518
2024-09-01	0.0	0.013450151517993284
2024-09-01	0.0	0.0032715414936527244
2024-09-01	0.0	0.04540928258971676
2024-09-01	0.0	0.016077156042588272
2024-09-01	0.0	4.568183684308
2024-09-01	1.0	10.00192618262393
2024-09-01	0.0	0.3219490338997651
2024-09-01	0.0	0.013012805876811685
2024-09-01	8.0	22.17317611957224
2024-09-01	0.0	0.1834743684096632
2024-09-01	0.0	0.07558871163532888
2024-09-01	1.0	34.97222061020482
2024-09-01	1.0	1.898770389426861
2024-09-01	0.0	12.549241787978039
2024-09-01	0.0	0.02860714047341978
2024-09-01	16.0	35.75844332130835
2024-09-01	18.0	31.879639310669713
2024-09-01	0.0	0.0965549698264075
2024-09-01	1.0	8.110288540866756
2024-09-01	1.0	2.5815844370193197
2024-09-01	0.0	0.23645983197121634
2024-09-01	1.0	9.769161535543452
2024-09-01	8.0	24.467158150995427
2024-09-01	6.0	9.009562186252438
2024-09-01	6.0	7.128368554579435
2024-09-01	0.0	0.14439163481515993
2024-09-01	0.0	0.1502176797122345
2024-09-01	0.0	0.018068344651427502
2024-09-01	0.0	0.018921899483933427
2024-09-01	1.0	3.13689867520266
2024-09-01	2.0	6.201525737905155
2024-09-01	1.0	6.104122001572799
2024-09-01	0.0	0.04551037844153766
2024-09-01	0.0	0.08367894634149287
2024-09-01	9.0	33.86496917655938
2024-09-01	0.0	14.352687895323143
2024-09-01	2.0	4.310456880868799
2024-09-01	0.0	0.0983288285932583
2024-09-01	6.0	15.204019227513196
2024-09-01	0.0	0.10551548781375969
2024-09-01	0.0	0.1894416724185675
2024-09-01	3.0	25.431808362950047
2024-09-01	0.0	0.009758643908382537
2024-09-01	10.0	30.586457074165896
2024-09-01	1.0	3.0050430089696305
2024-09-01	2.0	2.0787802638001427
2024-09-01	0.0	0.394343571746512
2024-09-01	0.0	1.8654952931595068
2024-09-01	0.0	4.958190555184947
2024-09-01	1.0	1.9808082288924211
2024-09-01	0.0	0.010848732029257733
2024-09-01	1.0	2.0681440501018864
2024-09-01	1.0	2.499176815500475
2024-09-01	0.0	0.1710798283664141
2024-09-01	37.5	37.03418507862194
2024-09-01	5.0	15.572839466797323
2024-09-01	0.0	0.45904233473355105
2024-09-01	35.0	36.87377327491002
2024-09-01	0.0	0.05707426348466263
2024-09-01	0.0	0.5788478482900974
2024-09-01	0.0	0.1443784724601964
2024-09-01	37.5	37.745363132539964
2024-09-01	0.0	0.051141744023053694
2024-09-01	0.0	0.0742542638234317
2024-09-01	0.0	0.19070902127516687
2024-09-01	0.0	2.227986957022396
2024-09-01	0.0	1.258361905993636
2024-09-01	0.0	0.40350264637187194
2024-09-01	1.0	5.409140788781505
2024-09-01	3.0	12.700565705286069
2024-09-01	2.0	2.5344280917747306
2024-09-01	0.0	0.015388556215972241
2024-09-01	0.0	0.4412311474224926
2024-09-01	1.0	35.380035827513666
2024-09-01	4.0	19.48332333125499
2024-09-01	2.0	0.2284636252491143
2024-09-01	20.0	28.719563121988866
2024-09-01	0.0	2.8017622713915387
2024-09-01	1.0	14.623991870652619
2024-09-01	2.0	2.6718739562024076
2024-09-01	0.0	0.004177437732596662
2024-09-01	2.0	3.122139158935324
2024-09-01	0.0	0.028304201948481957
2024-09-01	1.0	5.179253820850545
2024-09-01	0.0	2.071103172526945
2024-09-01	3.0	24.90248921373749
2024-09-01	37.5	34.71327332117596
2024-09-01	1.0	5.729227469045185
2024-09-01	0.0	0.032982935761999996
2024-09-01	0.0	0.212762566622881
2024-09-01	1.0	2.746940114885507
2024-09-01	0.0	0.9085616976665141
2024-09-01	9.0	27.37619226169096
2024-09-01	2.0	10.952353210803363
2024-09-01	0.0	0.1098219156903345
2024-09-01	0.0	0.004551998828215194
2024-09-01	0.0	2.8121747655655103
2024-09-01	1.0	4.588275905372695
2024-09-01	0.0	0.046131843890218655
2024-09-01	0.0	5.2517361859749165
2024-09-01	0.0	1.456324478132277
2024-09-01	0.0	0.012904252235620181
2024-09-01	0.0	0.07812935821968148
2024-09-01	0.0	0.02769937943174038
2024-09-01	0.0	0.4633581627796876
2024-09-01	0.0	0.010672505068064681
2024-09-01	1.0	35.84511071524875
2024-09-01	0.0	22.657596548198793
2024-09-01	0.0	0.8053188786035288
2024-09-01	0.0	2.4731989242329693
2024-09-01	0.0	1.1213310804863263
2024-09-01	0.0	0.04159397625535233
2024-09-01	4.0	19.593078971644253
2024-09-01	0.0	3.600880633166266
2024-09-01	0.0	0.010033501483223625
2024-09-01	3.0	17.102391655510317
2024-09-01	0.0	22.469601033557552
2024-09-01	2.0	7.800458099111196
2024-09-01	26.0	35.06473910804442
2024-09-01	36.0	36.03514580928686
2024-09-01	4.0	26.218561147296064
2024-09-01	17.0	35.52147464975197
2024-09-01	0.0	0.24125151667765046
2024-09-01	0.0	2.0618429113503316
2024-09-01	7.0	18.406987249815696
2024-09-01	0.0	0.09115094406452784
2024-09-01	8.0	6.303677242266042
2024-09-01	1.0	35.08957404703034
2024-09-01	0.0	0.022759970033577166
2024-09-01	4.0	33.335775433771055
2024-09-01	0.0	0.09786936496206813
2024-09-01	1.0	5.665837804436109
2024-09-01	3.0	3.9635543549033483
2024-09-01	4.0	31.595993186366435
2024-09-01	0.0	8.745275407415946
2024-09-01	0.0	0.1959421707761549
2024-09-01	1.0	7.8769555007290935
2024-09-01	3.0	10.129069353318279
2024-09-01	5.0	31.792607233672555
2024-09-01	0.0	0.15555535618588268
2024-09-01	0.0	0.07499953549246424
2024-09-01	0.0	0.21510350757005325
2024-09-01	2.0	21.521384946718427
2024-09-01	2.0	7.314737088033543
2024-09-01	0.0	9.131090224400628
2024-09-01	0.0	0.0665217194059414
2024-09-01	13.0	35.36700829397325
2024-09-01	1.0	2.773519982274259
2024-09-01	37.5	36.82130892773544
2024-09-01	2.0	6.82891722654196
2024-09-01	7.0	26.914205767673696
2024-09-01	0.0	2.6983331114562312
2024-09-01	0.0	0.7603634778447692
2024-09-01	0.0	0.12459662141556499
2024-09-01	37.5	35.948315463364324
2024-09-01	0.0	0.011483009081952641
2024-09-01	20.0	31.408585576178265
2024-09-01	2.0	20.256251946377144
2024-09-01	3.0	4.508483208881888
2024-09-01	5.0	17.64105565176296
2024-09-01	0.0	0.0188981098719575
2024-09-01	0.0	0.9617199210609174
2024-09-01	0.0	0.016588397647331225
2024-09-01	3.0	6.156318910468129
2024-09-01	1.0	32.904289831097046
2024-09-01	0.0	0.16109405125037518
2024-09-01	0.0	0.386129498465577
2024-09-01	4.0	17.717270889040364
2024-09-01	12.0	8.005085622880788
2024-09-01	0.0	0.01172641125165084
2024-09-01	1.0	3.9413465621004535
2024-09-01	0.0	4.929223629336955
2024-09-01	4.0	8.160013103877262
2024-09-01	0.0	0.09682463569328237
2024-09-01	0.0	0.012706809699255953
2024-09-01	0.0	2.7402241097612747
2024-09-01	0.0	0.022212263225709114
2024-09-01	0.0	4.2093464748782825
2024-09-01	2.0	9.076954292759295
2024-09-01	2.0	23.7450654486494
2024-09-01	10.0	34.169592733153486
2024-09-01	0.0	0.34203902805633885
2024-09-01	5.0	8.646516096709536
2024-09-01	0.0	2.5818446637772254
2024-09-01	1.0	9.835592384364912
2024-09-01	3.0	33.69405618114425
2024-09-01	0.0	0.1673724341556533
2024-09-01	1.0	4.307413529303199
2024-09-01	0.0	0.1355008001968055
2024-09-01	0.0	0.010991627498640747
2024-09-01	0.0	0.03403574314350951
2024-09-01	0.0	0.23196137365613886
2024-09-01	0.0	2.170353799836818
2024-09-01	0.0	0.43397819653135733
2024-09-01	0.0	1.1834425397889765
2024-09-01	0.0	0.2949670923648249
2024-09-01	10.0	33.52092761181518
2024-09-01	0.0	0.5230389254696992
2024-09-01	1.0	2.371565526504434
2024-09-01	3.0	15.200584973339904
2024-09-01	0.0	0.00999353147961755
2024-09-01	1.0	1.524447418776783
2024-09-01	0.0	6.268208731056097
2024-09-01	0.0	8.167144343738183
2024-09-01	0.0	0.006419312260346123
2024-09-01	0.0	0.012769190191432855
2024-09-01	0.0	0.9225024106080852
2024-09-01	0.0	5.275129312249814
2024-09-01	10.0	23.602668821084407
2024-09-01	1.0	2.4649526033777427
2024-09-01	0.0	0.15423813076160242
2024-09-01	0.0	0.2458408168139951
2024-09-01	0.0	1.218300441343593
2024-09-01	0.0	0.004313444646508809
2024-09-01	0.0	23.904572197514078
2024-09-01	0.0	0.6921242141438569
2024-09-01	20.0	18.075746251334927
2024-09-01	24.0	27.041191112123823
2024-09-01	0.0	1.0031179214003623
2024-09-01	0.0	0.008332527211207804
2024-09-01	17.0	34.047100002368076
2024-09-01	0.0	0.13732893248296732
2024-09-01	1.0	4.1653301151213205
2024-09-01	0.0	0.08527582066543768
2024-09-01	0.0	0.12164238951702866
2024-09-01	0.0	3.184478798342873
2024-09-01	15.0	32.351900517468046
2024-09-01	0.0	0.13502257229175085
2024-09-01	0.0	2.2019055900261426
2024-09-01	0.0	0.04610255069164133
2024-09-01	0.0	0.012814792375048668
2024-09-01	2.0	13.081315419787154
2024-09-01	0.0	0.1027850878506579
2024-09-01	0.0	0.03157509626109618
2024-09-01	2.0	4.0286597861328595
2024-09-01	37.5	37.1499669517937
2024-09-01	0.0	0.011350398567006233
2024-09-01	0.0	0.18790252839705232
2024-09-01	37.5	35.318923395611854
2024-09-01	13.0	34.30637918888208
2024-09-01	1.0	3.772428546768648
2024-09-01	2.0	8.234661896377169
2024-09-01	37.0	36.06224787849462
2024-09-01	1.0	6.903547910449704
2024-09-01	0.0	0.01013984388388825
2024-09-01	0.0	0.00946166079095772
2024-09-01	0.0	0.32142567135660455
2024-09-01	0.0	0.7089118149016274
2024-09-01	0.0	0.017918146992823753
2024-09-01	0.0	2.2724183001320037
2024-09-01	0.0	0.43100223999004106
2024-09-01	11.0	34.65098295239574
2024-09-01	0.0	0.13938294830630357
2024-09-01	1.0	6.354596184637612
2024-09-01	0.0	0.16320351583753678
2024-09-01	0.0	0.0108693539685965
2024-09-01	0.0	0.21762074658874409
2024-09-01	2.0	4.721640708457755
2024-09-01	0.0	0.03178488331693627
2024-09-01	0.0	7.994066036732035
2024-09-01	5.0	36.80979476828806
2024-09-01	2.0	12.323663521052225
2024-09-01	0.0	2.4684349709584748
2024-09-01	37.5	37.87890700788547
2024-09-01	0.0	7.4269375936612425
2024-09-01	3.0	11.441138778010162
2024-09-01	1.0	3.8982804433794915
2024-09-01	0.0	15.958626115180149
2024-09-01	4.0	32.361237770893936
2024-09-01	0.0	2.0696842812667313
2024-09-01	10.0	24.61822889530711
2024-09-01	2.0	10.379147419103067
2024-09-01	0.0	3.7389389227521708
2024-09-01	0.0	0.0031824417465876813
2024-09-01	0.0	0.010161258685122838
2024-09-01	37.5	37.38966133159169
2024-09-01	0.0	0.6022683164829495
2024-09-01	0.0	0.529627319391937
2024-09-01	2.0	4.268738594914094
2024-09-01	16.0	34.077376240902296
2024-09-01	0.0	2.790090469969915
2024-09-01	3.0	8.077715692223785
2024-09-01	0.0	0.23700102726314945
2024-09-01	3.0	2.691123474228227
2024-09-01	0.0	1.2190360720595284
2024-09-01	0.0	0.021054553401955126
2024-09-01	0.0	0.08234422580124724
